<synopsis>
<title>Batman: Rise of Sin Tzu</title>
<developer>Ubisoft Montreal</developer>
<publisher>Ubisoft</publisher>
<features_general>Single-player, Multiplayer, 480p, Dolby 5.1 Surround</features_general>
<features_online/>
<esrb>T</esrb>
<esrb_descriptors>Violence</esrb_descriptors>
<genre>Action, Beat 'em up</genre>
<release_date>16 Oct 2003</release_date>
<rating>6.7</rating>
<platform>GameCube, PlayStation 2, Xbox</platform>
<exclusive>No</exclusive>
<titleid/>
<overview>In Batman: Rise of Sin Tzu, Batman faces a new enemy unlike any he has ever faced before. The faceless foe plunges Gotham City into chaos on the night of the anniversary of Bruce Wayne's parents' murder. Who is responsible for unleashing havoc on Gotham City? The truth will be revealed after you battle evil forces and super-villains, including Bane, Clayface, Scarecrow, and the new formidable foe--Sin Tzu. In addition to Batman's martial arts attacks, Batman has an arsenal including the Batarang, Grappling Hook, and Smoke Bomb.</overview>
</synopsis>
