<synopsis>
<title>Blood Omen 2: Legacy of Kain</title>
<developer>Crystal Dynamics</developer>
<publisher>Eidos Interactive</publisher>
<features_general>Single-player, 480p, Dolby 5.1 Surround</features_general>
<features_online/>
<esrb>M</esrb>
<esrb_descriptors>Blood and Gore, Violence</esrb_descriptors>
<genre>Action Adventure, Horror</genre>
<release_date>19 Mar 2002</release_date>
<rating>7.6</rating>
<platform>Windows PC, PlayStation 2, Xbox</platform>
<exclusive>No</exclusive>
<titleid>4553006</titleid>
<overview>Blood Omen 2 puts you in the role of the vampire Kain as he searches for his slain brethren. You'll move through crowds while cloaked in stealth, feed on the peasant herds, and use mind control to overcome vampire-proof inventions. With each success, you gain dark powers that give you access to treacherous new areas and help you fight stronger enemies. As you develop your vampire skills, you'll unfold the continuing epic of Nosgoth and Kain's attempts to rule over the realm.</overview>
</synopsis>
