<synopsis>
<title>Mojo</title>
<developer>Farsight Technologies</developer>
<publisher>Crave Entertainment</publisher>
<features_general>Single-player, Multiplayer</features_general>
<features_online/>
<esrb>E</esrb>
<esrb_descriptors>No Descriptors</esrb_descriptors>
<genre>Miscellaneous, Puzzle, General </genre>
<release_date>26 Aug 2003</release_date>
<rating>Not Rated</rating>
<platform>PlayStation 2, Xbox</platform>
<exclusive>No</exclusive>
<titleid/>
<overview>Test your mind and reflexes with Mojo's unique chain of puzzles in order to survive to the legendary 100th stage.</overview>
</synopsis>
