<synopsis>
<title>Dynasty Warriors 4</title>
<developer>Omega Force</developer>
<publisher>Koei</publisher>
<features_general>Single-player, co-op Multiplayer, 480p, Dolby 5.1 Surround</features_general>
<features_online/>
<esrb>T</esrb>
<esrb_descriptors>Mild Language, Violence</esrb_descriptors>
<genre>Action, Beat-'Em-Up </genre>
<release_date>30 Sep 2003</release_date>
<rating>7.5</rating>
<platform>PlayStation 2, Xbox</platform>
<exclusive>No</exclusive>
<titleid/>
<overview>The fourth entry in the Dynasty Warriors series puts you in command of huge armies from ancient China. Based on historical battles in China during the Han period, Dynasty Warriors 4 lets you choose from the Wu, Wei, or Shu factions and start a campaign over 50 stages and across 17 unique maps. This time, you can create your own bodyguards and officers and engage in one-on-one duels. Giant siege engines, essential to battlefield victory, include catapults, battering rams, bridge layers, flame-throwing tiger tanks, and more.</overview>
</synopsis>
