<synopsis>
<title>Project Zero (PAL)</title>
<developer/>
<publisher/>
<features_general>Single-player, Dolby 5.1 Surround</features_general>
<features_online/>
<esrb>Not Rated by ESRB</esrb>
<esrb_descriptors>None</esrb_descriptors>
<genre>Action Adventure, Horror</genre>
<release_date>22 Nov 2002</release_date>
<rating>7.7</rating>
<platform>PlayStation 2, Xbox</platform>
<exclusive>No</exclusive>
<titleid/>
<overview>Fatal Frame, titled Zero in Japan and Project Zero in Europe, is a survival horror video game series created and primarily developed by Koei Tecmo (originally Tecmo), and currently co-owned by Koei Tecmo and Nintendo. Debuting in 2001 with the first entry in the series for the PlayStation 2, the series consists of five main entries. The series is set in 1980s Japan, with each entry focusing on a location beset by hostile supernatural events. In each scenario, the characters involved in the present investigation use Camera Obscura, objects created by Dr. Kunihiko Asou that can capture and pacify spirits. The series draws on staple elements of Japanese horror, and is noted for its frequent use of female protagonists.</overview>
</synopsis>
