<synopsis>
<sourcename>Auto Modellista-T</sourcename>
<foldername>Auto Modellista</foldername>
<title>Auto Modellista</title>
<developer>Capcom Production Studio 1</developer>
<publisher>Capcom</publisher>
<features_general>Players 1-2, Dolby Digital</features_general>
<features_online/>
<esrb>E</esrb>
<esrb_descriptors>No Descriptors</esrb_descriptors>
<genre>Driving, Racing, Arcade</genre>
<release_date>21 Jan 2004</release_date>
<rating>5.2</rating>
<platform>GameCube, Online, PlayStation 2, Xbox</platform>
<exclusive>No</exclusive>
<titleid>4343000E</titleid>
<overview>Handle the road like a pro with your own customizable racing machine or your choice of more than 60 top-of-the-line models. Race vehicles from manufacturers, including Toyota, Nissan, Honda, Subaru, and Mitsubishi, against up to eight drivers online or up to two drivers in split-screen mode. You'll tear past spectators, maneuver your way through tight mountain passes, and round each corner of the race track in your dream car at lightning speeds.</overview>
</synopsis>
