<synopsis>
<sourcename>Championship Bowling-MB</sourcename>
<foldername>Championship Bowling</foldername>
<title>Championship Bowling</title>
<developer>Black Market Games</developer>
<publisher>Evolved Games</publisher>
<features_general>Players 1-4</features_general>
<features_online/>
<esrb>Not Rated by ESRB</esrb>
<esrb_descriptors>Mild Blood, Mild Language</esrb_descriptors>
<genre>Sports, Alternative, Bowling</genre>
<release_date>01 Mar 2006</release_date>
<rating>5.5</rating>
<platform>Xbox</platform>
<exclusive>Yes</exclusive>
<titleid>584D0003</titleid>
<overview>Championship Bowling combines true bowling mechanics with zany and amusing characters rolling their personalized balls in some crazy locations. The game boasts an array of distinctive characters, each uniquely animated, along with multiplayer functionality and many unlockable features.</overview>
</synopsis>
