<synopsis>
<sourcename>ESPN College Hoops 2K5-M</sourcename>
<foldername>ESPN College Hoops 2K5</foldername>
<title>College Hoops 2K5</title>
<developer>Visual Concepts</developer>
<publisher>Sega</publisher>
<features_general>Players 1-4, 480p, Custom Soundtracks, Dolby Digital</features_general>
<features_online>DLC</features_online>
<esrb>E</esrb>
<esrb_descriptors>No Descriptors</esrb_descriptors>
<genre>Sports</genre>
<release_date>17 Nov 2004</release_date>
<rating>8.6</rating>
<platform>PlayStation 2, Xbox</platform>
<exclusive>No</exclusive>
<titleid>53450033</titleid>
<overview>Experience all the excitement of college basketball in this year's installment in the ESPN College Hoops series. ESPN College Hoops 2K5 gives you even more management options in a revamped legacy mode, including scouting, balancing out the budget, and finding better coaching opportunities around the league. On the court, a new "pass-n-go" system lets you perform lead passes to your teammates and execute advanced give-and-go and alley-oop plays. If you'd rather coach than play, you can play in coach mode, in which you're responsible for calling the plays, directing your players, and making key decisions in overtime.</overview>
</synopsis>
