<synopsis>
<title>F1 2001</title>
<developer>EA Sports</developer>
<publisher>EA Games</publisher>
<features_general>Single-player, Multiplayer, 480p, 16:9, Dolby 5.1 Surround</features_general>
<features_online/>
<esrb>E</esrb>
<esrb_descriptors>No Descriptors</esrb_descriptors>
<genre>Driving, Racing, Formula One</genre>
<release_date>18 Nov 2001</release_date>
<rating>8.3</rating>
<platform>Windows PC, PlayStation 2, Xbox</platform>
<exclusive>No</exclusive>
<titleid/>
<overview>Battle for position at every sweeping bend, high-speed straight away, and hairpin turn within the world's most glamorous sporting arena. From Monaco to Monza, take on the most intelligent and daring racers to hit the formula one circuit. The circuit comes to life with fully interactive pit stops, roaring crowds, a buzzing grid, driver animations, and a full spectrum of driving conditions, including torrential downpours and other mid-race weather changes. Add the official 2001 FIA Formula One World Championship license and F1 2001 is poised to reach new milestones in motor sports gaming.</overview>
</synopsis>
