<synopsis>
<sourcename>xHexen2-T</sourcename>
<foldername>xHexen2</foldername>
<title>xHexen 2</title>
<developer>Raven Software</developer>
<publisher>id Software</publisher>
<features_general>None</features_general>
<features_online>None</features_online>
<esrb>T</esrb>
<esrb_descriptors>fantasy or mild violence</esrb_descriptors>
<genre>Homebrew</genre>
<release_date>31 Aug 1997</release_date>
<rating>8.0</rating>
<platform>Microsoft Windows, Mac OS X</platform>
<exclusive>No</exclusive>
<titleid>0A600856</titleid>
<overview>Hexen II is a dark fantasy first-person shooter (FPS) video game developed by Raven Software from 1996 to 1997, then published by id Software and distributed by Activision. It was the third game in the Hexen/Heretic series, and the last in the Serpent Riders trilogy. It was later made available on Steam on August 3, 2007.[1] Using a modified Quake engine, it featured single-player and multiplayer game modes, as well as four character classes to choose from, each with different abilities. These included the "offensive" Paladin, the "defensive" Crusader, the spell-casting Necromancer, and the stealthy Assassin.</overview>
</synopsis>
