<synopsis>
<sourcename>Airforce Delta Storm-T</sourcename>
<foldername>Airforce Delta Storm</foldername>
<title>Airforce Delta Storm</title>
<developer>Konami</developer>
<publisher>Konami</publisher>
<features_general>Players 1, Dolby Digital</features_general>
<features_online/>
<esrb>E</esrb>
<esrb_descriptors>Violence</esrb_descriptors>
<genre>Simulation, Flight, Modern Jet</genre>
<release_date>15 Nov 2001</release_date>
<rating>6.1</rating>
<platform>Xbox</platform>
<exclusive>Yes</exclusive>
<titleid>4B4E0002</titleid>
<overview>Strap into your cockpit and blast through the gut-wrenching world of flight combat. Your adrenaline pumps as machine gun fire pelts off your tail, you execute back-breaking barrel rolls and experience dog-fighting action. Take your pick of over 70 planes, including military fighters rendered from actual aircraft. With a full range of extreme missions to numb your senses, AirForce Delta Storm pushes your Xbox to the sky.</overview>
</synopsis>
