<synopsis>
<sourcename>Dinotopia - The Sunstone Odyssey-MB</sourcename>
<foldername>Dinotopia - The Sunstone Odyssey</foldername>
<title>Dinotopia: The Sunstone Odyssey</title>
<developer>Vicious Cycle</developer>
<publisher>TDK Mediactive</publisher>
<features_general>Players 1, 480p, Dolby Digital</features_general>
<features_online/>
<esrb>T</esrb>
<esrb_descriptors>Violence</esrb_descriptors>
<genre>Action Adventure, Fantasy</genre>
<release_date>05 Aug 2003</release_date>
<rating>4.4</rating>
<platform>GameCube, Xbox</platform>
<exclusive>No</exclusive>
<titleid>544D000F</titleid>
<overview>A lawless band, known as the Outsiders, has threatened Dinotopia. They have invaded the towns, enraged the carnosaurs, and revived the mechanical strutters, and they have even taken your family hostage. Now it's your job to defend Dinotopia against dangerous foes. You'll travel through 24 challenging levels on foot, in the air, and in vehicles. Dinotopia: The Sunstone Odyssey takes you on an adventure that blends hand-to-hand fighting, puzzle-solving, and exploration on a mysterious island.</overview>
</synopsis>
