<synopsis>
<title>Aoi Namida</title>
<developer>Panther Software</developer>
<publisher>success</publisher>
<features_general/>
<features_online/>
<esrb>Not Rated by ESRB</esrb>
<esrb_descriptors>None</esrb_descriptors>
<genre>Adventure</genre>
<release_date>27 May 2004</release_date>
<rating>Not Rated</rating>
<platform>Windows PC, Xbox</platform>
<exclusive/>
<titleid/>
<overview>Aoi Namida is romance adventure game presented as a visual novel. It was released for Xbox a year after the original PC (Windows) game with the same title. While the first print release known as Shokaiban includes the original soundtrack as well, there is no regular release of this game for Xbox. Unlike the original game for PC, all the adult graphical content has been removed from this port despite the fairly high rating on the cover. Additionally, this release features full voice-acting while the original PC release did not have any.</overview>
</synopsis>
