<synopsis>
<sourcename>Lego Star Wars-T</sourcename>
<foldername>Lego Star Wars</foldername>
<title>Lego Star Wars: The Video Game</title>
<developer>Traveller's Tales</developer>
<publisher>LucasArts</publisher>
<features_general>Players 1-2, 480p, Dolby Digital</features_general>
<features_online/>
<esrb>E</esrb>
<esrb_descriptors>Violence</esrb_descriptors>
<genre>Action Adventure, Sci-Fi</genre>
<release_date>05 Apr 2005</release_date>
<rating>7.6</rating>
<platform>GameCube, Windows PC, PlayStation 2, Xbox</platform>
<exclusive>No</exclusive>
<titleid>4553001D</titleid>
<overview>Lego Star Wars blends Lego toys with the characters, stories, and vehicles from the prequel eras of the Star Wars universe. Now you can experience scenes from The Phantom Menace, Attack of the Clones, and Revenge of the Sith while controlling characters such as Obi-Wan Kenobi, Yoda, and Anakin Skywalker. Use the Jedi "force" to solve puzzles and manipulate environments. During your journey, you'll do everything from pod racing on Mos Espa to repelling the droid onslaught in the Genosian arena. Your friend can even join the action to help you at any time during your game.</overview>
</synopsis>
