<synopsis>
<sourcename>Tenerezza (JPN)-B</sourcename>
<foldername>Tenerezza (JPN)</foldername>
<title>Tenerezza</title>
<developer>Aqua Plus</developer>
<publisher>Aqua Plus</publisher>
<features_general>Players 1</features_general>
<features_online/>
<esrb>Not Rated by ESRB</esrb>
<esrb_descriptors>No Descriptors</esrb_descriptors>
<genre>Third-person, RPG</genre>
<release_date>30 Jan 2003</release_date>
<rating>No Rating</rating>
<platform>Xbox</platform>
<exclusive/>
<titleid>41500001</titleid>
<overview>Tenerezza is a young cute girl who lives in the town Esperanza. She is an expert cook and a highly skilled magician. Cooking various kinds of food, she produces healing items, and she is proficient in using magic of the four elements. One day the town's mayor asks her to go to the nearby Magic Forest and investigate the recent appearance of monsters in the area. On her way Tenerezza meets the fairy Lolo, and together they oppose a dark force that threatens to conquer the world. Tenerezza is an action role-playing game. The player can charge up magic spells by pressing down a key or a controller button, and then unleash them on the enemies. It is also possible to attack physically and equip a variety of weapons and armor. When a sufficient amount of experience points is gathered and Tenerezza levels up, the player can manually raise her attack or defense power, or her proficiency in one of the elemental magic kinds.</overview>
</synopsis>
