<synopsis>
<title>Conflict: Vietnam</title>
<developer>Pivotal Games</developer>
<publisher>Eidos Interactive</publisher>
<features_general>Single-player, Multiplayer, 480p, 16:9, Dolby 5.1 Surround</features_general>
<features_online/>
<esrb>M</esrb>
<esrb_descriptors>Blood and Gore, Intense Violence, Strong Language, Suggestive Themes, Use of Drugs</esrb_descriptors>
<genre>Action, Shooter, Third-Person, Historic</genre>
<release_date>05 Oct 2004</release_date>
<rating>6</rating>
<platform>Windows PC, PlayStation 2, Xbox</platform>
<exclusive>No</exclusive>
<titleid/>
<overview>In a conflict that lasted 11 years and took more than three million lives, four men experience the longest 28 days ever. Cut off behind enemy lines during the 1968 Tet Offensive with no way to contact help, four young, barely trained soldiers realize that their only hope for survival is to head into the heart of darkness. Now, with few rations and dwindling ammunition, you must guide these soldiers across 100 miles of ruthless terrain crawling with unseen enemies. As you drive a wide range of vehicles, shoot era-specific weapons, and avoid enemy booby traps, remember--you're not trying to win any war--you're just trying to make it home alive.</overview>
</synopsis>
