<synopsis>
<sourcename>Intellivision Lives-T</sourcename>
<foldername>Intellivision Lives</foldername>
<title>Intellivision Lives</title>
<developer>Realtime Associates</developer>
<publisher>Crave Entertainment</publisher>
<features_general>Players 1-6, 480p</features_general>
<features_online/>
<esrb>E</esrb>
<esrb_descriptors>Gambling</esrb_descriptors>
<genre>Miscellaneous, Compilation</genre>
<release_date>02 Feb 2004</release_date>
<rating>6</rating>
<platform>GameCube, PlayStation 2, Xbox, Xbox 360</platform>
<exclusive>No</exclusive>
<titleid>43560006</titleid>
<overview>Relive the 80's with Intellivision Lives Play over 60 classic Intellivision games including Baseball, Astrosmash and Space Battle and several unreleased games. Each game comes with historical information, fun facts and interviews with the original developers. If that doesn't inspire nostalgia, you can also watch original Intellivision commercials and archival footage. All games are optimized for the Xbox controller. Finally, all your all-time favorite Intellivision games in one package.</overview>
</synopsis>
