<synopsis>
<title>GunGriffon: Allied Strike</title>
<developer>Game Arts</developer>
<publisher>Tecmo</publisher>
<features_general>Single-player, 480p, Dolby 5.1 Surround</features_general>
<features_online>Max Player on System Link: 8</features_online>
<esrb>T</esrb>
<esrb_descriptors>Violence</esrb_descriptors>
<genre>Simulation, Sci-Fi, Mech </genre>
<release_date>14 Dec 2004</release_date>
<rating>5.5</rating>
<platform>Xbox</platform>
<exclusive>Yes</exclusive>
<titleid/>
<overview>GunGriffon takes place in a futuristic world where human factions fight for what's left of the earth's resources. As a renegade soldier, you are part of a group whose prime mission is to take down armored tanks. You'll have your own war machine, a "High Mac" (High-Mobility Armored Combat System) to help you fight ground machines and a battery of armed soldiers. This mech action game boasts full Xbox Live compatibility with a multiplayer online mode and a variety of intense missions.</overview>
</synopsis>
