<synopsis>
<title>Indiana Jones and the Emperor's Tomb</title>
<developer>The Collective</developer>
<publisher>LucasArts</publisher>
<features_general>Single-player, 480p, Dolby 5.1 Surround</features_general>
<features_online/>
<esrb>T</esrb>
<esrb_descriptors>Violence</esrb_descriptors>
<genre>Action Adventure, Fantasy</genre>
<release_date>24 Feb 2003</release_date>
<rating>7.3</rating>
<platform>Windows PC, PlayStation 2, Xbox</platform>
<exclusive>No</exclusive>
<titleid/>
<overview>Join daring archeologist and adventurer Indiana Jones as he travels to 1935 China to prevent a powerful artifact from falling into evil hands. Indy's latest globe-spanning adventure takes you from the jungles of Ceylon and underwater palaces in Istanbul, to the deadly streets of Hong Kong and beyond. You'll leap, swim, climb, and punch your way through exotic locales, fighting hand-to-hand combat from street brawls to martial arts battles. It will take more than just your trusty whip and pistol to avoid deadly traps and navigate through all the dangerous environments. Do you have what it takes to possess the mysterious Heart of the Dragon?</overview>
</synopsis>
