<synopsis>
<title>Jacked[EU]</title>
<developer>Sproing</developer>
<publisher>Empire Interactive</publisher>
<features_general>Single-player</features_general>
<features_online/>
<esrb>T</esrb>
<esrb_descriptors>Blood, Comic Mischief, Violence</esrb_descriptors>
<genre>Racing, Motorbike, Driving combat</genre>
<release_date>24 Jun 2003</release_date>
<rating>6</rating>
<platform>GameCube, PlayStation 2, Windows PC, Xbox</platform>
<exclusive>No</exclusive>
<titleid/>
<overview>More than a high-octane bike racer, it's a battle for survival that will push your skills to the edge. Jump on your motorbike and prepare for the rush as you race against mad bikers through city streets, urban wastelands and mountain peaked highways in the ultimate game of motorcycle combat. Punch, kick or bludgeon your psycho bike opponents into submission using every weapon at your disposal including iron bars, shotguns and tazers, and 'jack' their bikes from under them. Using the unique skills and personalities of your riders you will have to fight and race your way from state to state across the USA from New York to Nevada. Remember that there can only be one winner - will you survive to cross the finish line?</overview>
</synopsis>
