<synopsis>
<sourcename>Crash N Burn-T</sourcename>
<foldername>Crash N Burn</foldername>
<title>Crash 'n' Burn</title>
<developer>Climax</developer>
<publisher>Eidos Interactive</publisher>
<features_general>Players 1, Dolby Digital</features_general>
<features_online/>
<esrb>T</esrb>
<esrb_descriptors>Mild Violence</esrb_descriptors>
<genre>Driving, Racing, Arcade</genre>
<release_date>19 Nov 2004</release_date>
<rating>6.5</rating>
<platform>Online, Windows PC, PlayStation 2, Xbox</platform>
<exclusive>No</exclusive>
<titleid>45530014</titleid>
<overview>In Crash 'N' Burn, your primary objective is to take first place, and your secondary objective is to run everyone else off the road. First, choose your car; and then paint, polish, and personalize it. Take your car to circuits in the back streets of Miami, San Francisco, Los Angeles, and New York and cause major wreckage. You can also compete in multiplayer modes, including last-man-standing and bomb tag, with or against 15 other players online.</overview>
</synopsis>
