<synopsis>
<sourcename>Shikigami no Shiro (JPN)-T</sourcename>
<foldername>Shikigami no Shiro (JPN)</foldername>
<title>Shikigami no Shiro</title>
<developer>Alfa System</developer>
<publisher>MediaQuest</publisher>
<features_general>Players 1-2, 480p</features_general>
<features_online/>
<esrb>Not Rated by ESRB</esrb>
<esrb_descriptors>No Descriptors</esrb_descriptors>
<genre>Scrolling Shooter</genre>
<release_date>14 Mar 2002</release_date>
<rating>No Rating</rating>
<platform>Arcade, Windows PC, PlayStation 2, Xbox</platform>
<exclusive>No</exclusive>
<titleid>4D500002</titleid>
<overview>Shikigami no Shiro (Formula-God's Castle), released in North America under the title of Mobile Light Force 2 and in the PAL region as MLF2 - Mobile Light Force 2, is a 2001 shoot 'em up developed by Alfa System and is the first game in the Shikigami no Shiro series. It was originally released as an arcade game and later ported to the PlayStation 2, Xbox, and Microsoft Windows. The game was titled Shikigami no Shiro Evolution (式神の城 EVOLUTION) for its revised version for Xbox, which was then ported to Windows as Shikigami no Shiro EX. When localized, publisher XS Games re-titled the game as a sequel to Mobile Light Force, but in reality the games are unrelated. Mobile Light Force is known as Gunbird in Japan, and was not developed by Alfa System. On May 8th, 2017, Degica Games announced that they are localizing the series on their Twitter account. The first game will be released on Microsoft Windows via Steam on June 16th.</overview>
</synopsis>
