<synopsis>
<sourcename>Neo Geo CD-T</sourcename>
<foldername>Neo Geo CD</foldername>
<title>Neo Geo CD</title>
<developer>SNK Corporation</developer>
<publisher>SNK Corporation</publisher>
<features_general>Joypad, Arcade Controller</features_general>
<features_online>N/A</features_online>
<esrb>Not Rated</esrb>
<esrb_descriptors>Not Rated</esrb_descriptors>
<genre>Video Games</genre>
<release_date>09 Sep 1994</release_date>
<rating>7</rating>
<platform>Home Video Game Console</platform>
<exclusive>N/A</exclusive>
<titleid>N/A</titleid>
<overview>Neo Geo CD is the second home video game console of SNK Corporation's Neo Geo family, released in September 9, 1994, four years after its cartridge-based equivalent. This is the same platform, converted to the cheaper CD format retailing at $49 to $79 per title, compared to the $300 cartridges. The system was originally priced at US$399, or £399 in the UK. The unit's 1X CD-ROM drive is slow, with very long loading times of up to 56 Mbit of data per load. The system can also play Audio CDs. All three versions of the system have no region-lock. The Neo Geo CD was launched bundled with a control pad instead of a joystick like the AES version. However, the original AES joystick can be used with all three Neo Geo CD models. As of March 1997, there had been 570,000 Neo Geo CD units sold worldwide.</overview>
</synopsis>
