<synopsis>
<title>Cricket 2005 [EU]</title>
<developer>HB Studios</developer>
<publisher>EA Games</publisher>
<features_general>Single-player, Multiplayer</features_general>
<features_online/>
<esrb>Not Rated by ESRB</esrb>
<esrb_descriptors>None</esrb_descriptors>
<genre>Sports, Cricket</genre>
<release_date>31 Dec 2005</release_date>
<rating>Not Rated</rating>
<platform>Xbox</platform>
<exclusive>No</exclusive>
<titleid/>
<overview>Cricket 2005 is a video game based on the sport of cricket. Developed by HB Studios and released by EA Sports, it was released in July 2005 on Xbox, PlayStation 2 and Windows. The game was released in three different region-based covers. Adam Gilchrist appeared on the Australian cover, Daniel Vettori on the New Zealand cover and Andrew Flintoff on the English cover. It was the last game to have all real player names.</overview>
</synopsis>
