<synopsis>
<sourcename>AbuseXv1-T</sourcename>
<foldername>AbuseXv1</foldername>
<title>Abuse</title>
<developer>Crack dot Com/Exakt Entertainment/Tandor</developer>
<publisher>Homebrew/Electronic Arts/Origins Systems/Bungie</publisher>
<features_general>Single-player, Multiplayer</features_general>
<features_online>None</features_online>
<esrb>T</esrb>
<esrb_descriptors>Violence</esrb_descriptors>
<genre>Run and Gun</genre>
<release_date>Mid 2000's</release_date>
<rating>8.0</rating>
<platform>Xbox</platform>
<exclusive>Yes</exclusive>
<titleid>07052006</titleid>
<overview>Abuse is a run and gun video game developed by Crack dot Com and published by Electronic Arts in North America and Origin Systems in Europe. It was released on February 29, 1996 for MS-DOS. An xbox port of the game was published by Tandor and makes use of lantus' SDLx library. The protagonist of the game, Nick Vrenna, has been unjustly incarcerated in a prison where the staff are performing unethical medical experiments upon the inmates. A prison riot occurs and an experiment goes horribly wrong. The people inside the prison - except for Nick, who seems to be immune - are infected with a substance called Abuse that transforms them into monsters. With the water supply in danger of being infected, Nick arms himself and fights through the horde to prevent this, and then escapes from the prison complex.</overview>
</synopsis>
