<synopsis>
<sourcename>Call of Duty 2 - Big Red One-T</sourcename>
<foldername>Call of Duty 2 - Big Red One</foldername>
<title>Call of Duty 2: Big Red One</title>
<developer>Treyarch</developer>
<publisher>Activision</publisher>
<features_general>Players 1, 480p, Dolby Digital</features_general>
<features_online>System Link 2-16</features_online>
<esrb>T</esrb>
<esrb_descriptors>Blood, Mild Language, Violence</esrb_descriptors>
<genre>First-person shooter</genre>
<release_date>01 Nov 2005</release_date>
<rating>7.8</rating>
<platform>GameCube, PlayStation 2, Xbox</platform>
<exclusive>No</exclusive>
<titleid>41560051</titleid>
<overview>Experience the adrenaline rush and harsh realities of war as never before, get to know your squadmates, and fight alongside them through an epic story during the most harrowing moments of World War II. As a part of America's most decorated and heroic fighting unit, The Big Red One, you workExperience the adrenaline rush and harsh realities of war as never before, get to know your squadmates, and fight alongside them through an epic story during the most harrowing moments of World War II. As a part of America's most decorated and heroic fighting unit, The Big Red One, you work together with your squad to accomplish a variety of combat missions spanning North Africa, Italy, and Nazi-occupied Western Europe.</overview>
</synopsis>
