<synopsis>
<title>Dai Senryaku VII: Modern Military Tactics</title>
<developer>SystemSoft</developer>
<publisher>Kemco</publisher>
<features_general>Single-player, Multiplayer, 480p, Dolby 5.1 Surround</features_general>
<features_online/>
<esrb>E</esrb>
<esrb_descriptors>Violence</esrb_descriptors>
<genre>Strategy, Turn-Based, Modern </genre>
<release_date>15 Feb 2005</release_date>
<rating>7.4</rating>
<platform>Xbox</platform>
<exclusive>Yes</exclusive>
<titleid/>
<overview>Command an entire military force with the most modern technologies of war. In this strategic war simulation, you must take into account everything from terrain to armor. Test your battlefield tactics against the game's challenging artificial intelligence, or face your friends in multiplayer skirmishes. Choose from a wide array of vehicles specifically designed for land, sea, and air attacks. If you don't like the terrain, you can create your own with the map editor, and you can design the map to cater to your specific strategic strengths.</overview>
</synopsis>
