<synopsis>
<sourcename>IndyCar Series-T</sourcename>
<foldername>IndyCar Series</foldername>
<title>IndyCar Series</title>
<developer>Codemasters</developer>
<publisher>Codemasters</publisher>
<features_general>Players 1-4, Widescreen</features_general>
<features_online/>
<esrb>E</esrb>
<esrb_descriptors>Mild Lyrics, Violence</esrb_descriptors>
<genre>Driving, Racing, Formula One</genre>
<release_date>26 Jun 2003</release_date>
<rating>7.1</rating>
<platform>Windows PC, PlayStation 2, Xbox</platform>
<exclusive>No</exclusive>
<titleid>434D0006</titleid>
<overview>The IndyCar Series takes you on a 15-race, single-seat championship that competes on speedways throughout the United States, with the Indy 500 as the highlight of its racing calendar. You'll customize your own character and team, and then hop into the driver seat of cars that reach speeds of more than 225 mph. Indy 500 winner, Eddie Cheever, Jr., teaches you some useful racing tactics to help you prepare for the big race. Modeled after real IndyCar Series drivers and teams, the game's AI tests if you have what it takes to survive the fast and furious world of car racing.</overview>
</synopsis>
