<synopsis>
<title>Metal Gear Solid 2: Substance</title>
<developer>Konami</developer>
<publisher>Konami</publisher>
<features_general>Single-player, 480p, Dolby 5.1 Surround</features_general>
<features_online/>
<esrb>M</esrb>
<esrb_descriptors>Blood and Gore, Partial Nudity, Violence</esrb_descriptors>
<genre>Action Adventure</genre>
<release_date>05 Nov 2002</release_date>
<rating>8.7</rating>
<platform>Windows PC, PlayStation 2, Xbox</platform>
<exclusive>No</exclusive>
<titleid>4B4E0007</titleid>
<overview>Solid Snake returns in Metal Gear Solid 2: Substance, the expanded edition of Metal Gear Solid 2: Sons of Liberty, with all-new game modes, hidden characters, and storylines. Top-secret weapons technology is being mysteriously transported under cover of an oil tanker to an unknown destination. It's up to Snake to infiltrate the transport and keep this deadly weapon of mass destruction from falling into the wrong hands. You'll have plenty of ways to practice, as the game offers more than 350 virtual reality missions in addition to more than 15 alternate missions.</overview>
</synopsis>
