<synopsis>
<foldername>Miss Driller</foldername>
<title>Miss Driller</title>
<developer>IMR/freakdave</developer>
<publisher>Homebrew</publisher>
<features_general>Single-player</features_general>
<features_online>None</features_online>
<esrb>Not Rated</esrb>
<esrb_descriptors>Not Rated</esrb_descriptors>
<genre>Puzzle</genre>
<release_date>Mid 2000's</release_date>
<rating>6.5</rating>
<platform>Xbox, Dreamcast, GBA</platform>
<exclusive>No</exclusive>
<titleid>0</titleid>
<overview>Miss DrillerX is a clone of the popular game 'Mr.Driller' which some of you might know from the Dreamcast and the GBA. This game looks and plays almost like the original Mr.Driller, so you should have much fun with it. This version is based on the Dreamcast-port which was made by IMR.</overview>
</synopsis>
