<synopsis>
<title>BloodRayne 2</title>
<developer>Terminal Reality</developer>
<publisher>Majesco Entertainment</publisher>
<features_general>Single-player, 480p, 16:9, Dolby 5.1 Surround</features_general>
<features_online/>
<esrb>M</esrb>
<esrb_descriptors>Blood and Gore, Intense Violence, Sexual Themes, Strong Language</esrb_descriptors>
<genre>Action, Shooter, Third-Person, Fantasy</genre>
<release_date>12 Oct 2004</release_date>
<rating>7.1</rating>
<platform>Windows PC, PlayStation 2, Xbox, Xbox One</platform>
<exclusive>No</exclusive>
<titleid/>
<overview>Reprise the role of BloodRayne, a dhampir born from the unnatural union of vampire and human. In BloodRayne 2, you can perform new acrobatic actions on poles and rails, fighting combos, and 12 finishing moves. The more creative your kills are, the more you can upgrade your weapons and abilities. Fill the Bloodlust meter to activate Blood Rage for powerful attacks. Master your vampire powers to stop your evil siblings from creating a new era of vampire supremacy where humans are mere cattle for the bloodthirsty predators that hunt them. </overview>
</synopsis>
