<synopsis>
<title>Dino Crisis 3</title>
<developer>Capcom</developer>
<publisher>Capcom</publisher>
<features_general>Single-player, 480p, 16:9, Dolby 5.1 Surround</features_general>
<features_online/>
<esrb>M</esrb>
<esrb_descriptors>Blood and Gore Violence</esrb_descriptors>
<genre>Action Adventure, Horror </genre>
<release_date>16 Sep 2003</release_date>
<rating>5.1</rating>
<platform>Xbox</platform>
<exclusive>Yes</exclusive>
<titleid>43430003</titleid>
<overview>More than 500 years in the future, you and your partners embark on a search-and-rescue mission to piece together a spacecraft's mysterious reappearance after a 300-year absence. Armed with hyperspeed booster units and an arsenal of futuristic weaponry, you'll confront ferocious space mutations and evolved forms of dinosaur creations. On this dynamically changing galactic ship, it's up to you to change the spaceship layout, collect objects, and solve puzzles to achieve your objectives.</overview>
</synopsis>
