<synopsis>
<title>Metal Slug 4[NA]</title>
<developer>Mega Enterprise</developer>
<publisher>Playmore</publisher>
<features_general>Single-player, Multiplayer, 480p</features_general>
<features_online/>
<esrb>Not Rated by ESRB</esrb>
<esrb_descriptors>None</esrb_descriptors>
<genre>Run and Gun</genre>
<release_date>14 Oct 2005</release_date>
<rating>Not Rated</rating>
<platform>Xbox</platform>
<exclusive>No</exclusive>
<titleid/>
<overview>Metal Slug 4 is a run and gun video game for the Neo-Geo console/arcade platform created by SNK. It was released in 2002 for the MVS arcade platform and the AES game console, and is the fourth game in the Metal Slug series. Two years later, Playmore published Metal Slug 4. This was also the only Metal Slug game that was produced during SNK's bankruptcy, until its sequel released after SNK was "resurrected" as SNK Playmore.</overview>
</synopsis>
