<synopsis>
<foldername>NTSC-T</foldername>
<title>Enigmah-X</title>
<developer>Unknown</developer>
<publisher>Unknown</publisher>
<features_general>Switch Xbox Region</features_general>
<features_online>None</features_online>
<esrb>Not Rated by ESRB</esrb>
<esrb_descriptors>Not Rated by ESRB</esrb_descriptors>
<genre>Application</genre>
<release_date>Unknown</release_date>
<rating>8.0</rating>
<platform>Modified Xbox</platform>
<exclusive>Yes</exclusive>
<titleid>00000000</titleid>
<overview>An application used to switch the video region of your Xbox, from PAL to NTSC or NTSC to PAL.</overview>
</synopsis>
