<synopsis>
<title>Curious George</title>
<developer>Monkey Bar Games</developer>
<publisher>Namco</publisher>
<features_general>Single-player, 480p</features_general>
<features_online/>
<esrb>E</esrb>
<esrb_descriptors>No Descriptors</esrb_descriptors>
<genre>Action Adventure, Fantasy </genre>
<release_date>01 Feb 2006</release_date>
<rating>5.7</rating>
<platform>PlayStation 2, Xbox</platform>
<exclusive>No</exclusive>
<titleid/>
<overview>Curious George is a colorful action adventure that is based on the Curious George animated movie. In the game you can help George explore a variety of areas, collect items such as bananas, and unlock minigames. The game features a variety of different objectives set in areas from the movie. You can also unlock scenes from the movie, extra costumes, and production art.</overview>
</synopsis>
