<synopsis>
<sourcename>Army Men - Major Malfunction-T</sourcename>
<foldername>Army Men - Major Malfunction</foldername>
<title>Army Men: Major Malfunction</title>
<developer>Global Star Software</developer>
<publisher>3DO</publisher>
<features_general>Players 1, Dolby Digital</features_general>
<features_online/>
<esrb>T</esrb>
<esrb_descriptors>Violence</esrb_descriptors>
<genre>Action, Shooter, Third-Person, Sci-Fi</genre>
<release_date>15 Apr 2006</release_date>
<rating>3.6</rating>
<platform>Nintendo DS, Xbox</platform>
<exclusive>No</exclusive>
<titleid>54540088</titleid>
<overview>The Army Men series is back in Army Men: Major Malfunction. The game features over 30 missions, 23 different enemy toys, over 16 lethal weapons, and different games modes.</overview>
</synopsis>
