<synopsis>
<sourcename>Azurik - Rise of Perathia-T</sourcename>
<foldername>Azurik - Rise of Perathia</foldername>
<title>Azurik: Rise of Perathia</title>
<developer>Adrenium Games</developer>
<publisher>Microsoft Game Studios</publisher>
<features_general>Players 1, Dolby Digital</features_general>
<features_online/>
<esrb>T</esrb>
<esrb_descriptors>Violence</esrb_descriptors>
<genre>Action Adventure, Fantasy</genre>
<release_date>25 Nov 2001</release_date>
<rating>5.2</rating>
<platform>Xbox</platform>
<exclusive>Yes</exclusive>
<titleid>4D530007</titleid>
<overview>Azurik, the protagonist and namesake of the game, is an adept in an order of warriors. Their job is to protect and preserve the balance of the six natural elements in the world. These elements are Fire, Earth, Air, Water, Life, and Death. The essence of the elements has been locked within special "Discs", which are kept in the tower in the middle of Town. All that is, except one; the disc of Death had been lost a great deal of time before, its location unknown. Regardless of that fact, the world has managed to maintain the natural order.</overview>
</synopsis>
