<synopsis>
<sourcename>Dakar Rally 2 - Worlds Ultimate Rally-T</sourcename>
<foldername>Dakar Rally 2 - Worlds Ultimate Rally</foldername>
<title>Dakar 2: The World's Ultimate Rally</title>
<developer>Acclaim</developer>
<publisher>Acclaim</publisher>
<features_general>Players 1-4, Wheel, Dolby Digital</features_general>
<features_online/>
<esrb>E</esrb>
<esrb_descriptors>No Descriptors</esrb_descriptors>
<genre>Driving, Racing, Rally / Offroad</genre>
<release_date>19 Jun 2003</release_date>
<rating>7</rating>
<platform>GameCube, Xbox</platform>
<exclusive>No</exclusive>
<titleid>41430017</titleid>
<overview>The faint of heart need not enter the races of Dakar 2, a rally racing game that draws upon your skills, strength, mental agility, and sheer determination. It's a test of endurance as you race through town stages in France, Spain, Morocco, and other landscapes. In some levels, you'll only have a GPS navigational setup to guide you in a race across the open desert. Dakar 2 puts you in control of monster trucks, hard-driving cars, and quick motorcycles.</overview>
</synopsis>
