<synopsis>
<title>Family Guy Video Game</title>
<developer>High Voltage Software</developer>
<publisher>2K Games, Fox Interactive</publisher>
<features_general>Single-player</features_general>
<features_online/>
<esrb>M</esrb>
<esrb_descriptors>Mature Humor, Partial Nudity, Violence</esrb_descriptors>
<genre>Action, General</genre>
<release_date>16 Oct 2006</release_date>
<rating>5.3</rating>
<platform>PlayStation 2, PSP, Xbox</platform>
<exclusive>No</exclusive>
<titleid/>
<overview>Play through three stories that intersect in typical Family Guy fashion. Be Stewie and match wits against his brother and arch-nemesis Bertram as they vie to take over the world. Take control of Peter and fight to stop Mr. Belvedere who he thinks is trying to take over the world. Slip on a collar and down a martini as Brian attempt to escape prison and prove your innocence in a puppy parental case gone awry.</overview>
</synopsis>
