<synopsis>
<sourcename>Arx Fatalis-T</sourcename>
<foldername>Arx Fatalis</foldername>
<title>Arx Fatalis</title>
<developer>Arkane Studios</developer>
<publisher>JoWood Productions</publisher>
<features_general>Players 1, Dolby Digital</features_general>
<features_online/>
<esrb>M</esrb>
<esrb_descriptors>Blood and Gore, Violence</esrb_descriptors>
<genre>Role-Playing, First-Person</genre>
<release_date>23 Dec 2003</release_date>
<rating>7.1</rating>
<platform>Xbox</platform>
<exclusive>Yes</exclusive>
<titleid>44430002</titleid>
<overview>Arx is the name of an underground urban environment where your special experience begins. A threatening atmosphere has forced Arx inhabitants to take refuge in a dwarf mine, where goblins, trolls and ratmen dwell. Arx Fatalis is an RPG that combines an intriguing story, a deep environment, and a high level of interactivity. You can interact with objects and NPCs, cast spells, solve puzzles, and explore the underground fantasy world.</overview>
</synopsis>
