<synopsis>
<sourcename>IHRA Drag Racing 2004-T</sourcename>
<foldername>IHRA Drag Racing 2004</foldername>
<title>IHRA Drag Racing 2004</title>
<developer>Bethesda Softworks</developer>
<publisher>Bethesda Softworks</publisher>
<features_general>Players 1-2</features_general>
<features_online/>
<esrb>E</esrb>
<esrb_descriptors>No Descriptors</esrb_descriptors>
<genre>Driving, Racing, Drag</genre>
<release_date>01 Dec 2003</release_date>
<rating>4</rating>
<platform>Xbox</platform>
<exclusive>Yes</exclusive>
<titleid>42530006</titleid>
<overview>IHRA Drag Racing 2004 includes some of the best-known drag racing stars and today's hottest cars. Choose from more than 35 vehicles, including classics and late models, and then customize the parts, from tires to transmissions to electronics. You can choose any of top cars and drivers from Top Fuel, Pro Mod, Pro Stock, and Funny Car. Whether you tear up the 1/4- and 1/8-mile road in a single event, a whole season, or head-to-head against a friend, IHRA Drag Racing 2004 gives fans something to cheer about.</overview>
</synopsis>
