<synopsis>
<sourcename>Antz - Extreme Racing-T</sourcename>
<foldername>Antz - Extreme Racing</foldername>
<title>Antz Extreme Racing</title>
<developer>LSP</developer>
<publisher>Empire Interactive</publisher>
<features_general>Players 1-4</features_general>
<features_online/>
<esrb>E</esrb>
<esrb_descriptors>No Descriptors</esrb_descriptors>
<genre>Driving, Racing, Kart</genre>
<release_date>02 Sep 2002</release_date>
<rating>3.5</rating>
<platform>Windows PC, PlayStation 2, Xbox</platform>
<exclusive>No</exclusive>
<titleid>454D0001</titleid>
<overview>Handling dirt is not a rewarding career, but you don't have to follow orders your whole life--think for yourself and Antz Extreme Racing can put you in the fast lane. Here's your chance to take on the role of one of six memorable characters from the groundbreaking motion picture Antz. With Z and Bala initially available, and other characters unlocked during the game, your goal is to climb the racing ladder and make something of yourself. You may be part of an endless extended family, but that doesn't stop you from wanting to be the best. Race to victory and help make your colony proud.</overview>
</synopsis>
