<synopsis>
<sourcename>OpenBor-T</sourcename>
<foldername>OpenBor</foldername>
<title>OpenBor</title>
<developer>Senile Team and Fan Contributions</developer>
<publisher>Homebrew</publisher>
<features_general>Single-player, Multiplayer</features_general>
<features_online>None</features_online>
<esrb>Not Rated</esrb>
<esrb_descriptors>Not Rated</esrb_descriptors>
<genre>Beat'em up</genre>
<release_date>Mid 2000's</release_date>
<rating>8.5</rating>
<platform>Xbox, Windows, OS X, Linux, Dreamcast, Wii, PSP, GP2X</platform>
<exclusive>No</exclusive>
<titleid>0A600850</titleid>
<overview>OpenBOR (Open Beats of Rage) is a royalty free sprite based side scrolling gaming engine. From humble beginnings in 2004, it has since grown into the most versatile, easy to use, and powerful engine of its type you will find anywhere. OpenBOR is optimized for side scrolling beat'em up style games (Double Dragon, Streets of Rage, Final Fight), but easily accommodates any sort of gameplay style and feature set you can imagine. This is a curated collection of the very best fan made OpenBor side scrolling beat 'em up games centered around various video game and popular culture characters of the time.</overview>
</synopsis>
