<synopsis>
<title>Hello Kitty: Roller Rescue[EU]/ Hello Kitty;  Mission Rescue [JP]</title>
<developer>XPEC Entertainment</developer>
<publisher>Namco</publisher>
<features_general>Single-player, Multiplayer</features_general>
<features_online/>
<esrb>Not Rated by ESRB</esrb>
<esrb_descriptors>None</esrb_descriptors>
<genre>Action, Platformer, 3D</genre>
<release_date>09 Sep 2005</release_date>
<rating>Not Rated</rating>
<platform>GameCube, PlayStation 2, Windows PC, Xbox</platform>
<exclusive>No</exclusive>
<titleid/>
<overview>Hello Kitty: Roller Rescue is an action platform game where the player controls Hello Kitty and battle through various captured levels of Sanrio Town. The player also gets the option of a computer-controlled partner to help battle the villains. Partners include My Melody, Purrin, and Monkichi. Each partner has their own special attack or ability that can help Hello Kitty out.</overview>
</synopsis>
