<synopsis>
<title>Animaniacs: The Great Edgar Hunt</title>
<developer>Warthog Games</developer>
<publisher>Ignition Entertainment</publisher>
<features_general>Single-player</features_general>
<features_online/>
<esrb>E</esrb>
<esrb_descriptors>Cartoon Violence</esrb_descriptors>
<genre>Action, Platformer, 3D</genre>
<release_date>29 Aug 2005</release_date>
<rating>5.8</rating>
<platform>GameCube, PlayStation 2, Xbox</platform>
<exclusive>No</exclusive>
<titleid/>
<overview>Frustrated by being "overlooked", film director C. C. Deville steals the "Edgars" (statuettes that are a parody of the Oscars) and threatens to melt them all unless studio chairman Thaddeus Plotz gives him a lucrative contract. While carrying out his evil plot, Deville's dim-witted assistant accidentally crashes his getaway blimp into the Warner Bros. water tower. This scatters 44 of the 45 stolen Edgars across the studio lot and releases Yakko, Wakko, and Dot, who agree to search for the missing awards.</overview>
</synopsis>
