<synopsis>
<title>Metal Wolf Chaos[JP]</title>
<developer>FromSoftware</developer>
<publisher>FromSoftware</publisher>
<features_general>480p, Dolby 5.1 Surround</features_general>
<features_online>Online</features_online>
<esrb>Not Rated by ESRB</esrb>
<esrb_descriptors>None</esrb_descriptors>
<genre>Third-person shooter</genre>
<release_date>22 Dec 2004</release_date>
<rating>Not Rated</rating>
<platform>Xbox</platform>
<exclusive>Yes</exclusive>
<titleid>46530006</titleid>
<overview>Metal Wolf Chaos is an mecha action game in which you jump in the role of Michael Wilson, the current president of the United States. The vice president, Richard Hawk wants to take over the country in coup d'état, the president must escape from the White House and bring order to chaos in his custom Metal Wolf mecha armor. Metal Wolf Chaos is a third person shooter with highly destructive environments and enemies ranging from land, sea to air units which you take into battle within such locations as the White House and secret army bases and eventually, in space.</overview>
</synopsis>
