<synopsis>
<title>MLB 2K5</title>
<developer>Kush Games</developer>
<publisher>2K Games</publisher>
<features_general>Single-player, Multiplayer, 480p, Dolby 5.1 Surround</features_general>
<features_online/>
<esrb>E</esrb>
<esrb_descriptors>No Descriptors</esrb_descriptors>
<genre>Sports, Traditional, Baseball, Sim </genre>
<release_date>27 Jun 2005</release_date>
<rating>8.1</rating>
<platform>PlayStation 2, Xbox</platform>
<exclusive>No</exclusive>
<titleid/>
<overview>Major League Baseball 2K5 debuts On Command Baserunning, that includes active picture-in-picture baserunning, and new gameplay features called Maximum Sliding and Baseburner Mode. Active picture-in-picture baserunning delivers both an exciting presentation style and an intuitive method to precisely control runners. The new baserunning mechanic utilizes the right analog thumbstick to choose how baserunners slide -- head or feet first -- in conjunction with hook sliding left or right of the base. Players will be able to reach a base quicker, get up more quickly from a slide, or avoid being tagged out with the new freedom found in Maximum Sliding. Baseburner Mode allows the gamer to play any 'at-bat' through the perspective of any baserunner, delivering precision control to gamers.</overview>
</synopsis>
