<synopsis>
<sourcename>ConfigMagic v1.6.1-T</sourcename>
<foldername>ConfigMagic v1.6.1</foldername>
<title>ConfigMagic v1.6.1</title>
<developer>Rocky5</developer>
<publisher>Homebrew</publisher>
<features_general>HDD Utility</features_general>
<features_online>None</features_online>
<esrb>Not Rated by ESRB</esrb>
<esrb_descriptors>Not Rated by ESRB</esrb_descriptors>
<genre>Application</genre>
<release_date>Unknown</release_date>
<rating>7</rating>
<platform>Modified Xbox</platform>
<exclusive>Yes</exclusive>
<titleid>000FD8B4</titleid>
<overview>This is Rocky5's updated ConfigMagic that fixes a few of the niggles v1.6 final had and also added a new skin and features.</overview>
</synopsis>
