<synopsis>
<sourcename>Barbie Horse Adventures-T</sourcename>
<foldername>Barbie Horse Adventures</foldername>
<title>Barbie Horse Adventures: Wild Horse Rescue</title>
<developer>Universal Interactive</developer>
<publisher>Universal Interactive</publisher>
<features_general>Players 1-2, Dolby Digital</features_general>
<features_online/>
<esrb>E</esrb>
<esrb_descriptors>No Descriptors</esrb_descriptors>
<genre>Adventure</genre>
<release_date>04 Nov 2003</release_date>
<rating>6.6</rating>
<platform>Xbox</platform>
<exclusive>No</exclusive>
<titleid>5655002A</titleid>
<overview>Some of Barbie's wild horses are missing from her stable, and you must help her find them. Choose your horse, riding tack, and Barbie's outfit, and then ride through the beautiful countryside. You can even help Barbie dismount her horse and explore trails on foot. Your adventure, however, is not without dangers, as you must jump over fallen trees, cross rickety bridges, and avoid other obstacles. After you chase the horses, lasso them, and return them to safety, you can challenge your friend to race.</overview>
</synopsis>
