<synopsis>
<sourcename>Crash Bandicoot - Wrath of Cortex-T</sourcename>
<foldername>Crash Bandicoot - Wrath of Cortex</foldername>
<title>Crash Bandicoot: The Wrath of Cortex</title>
<developer>Traveller's Tales</developer>
<publisher>Universal Interactive Studios</publisher>
<features_general>Players 1</features_general>
<features_online/>
<esrb>E</esrb>
<esrb_descriptors>Mild Violence</esrb_descriptors>
<genre>Action, Platformer, 3D</genre>
<release_date>15 Apr 2002</release_date>
<rating>7.9</rating>
<platform>GameCube, PlayStation 2, Xbox, Xbox 360</platform>
<exclusive>No</exclusive>
<titleid>56550003</titleid>
<overview>The fifth Crash adventure features engaging gameplay, quirky characters and exotic locales. Still smarting from his last defeat, Dr. Neo Cortex has developed a new diabolical plan to steal ancient crystals and unleash destructive gods on Crash and the planet Earth. With Crash and his sister Coco, it's now up to you to find and return all the crystals across dangerous levels, including a volcanic island, a Japanese village, and the jungles of Africa. You'll find many ways to move around, whether you maneuver a Jeep, fly a hang glider, or pilot a Crash-Mech. But don't marvel too long at the new inventions, because you might find yourself in a heap of destruction.</overview>
</synopsis>
