<synopsis>
<sourcename>Dynasty Warriors 5-MB</sourcename>
<foldername>Dynasty Warriors 5</foldername>
<title>Dynasty Warriors 5</title>
<developer>Omega Force</developer>
<publisher>Koei</publisher>
<features_general>Players 1-2, Dolby Digital</features_general>
<features_online/>
<esrb>T</esrb>
<esrb_descriptors>Use of Alcohol, Violence</esrb_descriptors>
<genre>Action, Beat-'Em-Up</genre>
<release_date>13 Sep 2005</release_date>
<rating>6.6</rating>
<platform>PlayStation 2, Xbox</platform>
<exclusive>No</exclusive>
<titleid>4B4F0007</titleid>
<overview>In Dynasty Warriors 5, you can become a hero in feudal Japan. Combat enemy armies using weapons, mounts, and special attacks. Dynasty Warriors 5 adds new playable characters, weapons, combos, maps, and game modes. Now, maps are larger, and the enemies are smarter. Dynasty Warriors 5 also adds animal teammates and a revamped weapon system to your arsenal to help you conquer 38 newly-designed maps.</overview>
</synopsis>
