<synopsis>
<sourcename>Bass Trophy Fishing 2007-T</sourcename>
<foldername>Bass Trophy Fishing 2007</foldername>
<title>Bass Pro Shops: Trophy Bass 2007</title>
<developer>Big John Games</developer>
<publisher>Vivendi Universal</publisher>
<features_general>Players 1, Dolby Digital</features_general>
<features_online/>
<esrb>E</esrb>
<esrb_descriptors>No Descriptors</esrb_descriptors>
<genre>Sport, Fishing</genre>
<release_date>17 Nov 2006</release_date>
<rating>7.7</rating>
<platform>Windows PC, PlayStation 2, Xbox</platform>
<exclusive>Yes</exclusive>
<titleid>56550049</titleid>
<overview>Whether you are a tournament pro or have never fished before, prepare for a fishing thrill ride. Bass Pro Shops, the most repsected name in fishing, has teamed up with Vivendi Games to deliver the 6th version of the all time best-selling fishing series - Trophy Bass. Features 7 different Bass Tournaments on 13 world-renowed lakes and reservoirs for a total of 91 unique fishing competitions. Hook, fight and reel in some of the biggest Largemouth Bass, Smallmouth Bass, Walleye and Northern Pike. Drive the fastest authentic Nitro boats from Tracker Marine, jump some ramps to find the next honey hole. Test your skills in the casting competition and your driving skills in the boat races on each lake.</overview>
</synopsis>
