<synopsis>
<title>Godzilla: Destroy All Monsters Melee</title>
<developer>Pipeworks Software</developer>
<publisher>Atari</publisher>
<features_general>Single-player, Multiplayer, 480p, 16:9, Dolby 5.1 Surround</features_general>
<features_online/>
<esrb>T</esrb>
<esrb_descriptors>Violence</esrb_descriptors>
<genre>Action, Fighting, 3D </genre>
<release_date>16 Apr 2003</release_date>
<rating>7.1</rating>
<platform>GameCube, PlayStation 2, Xbox</platform>
<exclusive>No</exclusive>
<titleid/>
<overview>Legendary monsters battle among Earth's cities to determine the planet's fate. In Godzilla: Destroy All Monsters Melee, you can play as Godzilla or any of his longtime rivals as they fight hand-to-hand, at close range, and with special moves. Each massive beast has different physical attributes and special projectile weapons. You'll fight in cities such as Tokyo and San Francisco--all featuring real building destruction and physics. For multiplayer fighting mayhem, you can bring three of your friends into the battle.</overview>
</synopsis>
