<synopsis>
<title>Bad Boys: Miami Takedown</title>
<developer>Blitz Games</developer>
<publisher>Empire Interactive</publisher>
<features_general>Single-player, 480p</features_general>
<features_online/>
<esrb>M</esrb>
<esrb_descriptors>Blood, Drug Reference, Sexual Themes, Strong Language, Violence</esrb_descriptors>
<genre>Action, Shooter, Third-Person</genre>
<release_date>14 Sep 2004</release_date>
<rating>3.5</rating>
<platform>GameCube, Windows PC, PlayStation 2, Xbox</platform>
<exclusive>No</exclusive>
<titleid/>
<overview>Mike Lowrey and Marcus Burnett of the Tactical Narcotics Team are back to fight crime in Bad Boys II. Based on the movie, Bad Boys II follows this unlikely duo as they try to stop illegal drug trade in Miami. Through 15 action-packed stages, you'll play as either Mike or Marcus in first- or third-person viewpoints. Search for clues, wield a variety of weapons, and tear through fully destructible environments to complete a variety of mission objectives.</overview>
</synopsis>
