<synopsis>
<sourcename>Commandos 2-T</sourcename>
<foldername>Commandos 2</foldername>
<title>Commandos 2: Men of Courage</title>
<developer>Pyro Studios</developer>
<publisher>Eidos Interactive</publisher>
<features_general>Players 1</features_general>
<features_online/>
<esrb>T</esrb>
<esrb_descriptors>Blood, Violence</esrb_descriptors>
<genre>Strategy, Real-Time, Historic</genre>
<release_date>10 Sep 2002</release_date>
<rating>6.7</rating>
<platform>Windows PC, Xbox</platform>
<exclusive>No</exclusive>
<titleid>45530008</titleid>
<overview>From the deepest bunkers and artillery posts of the Third Reich to the bulkhead of an aircraft carrier at sea, Commandos 2 plunges you into realistic war environments. Lead an elite platoon deep into enemy territory, while taking advantage of each soldier's unique abilities. This time, your team members can carry and exchange weapons, and they can swim and drive. An array of new vehicles and weapons, including jeeps, tanks, trucks, ships, bazookas, and flamethrowers make for faster-paced gameplay and intense shoot-outs.</overview>
</synopsis>
