<synopsis>
<title>Blazing Angels: Squadrons of WWII</title>
<developer>Ubisoft Romania</developer>
<publisher>Ubisoft</publisher>
<features_general>Single-player, Multiplayer, 480p, 16:9, Dolby 5.1 Surround</features_general>
<features_online>Max Player on System Link: 16</features_online>
<esrb>T</esrb>
<esrb_descriptors>Language, Violence</esrb_descriptors>
<genre>Simulation, Flight, WWII</genre>
<release_date>23 Mar 2006</release_date>
<rating>6.9</rating>
<platform>Windows PC, Xbox, Xbox 360</platform>
<exclusive>No</exclusive>
<titleid/>
<overview>You can take to the skies and reenact some of the greatest air battles of World War II in Blazing Angels: Squadrons of WWII. The game features squadron-based combat, which lets you use the individual characteristics of your wingmen to complete the 18-mission single-player campaign. Blazing Angels: Squadrons of WWII uses the graphical power of the Xbox 360 to accurately model battle sites--such as England, Morocco, and Pearl Harbor--and the 38 aircraft included in the game. Up to 16 players can battle via Xbox Live in both competitive and cooperative game modes.</overview>
</synopsis>
