<synopsis>
<title>Jurassic Park: Operation Genesis</title>
<developer>Blue Tongue</developer>
<publisher>VU Games, Universal Interactive</publisher>
<features_general>Single-player, 480p, Dolby 5.1 Surround</features_general>
<features_online/>
<esrb>T</esrb>
<esrb_descriptors>Blood and Gore, Violence</esrb_descriptors>
<genre>Strategy, Tycoon</genre>
<release_date>26 Mar 2003</release_date>
<rating>6.9</rating>
<platform>Windows PC, PlayStation 2, Xbox</platform>
<exclusive>No</exclusive>
<titleid/>
<overview>Now is your chance to fulfill Dr. John Hammond's dream by successfully designing and managing the ultimate dinosaur theme park. Jurassic Park: Operation Genesis allows gamers to create the most amazing theme park the world has ever seen. With its 3D action and sim elements, Operation Genesis gives players two games in one. Either build your own dinosaur theme park or engage in 12 action-packed missions that will truly test your gaming skills. Welcome to Jurassic Park, the way you want it.</overview>
</synopsis>
