<synopsis>
<sourcename>Avalaunch-M</sourcename>
<foldername>Avalaunch</foldername>
<title>Avalaunch</title>
<developer>Unknown</developer>
<publisher>Homebrew</publisher>
<features_general>Custom Skins</features_general>
<features_online>Klink-Kai</features_online>
<esrb>Not Rated by ESRB</esrb>
<esrb_descriptors>Not Rated by ESRB</esrb_descriptors>
<genre>Dashboard</genre>
<release_date>Unknown</release_date>
<rating>5</rating>
<platform>Modified Xbox</platform>
<exclusive>Yes</exclusive>
<titleid>080299FF</titleid>
<overview>Avalaunch is a dashboard replacement for a modified Xbox. It provides new functionality to the Xbox such as a skinnable interface that lets you control how your Xbox looks. Avalaunch has the ability to download new skins from online websites, the ability to download saved games and to access the X-Link Kai (free) gaming network through an integrated interface.</overview>
</synopsis>
