<synopsis>
<sourcename>Atari 7800-T</sourcename>
<foldername>Atari 7800</foldername>
<title>Atari 7800</title>
<developer>Atari</developer>
<publisher>Atari</publisher>
<features_general>Joystick, Joypad, Light Gun</features_general>
<features_online>N/A</features_online>
<esrb>Not Rated</esrb>
<esrb_descriptors>Not Rated</esrb_descriptors>
<genre>Video Games</genre>
<release_date>01 May 1986</release_date>
<rating>7</rating>
<platform>Home Video Game Console</platform>
<exclusive>N/A</exclusive>
<titleid>N/A</titleid>
<overview>The Atari 7800 ProSystem, or simply the Atari 7800, is a home video game console officially released by the Atari Corporation in 1986. It is almost fully backward-compatible with the Atari 2600, the first console to have backward compatibility without the use of additional modules. It was considered affordable at a price of US$140 (equivalent to $320 in 2018). The 7800 has significantly improved graphics hardware over the 2600, but uses the same audio chip. It also shipped with a different model of joystick from the 2600-standard CX40. The 1986 launch is sometimes referred to as a "re-release" or "relaunch" because the Atari 7800 had originally been announced on May 21, 1984, to replace Atari Inc.'s Atari 5200, but a general release was shelved due to the sale of the company. Atari had been facing pressure from Coleco and its ColecoVision console, which supported graphics that more closely mirrored arcade games of the time than either the Atari 2600 or 5200. The Atari 5200 (released as a successor to the Atari 2600) was criticized for not being able to play 2600 games without an adapter. The Atari 7800 ProSystem was the first console from Atari, Inc. designed by an outside company, General Computer Corporation (GCC). It was designed in 1983-1984 with an intended mass market rollout in June of 1984, but was canceled shortly thereafter due to the sale of the company to Tramel Technology Ltd on July 2, 1984. The project was originally called the Atari 3600. With a background in creating arcade games such as Food Fight, GCC designed the new system with a graphics architecture similar to arcade machines of the time. Powering the system is a slightly customized 6502 processor, the Atari SALLY (sometimes described as a "6502C"), running at 1.79 MHz. By some measures the 7800 is more powerful, and by others less, than Nintendo's 1983 Famicom. It uses the 2600's audio chip, with the same restrictions, for generating sound.</overview>
</synopsis>
