<synopsis>
<sourcename>American Chopper-T</sourcename>
<foldername>American Chopper</foldername>
<title>American Chopper</title>
<developer>Creat Studios</developer>
<publisher>Activision</publisher>
<features_general>Players 1, Dolby Digital</features_general>
<features_online/>
<esrb>T</esrb>
<esrb_descriptors>Mild Lyrics, Mild Violence</esrb_descriptors>
<genre>Driving, Racing, Motorcycle, Street</genre>
<release_date>03 Dec 2004</release_date>
<rating>4.4</rating>
<platform>Windows PC, PlayStation 2, Xbox</platform>
<exclusive>No</exclusive>
<titleid>4156003D</titleid>
<overview>Be hired into the shop of the hit TV series American Chopper™. Here's your chance to ride the bikes built by the Teutuls. Choose from the POW/MIA Bike, Jet Bike, Black Widow Bike, and others. You're also sent on missions to create your very own, original themed chopper that rivals those built by Paul Sr. and Paul Jr. Experience first-hand all of the hard work, drama, and thrill of creating one of the most beautiful bikes on the road today.</overview>
</synopsis>
