<synopsis>
<sourcename>Blinx 2 - Masters of Time &amp; Space-T</sourcename>
<foldername>Blinx 2 - Masters of Time &amp; Space</foldername>
<title>Blinx 2: Masters of Time &amp; Space</title>
<developer>Artoon</developer>
<publisher>Microsoft Game Studios</publisher>
<features_general>Players 1-4, 480p, Dolby Digital</features_general>
<features_online/>
<esrb>E</esrb>
<esrb_descriptors>Violence</esrb_descriptors>
<genre>Action, Platformer, 3D</genre>
<release_date>18 Nov 2004</release_date>
<rating>6.8</rating>
<platform>Xbox</platform>
<exclusive>Yes</exclusive>
<titleid>4D530065</titleid>
<overview>Blinx 2: Masters of Time and Space continues the adventures of Blinx, a heroic cat with the ability to make time slow, fast-forward, rewind, or stop. In this sequel, Blinx and his squad of tough, agile cats use their time-control powers to battle menacing time monsters, outmaneuver the criminal pig gang, and discover why time is disappearing. You can play as Blinx or his rivals--the sneaky pigs--who are equipped with the ability to morph and control space. Blinx 2 also features cooperative and competitive multiplayer modes.</overview>
</synopsis>
