<synopsis>
<sourcename>Harry Potter and the Goblet of Fire-T</sourcename>
<foldername>Harry Potter and the Goblet of Fire</foldername>
<title>Harry Potter and the Goblet of Fire</title>
<developer>EA UK</developer>
<publisher>EA Games</publisher>
<features_general>Players 1-3, Dolby Digital</features_general>
<features_online/>
<esrb>E</esrb>
<esrb_descriptors>Fantasy Violence</esrb_descriptors>
<genre>Action Adventure, Fantasy</genre>
<release_date>08 Nov 2005</release_date>
<rating>6.8</rating>
<platform>GameCube, Windows PC, PlayStation 2, Xbox</platform>
<exclusive>No</exclusive>
<titleid>45410077</titleid>
<overview>Harry, Ron, and Hermione are back in Harry Potter and the Goblet of Fire, a game based on J.K. Rowling's fourth book. The game follows Harry, the wizard-in-training, as he confronts a fire-breathing dragon, rescues friends from the icy depths of the Black Lake, and navigates the twisting corridors of a maze. As Harry, Ron, or Hermione, you can cast a variety of spells in both single-player and cooperative modes.</overview>
</synopsis>
