<synopsis>
<sourcename>Major League Baseball 2K7-T</sourcename>
<foldername>Major League Baseball 2K7</foldername>
<title>MLB 2K7</title>
<developer>Kush Games</developer>
<publisher>2K Games</publisher>
<features_general>Players 1-2, 480p, Custom Soundtracks, Dolby Digital</features_general>
<features_online>DLC</features_online>
<esrb>E</esrb>
<esrb_descriptors>No Descriptors</esrb_descriptors>
<genre>Sports, Traditional, Baseball, Sim</genre>
<release_date>26 Feb 2007</release_date>
<rating>7.1</rating>
<platform>PlayStation 2, Xbox</platform>
<exclusive>No</exclusive>
<titleid>545400B1</titleid>
<overview>It's a whole new ballgame Major League Baseball 2K7 redefines the pure baseball video game experience with true, Next-Gen details, all-new throwing mechanics and a revolutionary presentation system. Featuring stunning, lifelike player models, Signature Style animations, Inside Edge data and more, Major League Baseball 2K7 delivers the most authentic baseball action to date.</overview>
</synopsis>
