<synopsis>
<sourcename>American Chopper 2 - Full Throttle-T</sourcename>
<foldername>American Chopper 2 - Full Throttle</foldername>
<title>American Chopper 2: Full Throttle</title>
<developer>Creat Studios</developer>
<publisher>Activision</publisher>
<features_general>Players 1, Dolby Digital</features_general>
<features_online/>
<esrb>T</esrb>
<esrb_descriptors>Mild Language, Mild Violence</esrb_descriptors>
<genre>Driving, Racing, Motorcycle, Street</genre>
<release_date>17 Nov 2005</release_date>
<rating>8.1</rating>
<platform>PlayStation 2, Xbox</platform>
<exclusive>No</exclusive>
<titleid>4156004F</titleid>
<overview>Play as Paul Senior, Paulie, Mikey and Vinnie and experience the pressure and drama of the Discovery Channel hit TV series as you build four custom choppers for a motorcycle competition. Deal with the conflicts and problems that arise when you compete in family battles, races and other biker challenges in order to earn your parts and respect from Paul Senior. Everything culminates to a final showdown - are your custom creations up to the challenge?</overview>
</synopsis>
