<synopsis>
<title>Burnout 3: Takedown</title>
<developer>Criterion Games</developer>
<publisher>EA Games</publisher>
<features_general>Single-player, Multiplayer, 480p, 16:9, Dolby 5.1 Surround</features_general>
<features_online>Online</features_online>
<esrb>E</esrb>
<esrb_descriptors>Mild Language, Mild Violence</esrb_descriptors>
<genre>Driving, Racing, Arcade</genre>
<release_date>07 Sep 2004</release_date>
<rating>9.4</rating>
<platform>Online, PlayStation 2, Xbox, Xbox 360</platform>
<exclusive>No</exclusive>
<titleid/>
<overview>Burnout 3 challenges you to crash into (and through) busy intersections, while creating as much damage as possible. You can battle your way to the front of the pack by taking down rivals and causing spectacular crashes. For those who thirst for crashes, the game includes a crash mode that rewards you for creating massive pileups. With multiplayer gameplay, more than 100 events, and 40 tracks, Burnout 3 provides intense speed and action.</overview>
</synopsis>
