<synopsis>
<title>Finding Nemo</title>
<developer>Traveller's Tales</developer>
<publisher>THQ, Disney Interactive</publisher>
<features_general>Single-player, Dolby 5.1 Surround</features_general>
<features_online/>
<esrb>E</esrb>
<esrb_descriptors>No Descriptors</esrb_descriptors>
<genre>Action Adventure, Fantasy </genre>
<release_date>05 May 2003</release_date>
<rating>6.3</rating>
<platform>GameCube, PlayStation 2, Xbox</platform>
<exclusive>No</exclusive>
<titleid/>
<overview>Dive into a thrilling underwater adventure. Based on the movie from Disney and Pixar, Finding Nemo challenges you to reunite the young clownfish Nemo with his father Marlin. You have the option to play as Marlin, Dory, or Nemo and, as you live the action of the film's storyline, you'll meet all the other memorable characters. Also, remember hilarious moments from the film through clips included in the game. The search for Nemo is on, and it's up to you to find him.</overview>
</synopsis>
