<synopsis>
<title>Dead or Alive 3</title>
<developer>Team Ninja</developer>
<publisher>Tecmo</publisher>
<features_general>Single-player, Multiplayer, 480p, 16:9, Dolby 5.1 Surround</features_general>
<features_online/>
<esrb>T</esrb>
<esrb_descriptors>Mature Sexual Themes, Violence</esrb_descriptors>
<genre>Action, Fighting, 3D </genre>
<release_date>15 Nov 2001</release_date>
<rating>8.7</rating>
<platform>Xbox, Xbox 360</platform>
<exclusive>Yes</exclusive>
<titleid/>
<overview>Dead or Alive returns to take fighters to the next level. The third installment of the series features new characters, interactive environments, and all-new lighting effects. Explore the many expansive levels in single-player mode or battle against up to four players in multiplayer mode. The destructible environments, kinetic tag-battle feature, and all-new fighters make Dead or Alive 3 a worthy entry in the series.</overview>
</synopsis>
