<synopsis>
<title>Arctic Thunder</title>
<developer>Midway Games</developer>
<publisher>Midway Games</publisher>
<features_general>Single-player, Multiplayer, 480p</features_general>
<features_online/>
<esrb>T</esrb>
<esrb_descriptors>Mild Violence</esrb_descriptors>
<genre>Driving, Racing, Futuristic</genre>
<release_date>15 Nov 2001</release_date>
<rating>5.7</rating>
<platform>PlayStation 2, Xbox</platform>
<exclusive>No</exclusive>
<titleid/>
<overview>Are you ready for the ultimate battle on snow? You get proximity missiles, atomic snowballs, and snow bombs to use against your opponents as you battle your way to the finish line. If those don't do the trick, you've always got your fists for those up close and personal encounters. Choose one of 19 different characters and sleds, each one giving you different capabilities, and prepare to wage battle on one of 12 outlandish tracks, from the Swiss Alps to Atlantis. Master your snowmobile and perform any of 62 different tricks, or lure your friends into one of the special battle arenas for a duel.</overview>
</synopsis>
