<synopsis>
<foldername>Mimesis Revived V3.22</foldername>
<title>Mimesis Revived V3.22</title>
<developer>Unknown</developer>
<publisher>Unknown</publisher>
<features_general>Download Custom Maps for Xbox Games</features_general>
<features_online>None</features_online>
<esrb>Not Rated by ESRB</esrb>
<esrb_descriptors>Not Rated by ESRB</esrb_descriptors>
<genre>Application</genre>
<release_date>Unknown</release_date>
<rating>5.0</rating>
<platform>Modified Xbox</platform>
<exclusive>Yes</exclusive>
<titleid>00000000</titleid>
<overview>Maintained by CrunchBite, Memises is a free content distribution application wich allows you to download modded maps directly to your Xbox. With Memisis you can also download these modded maps without a modded xbox. In all there are 15 games that you can use this with.</overview>
</synopsis>
