<synopsis>
<title>CSI: Crime Scene Investigation</title>
<developer>369 Interactive</developer>
<publisher>Ubisoft</publisher>
<features_general>Single-player</features_general>
<features_online/>
<esrb>M</esrb>
<esrb_descriptors>Blood and Gore Violence</esrb_descriptors>
<genre>Adventure, First-Person, Modern </genre>
<release_date>14 Dec 2004</release_date>
<rating>4.5</rating>
<platform>Xbox</platform>
<exclusive>Yes</exclusive>
<titleid/>
<overview>What do a murdered woman, a slain police officer, and a mysterious arson case have in common? Enter the gritty world of CSI and search for the answer with Grissom, Catherine, and the entire Crime Scene Investigation team. As a new recruit, you'll have to learn how to use all of the investigator tools, including cotton swabs, rubber gloves, and plaster molds. Armed with high-powered forensic equipment and razor-sharp wits, delve deep into the mysteries of five baffling crime scenes to reveal the truth. </overview>
</synopsis>
