<synopsis>
<sourcename>Frogger Ancient Shadow-T</sourcename>
<foldername>Frogger Ancient Shadow</foldername>
<title>Frogger: Ancient Shadow</title>
<developer>Hudson Soft</developer>
<publisher>Konami</publisher>
<features_general>Players 1-4, Dolby Digital</features_general>
<features_online/>
<esrb>E</esrb>
<esrb_descriptors>No Descriptors</esrb_descriptors>
<genre>Action, Platformer, 3D</genre>
<release_date>28 Sep 2005</release_date>
<rating>4.7</rating>
<platform>GameCube, PlayStation 2, Xbox</platform>
<exclusive>No</exclusive>
<titleid>4B4E002C</titleid>
<overview>Frogger is back to his classic beginnings. His home of Firefly Swamp is being overrun by Dr. Wani and his evil plans. Join Frogger in his latest adventure as he explores seven different worlds and tries to restore order to his beloved swamp. Features classic, addictive "hop and dodge" gameplay. Mini games with up to 4 players on all platforms. Over 30 levels of play. Wide range of character moves, such as the double jump, tongue grab, and more. Special bonus - orignial 1981 Frogger arcade game included on all platforms.</overview>
</synopsis>
