<synopsis>
<title>The Incredibles / Mr. Incredible [JP]</title>
<developer>Heavy Iron Studios</developer>
<publisher>THQ</publisher>
<features_general>Single-player, 480p, 16:9, Dolby 5.1 Surround</features_general>
<features_online/>
<esrb>T</esrb>
<esrb_descriptors>Cartoon Violence</esrb_descriptors>
<genre>Action Adventure</genre>
<release_date>31 Oct 2004</release_date>
<rating>6.4</rating>
<platform>GameCube, Macintosh, Windows PC, PlayStation 2, Xbox</platform>
<exclusive>No</exclusive>
<titleid/>
<overview>Superstrength, superspeed, invisibility, and elasticity are all the powers you have to combat evil in The Incredibles. You'll need them, because your enemies throw bombs, bullets, and lasers at you. Based on the movie from Pixar, The Incredibles tells the story of a family of undercover superheroes that is trying to live a quiet, suburban life but is forced back into action to save the world. As the film's main characters, you must fight, race, and solve puzzles in more than 18 action-packed levels.</overview>
</synopsis>
