<synopsis>
<title>Bard's Tale</title>
<developer>InXile Entertainment</developer>
<publisher>Vivendi Universal Games</publisher>
<features_general>Single-player, 480p</features_general>
<features_online/>
<esrb>T</esrb>
<esrb_descriptors>Blood, Language, Suggestive Themes, Use of Alcohol, Violence</esrb_descriptors>
<genre>Role-Playing, Third-Person</genre>
<release_date>26 Oct 2004</release_date>
<rating>7.5</rating>
<platform>Windows PC, PlayStation 2, Xbox</platform>
<exclusive>No</exclusive>
<titleid>49580001</titleid>
<overview>The Bard's Tale is a modern interpretation of the original role-playing game of the same name. In this game, you'll take on the role of the Bard, a sardonic and opportunistic musician and adventurer. You can choose the Bard's responses toward other characters that he encounters with either "snarky" or nice dialogue. Each choice changes the course of events in the game. All the action takes place in medieval environments rife with townsfolk, birds, animals, rustling trees, and trickling water.</overview>
</synopsis>
