<synopsis>
<title>Hulk</title>
<developer>Radical Entertainment</developer>
<publisher>Vivendi Universal</publisher>
<features_general>Single-player, 480p, Dolby 5.1 Surround</features_general>
<features_online/>
<esrb>T</esrb>
<esrb_descriptors>Violence</esrb_descriptors>
<genre>Action, Beat-'Em-Up</genre>
<release_date>27 May 2003</release_date>
<rating>6.9</rating>
<platform>GameCube, Windows PC, PlayStation 2, Xbox</platform>
<exclusive>No</exclusive>
<titleid/>
<overview>The Hulk takes place one year after the events in the film, with troubled scientist Bruce Banner and his enraged alter ego, The Hulk, forced into action once again. A new villain, known as The Leader, plans to use The Hulk's gamma energy to unleash a relentless army of gamma creatures on the world, and only you can stop him. Employ the powers of stealth and logic as Bruce Banner, or command the incredible strength and fury of The Hulk. Take down your foes in fully destructible environments. The Hulk's 25 attacks can hurt your foes and can also destroy your environment.</overview>
</synopsis>
