<synopsis>
<sourcename>GTA San Andreas-M</sourcename>
<foldername>GTA San Andreas</foldername>
<title>Grand Theft Auto: San Andreas</title>
<developer>Rockstar North</developer>
<publisher>Rockstar Games</publisher>
<features_general>Players 1-2, 480p, Custom Soundtracks, Dolby Digital</features_general>
<features_online/>
<esrb>M</esrb>
<esrb_descriptors>Blood and Gore, Intense Violence, Strong Language, Strong Sexual Content, Use of Drugs</esrb_descriptors>
<genre>Action Adventure</genre>
<release_date>07 Jun 2005</release_date>
<rating>9.3</rating>
<platform>Windows PC, PlayStation 2, Xbox</platform>
<exclusive>No</exclusive>
<titleid>54540082</titleid>
<overview>Five years ago Carl Johnson escaped from the pressures of life in Los Santos, San Andreas... a city tearing itself apart with gang trouble, drugs and corruption. Where filmstars and millionaires do their best to avoid the dealers and gangbangers. Now, it's the early 90s. Carl's got to go home. His mother has been murdered, his family has fallen apart and his childhood friends are all heading towards disaster. On his return to the neighborhood, a couple of corrupt cops frame him for homicide. CJ is forced on a journey that takes him across the entire state of San Andreas, to save his family and to take control of the streets.</overview>
</synopsis>
