<synopsis>
<sourcename>Crash-T</sourcename>
<foldername>Crash</foldername>
<title>Crash</title>
<developer>Rage Software</developer>
<publisher>Majesco Games</publisher>
<features_general>Players 1-4, Wheel</features_general>
<features_online/>
<esrb>Not Rated by ESRB</esrb>
<esrb_descriptors>No Descriptors</esrb_descriptors>
<genre>Driving, Car Combat</genre>
<release_date>29 Jul 2002</release_date>
<rating>5.5</rating>
<platform>GameCube, PlayStation 2, Xbox</platform>
<exclusive>No</exclusive>
<titleid>4D4A0002</titleid>
<overview>Crash takes you for a ride in a destructive racing experience. In one of 12 cars, including hot rods, muscle, and performance cars, you must inflict as much damage on other cars as possible. Both the outer shell of each car (windows, hood, fenders, doors) and the chassis underneath can sustain damage that affects the car's performance. You can compete in 18 customizable game types and challenges, including Free for All, Stuntman, Multi-Tag, and Bus Jumping.</overview>
</synopsis>
