<synopsis>
<sourcename>Capcom Fighting Evolution-T</sourcename>
<foldername>Capcom Fighting Evolution</foldername>
<title>Capcom Fighting Evolution</title>
<developer>Capcom Production Studio 2</developer>
<publisher>Capcom</publisher>
<features_general>Players 1, Dolby Digital</features_general>
<features_online/>
<esrb>T</esrb>
<esrb_descriptors>Suggestive Themes, Violence</esrb_descriptors>
<genre>Fighting</genre>
<release_date>14 Jun 2005</release_date>
<rating>5.7</rating>
<platform>PlayStation 2, Xbox</platform>
<exclusive>No</exclusive>
<titleid>43430010</titleid>
<overview>Characters from Street Fighter and other Capcom series come together for intense two-on-two battles in Capcom Fighting Evolution. Now you can play as a diverse cast of players, as well as additional hidden characters from each of the following titles: Street Fighter II, Darkstalkers, Street Fighter III, Red Earth, and Street Fighter Alpha. Each character maintains his or her unique fighting style from his or her respective title, so players must strategically use each character's combat system to defeat an opponent.</overview>
</synopsis>
