<synopsis>
<sourcename>Doom 3 ROE-T</sourcename>
<foldername>Doom 3 ROE</foldername>
<title>Doom 3: Resurrection of Evil</title>
<developer>id Software</developer>
<publisher>Activision</publisher>
<features_general>Players 1, 480p, Dolby Digital</features_general>
<features_online>System Link 2-4, DLC</features_online>
<esrb>M</esrb>
<esrb_descriptors>Blood and Gore, Intense Violence</esrb_descriptors>
<genre>Action, Shooter, First-Person, Sci-Fi</genre>
<release_date>05 Oct 2005</release_date>
<rating>7.7</rating>
<platform>Windows PC, Xbox</platform>
<exclusive>Yes</exclusive>
<titleid>4156004E</titleid>
<overview>Reload your weapons for the first expansion pack to Doom 3. In Resurrection of Evil, you'll return to the abandoned facilities of Mars to investigate a mysterious beacon buried deep in the ruins of an ancient civilization. This time, you can wield new weapons, such as the double-barreled shotgun, and control time and gravity to defeat your enemies, which include six new demons. The expansion also adds all-new eight-player arenas for capture-the-flag matches.</overview>
</synopsis>
