<synopsis>
<sourcename>High Roller Casino-T</sourcename>
<foldername>High Roller Casino</foldername>
<title>High Rollers Casino</title>
<developer>Mud Duck Productions</developer>
<publisher>ZeniMax Media</publisher>
<features_general>Players 1, Dolby Digital</features_general>
<features_online/>
<esrb>E</esrb>
<esrb_descriptors>Mild Language, Simulated Gambling</esrb_descriptors>
<genre>Miscellaneous, Parlor, Gambling</genre>
<release_date>07 Nov 2004</release_date>
<rating>7.8</rating>
<platform>PlayStation 2, Xbox</platform>
<exclusive>No</exclusive>
<titleid>4253000F</titleid>
<overview>Experience the thrill and excitement of a Las Vegas casino like you've never seen before. An entire casino in full 3D, complete with everything you'd expect to find: blackjack, poker, slots, craps and much, much more.</overview>
</synopsis>
