<synopsis>
<sourcename>Freaky Flyers-T</sourcename>
<foldername>Freaky Flyers</foldername>
<title>Freaky Flyers</title>
<developer>Midway Games</developer>
<publisher>Midway Games</publisher>
<features_general>Players 1-2, 480p</features_general>
<features_online/>
<esrb>T</esrb>
<esrb_descriptors>Comic Mischief, Mild Violence, Suggestive Themes</esrb_descriptors>
<genre>Driving, Racing, Kart</genre>
<release_date>05 Aug 2003</release_date>
<rating>6.4</rating>
<platform>GameCube, PlayStation 2, Xbox</platform>
<exclusive>No</exclusive>
<titleid>4D570007</titleid>
<overview>Freaky Flyers takes you into the air for fast-and-furious racing with an interesting cast of animated characters. You'll either play as or encounter more than a dozen characters including an American hero, a female bandit from south of the border, and a mellow ambassador of tropical paradise. Explore, adventure, and dogfight in the skies over Danger Island, Haunted Transylvania, and Roaring Chicago. Pirates, haunted castles, and mob bosses all lie ahead of you--are you skilled enough to overcome these dangers?</overview>
</synopsis>
