<synopsis>
<sourcename>Cavestoryxv2-T</sourcename>
<foldername>Cavestoryxv2</foldername>
<title>Cave Story</title>
<developer>Daisuke "Pixel" Amaya (Ported by Xport)</developer>
<publisher>Homebrew</publisher>
<features_general>Single-player</features_general>
<features_online>None</features_online>
<esrb>Not Rated</esrb>
<esrb_descriptors>Not Rated</esrb_descriptors>
<genre>Adventure, Platformer</genre>
<release_date>Mid 2000's</release_date>
<rating>8.0</rating>
<platform>Xbox, Windows, PSP Wii, Nintendo DS, OS X, Linux, GP2X, Amiga</platform>
<exclusive>No</exclusive>
<titleid>07022007</titleid>
<overview>The fast-paced gameplay of Cave Story revolves around Quote, a robot who wakes up suffering amnesia who must explore and blast his way through cavernous areas in order to figure out who he is and what he is and his backstory. The character gains access to new areas as he powers up his weapons and solves various platforming puzzles. Quote speaks to non-player characters scattered around the game world in order to learn more and more about the world and its inhabitants. Cave Story takes place within the cavernous interior of a floating island. The island is populated by Mimigas, a race of sentient, rabbit-like creatures. A particular species of red flower that grows in the island causes the normally peaceful Mimigas to fall into a violent frenzy when ingested. The island also conceals an artifact called the Demon Crown, which has vast magical powers. An army of robot soldiers was sent to the floating island on a military expedition, seeking to harness the Demon Crown as a weapon for wars on the surface world. These robots slaughtered Mimigas indiscriminately in their search for the crown, but were defeated when the Mimigas decided to eat the red flowers as a last resort. Shortly before the game begins, Professor Booster, the Sakamoto family, and various assistants formed a scientific party to research the island, but they became stranded when their medical doctor managed to acquire the Crown: he then forced the expedition to search for the red flowers.</overview>
</synopsis>
