<synopsis>
<title>Hitman 2: Silent Assassin</title>
<developer>IO Interactive</developer>
<publisher>Eidos Interactive</publisher>
<features_general>Single-player, 480p, 16:9, Dolby 5.1 Surround</features_general>
<features_online/>
<esrb>M</esrb>
<esrb_descriptors>Blood, Strong Sexual Content, Violence</esrb_descriptors>
<genre>Action Adventure</genre>
<release_date>30 Sep 2002</release_date>
<rating>8.4</rating>
<platform>GameCube, Windows PC, PlayStation 2, Xbox</platform>
<exclusive>No</exclusive>
<titleid/>
<overview>The sequel to Hitman forces a retired assassin back into action by treason. Visit the dark recesses of the world corrupted by crime, greed, degradation, and dishonor. Your contracts will take you to exotic locations around the globe including Sicily, St. Petersburg, Japan, Malaysia, and India. A diverse arsenal of equipment, from armor-piercing rifles and explosives to chloroform and poison darts, are at your disposal. Stalk and eliminate your targets up close and personal, in either first- or third-person perspectives. You must decide whether to use stealth or aggression, but be careful--you'll have to deal with the consequences.</overview>
</synopsis>
