<synopsis>
<foldername>dvd2Xbox-T</foldername>
<title>dvd2Xbox</title>
<developer>Unknown</developer>
<publisher>Unknown</publisher>
<features_general>Rip Xbox Games to HDD</features_general>
<features_online>None</features_online>
<esrb>Not Rated by ESRB</esrb>
<esrb_descriptors>Not Rated by ESRB</esrb_descriptors>
<genre>Application</genre>
<release_date>Unknown</release_date>
<rating>9.0</rating>
<platform>Modified Xbox</platform>
<exclusive>Yes</exclusive>
<titleid>00000000</titleid>
<overview>DVD2Xbox is an application for backing up Xbox game discs to a modded Xbox HDD. Includes ACL patches.</overview>
</synopsis>
