<synopsis>
<sourcename>Lord of the Rings The Third Age-MT</sourcename>
<foldername>Lord of the Rings The Third Age</foldername>
<title>Lord of the Rings: The Third Age</title>
<developer>EA Games</developer>
<publisher>EA Games</publisher>
<features_general>Players 1-2, Custom Soundtracks, Dolby Digital</features_general>
<features_online/>
<esrb>T</esrb>
<esrb_descriptors>Violence</esrb_descriptors>
<genre>Role-Playing, Console-style RPG</genre>
<release_date>02 Nov 2004</release_date>
<rating>7.5</rating>
<platform>GameCube, PlayStation 2, Xbox</platform>
<exclusive>No</exclusive>
<titleid>4541005F</titleid>
<overview>In The Lord of the Rings: The Third Age, you can travel in the wake of the Fellowship while exploring your own path and periodically intersecting the major events of the film trilogy. Through both familiar and new locations, you must fight to save or destroy Middle-earth in an epic adventure. Encounter the demonic Balrog in the Mines of Moria, defend the fallen city of Osgiliath, or try to destroy Helm's Deep. These choices and many more will confront you as you align yourself with the people of Middle-earth or undertake missions on behalf of Sauron.</overview>
</synopsis>
