<synopsis>
<sourcename>Furious Karting-MB</sourcename>
<foldername>Furious Karting</foldername>
<title>Furious Karting</title>
<developer>Babylon Software</developer>
<publisher>Atari</publisher>
<features_general>Players 1-4, 480p, Custom Soundtracks, Dolby Digital</features_general>
<features_online/>
<esrb>T</esrb>
<esrb_descriptors>Mild Violence, Strong Language, Suggestive Themes</esrb_descriptors>
<genre>Driving, Racing, Kart</genre>
<release_date>28 Mar 2003</release_date>
<rating>6.3</rating>
<platform>Xbox</platform>
<exclusive>Yes</exclusive>
<titleid>4947000B</titleid>
<overview>Furious Karting brings the speed and excitement of kart racing to your neighborhood. Now you can hop into a kart and speed through city streets, shopping malls, and fantasy tracks. During each race, you'll have special moves, pickups, and tricks to help you pass the competition. In addition to battling rival racers in single-player mode, you can compete against your friends in four-player multiplayer mode. No matter which character you play as, you can develop your own racing style and lead your team to victory.</overview>
</synopsis>
