<synopsis>
<sourcename>Constantine-T</sourcename>
<foldername>Constantine</foldername>
<title>Constantine</title>
<developer>Bits Studios</developer>
<publisher>THQ</publisher>
<features_general>Players 1, 480p, Dolby Digital</features_general>
<features_online/>
<esrb>M</esrb>
<esrb_descriptors>Blood and Gore, Intense Violence, Language</esrb_descriptors>
<genre>Action Adventure, Sci-Fi</genre>
<release_date>15 Feb 2005</release_date>
<rating>6</rating>
<platform>PlayStation 2, Xbox</platform>
<exclusive>No</exclusive>
<titleid>5343000F</titleid>
<overview>Inspired by the film by Warner Bros., and based on the graphic novels by DC Comics and Vertigo Hellblazer, Constantine is an intense horror game that literally takes you to Hell and back. You play as John Constantine, an irreverent mystic detective who must embark on an investigation in a supernatural world that exists just beneath Los Angeles. To survive, you must use an array of powerful incantations and holy artifacts, including the crucifier, holy shotgun, and flamethrower. Your "true sight" ability helps you identify demons and other secrets.</overview>
</synopsis>
