<synopsis>
<title>Championship Manager 2006 [EU]</title>
<developer>Gusto Games</developer>
<publisher>Eidos Interactive</publisher>
<features_general>Single-player</features_general>
<features_online/>
<esrb>Not Rated by ESRB</esrb>
<esrb_descriptors>None</esrb_descriptors>
<genre>Sport, Soccer Management Simulator</genre>
<release_date>12 May 2006</release_date>
<rating>Not Rated</rating>
<platform>Xbox</platform>
<exclusive>No</exclusive>
<titleid/>
<overview>Championship Manager 2006 is a computer game in Eidos' Championship Manager series. It is essentially a seasonal update for Championship Manager 5. The game was developed by Beautiful Game Studios (BGS) and was released on PC on March 31, 2006.</overview>
</synopsis>
