<synopsis>
<title>Conan</title>
<developer>Cauldron HQ</developer>
<publisher>TDK Mediactive</publisher>
<features_general>Single-player, Multiplayer</features_general>
<features_online>Max Player on System Link: 8</features_online>
<esrb>M</esrb>
<esrb_descriptors>Blood and Gore, Intense Violence, Nudity</esrb_descriptors>
<genre>Action-adventure, hack and slash</genre>
<release_date>08 Apr 2004</release_date>
<rating>6.1</rating>
<platform>Windows, Xbox, GameCube, PlayStation 2</platform>
<exclusive>No</exclusive>
<titleid/>
<overview>Conan is a third-person action-adventure game with the majority of the action being real time hack and slash combat, though you also have to solve puzzles in the game. The player can acquire up to 14 different weapons and learn new fighting techniques similar to other role-playing video games. There are more than 70 levels, spanning from volcanoes to jungles, in which Conan faces 12 bosses and collects pieces of a legendary Atlantean sword.</overview>
</synopsis>
