<synopsis>
<sourcename>Battlefield 2 Modern Combat-B</sourcename>
<foldername>Battlefield 2 Modern Combat</foldername>
<title>Battlefield 2: Modern Combat</title>
<developer>EA DICE</developer>
<publisher>EA Games</publisher>
<features_general>Players 1, Dolby Digital</features_general>
<features_online>DLC</features_online>
<esrb>T</esrb>
<esrb_descriptors>Language, Violence</esrb_descriptors>
<genre>Action, Shooter, First-Person, Tactical</genre>
<release_date>24 Oct 2005</release_date>
<rating>8</rating>
<platform>PlayStation 2, Xbox</platform>
<exclusive>No</exclusive>
<titleid>45410062</titleid>
<overview>Battlefield 2: Modern Combat brings the intensity of Battlefield 1942 into the modern era with the latest vehicles and weapons systems available. In this first-person shooter, you'll choose to fight for one of three military superpowers: the United States, China, or the newly formed Middle East Coalition. Armed with advanced weaponry, you can take control of any of the game's vehicles to engage in major conflicts with up to 24 players online. Battlefield: Modern Combat features expansive environments--from city streets to remote jungles--all around the world.</overview>
</synopsis>
