<synopsis>
<title>Celebrity Deathmatch</title>
<developer>Big Ape Productions</developer>
<publisher>Gotham Games</publisher>
<features_general>Single-player, Multiplayer</features_general>
<features_online/>
<esrb>M</esrb>
<esrb_descriptors>Blood and Gore, Mature Humor, Mature Sexual Themes, Violence</esrb_descriptors>
<genre>Fighting</genre>
<release_date>14 Oct 2003</release_date>
<rating>3.6</rating>
<platform>GameCube, Windows PC, PlayStation 2, Xbox</platform>
<exclusive>No</exclusive>
<titleid/>
<overview>Based on the TV show, MTV's Celebrity Deathmatch pits famous personalities against each other in bloody bouts. Each of the 15 characters has their own special moves and reflects the damage taken during fights with bruises, blood, dents, and deformities. You can also create your own celebrity and test his or her skills in the arena spotlight. Original show hosts Nick Diamond and Johnny Gomez provide color commentary while referee Mills Lane calls the shots.</overview>
</synopsis>
