<synopsis>
<title>Close Combat: First to Fight</title>
<developer>Destineer</developer>
<publisher>2K Games</publisher>
<features_general>Single-player, Multiplayer, 480p, 16:9</features_general>
<features_online>Online, Max Player on System Link: 8-vs, 4-coop</features_online>
<esrb>T</esrb>
<esrb_descriptors>Blood, Violence</esrb_descriptors>
<genre>First-person shooter</genre>
<release_date>06 Apr 2005</release_date>
<rating>6.9</rating>
<platform>Macintosh, Windows PC, Xbox</platform>
<exclusive>No</exclusive>
<titleid/>
<overview>Created under the direction of the US Marine Corps, First to Fight puts you behind the barrel of an M16-A4 as a Marine fireteam leader. Now it's up to you to lead your four-man team through the dangerous streets of Beirut in modern urban combat. In this first-person shooter, you can use the Marine Air Ground Task Force to call for fire and support from Cobra helicopters, mortar teams, other fireteams, tanks, and AAVs. Develop true military tactics such as laying suppressing fire, flanking enemies, separating leaders from enemies, and more.</overview>
</synopsis>
