<synopsis>
<title>Alien Hominid</title>
<developer>The Behemoth</developer>
<publisher>O~3 Entertainment</publisher>
<features_general>Single-player, Multiplayer, 480p</features_general>
<features_online/>
<esrb>T</esrb>
<esrb_descriptors>Blood and Gore, Cartoon Violence</esrb_descriptors>
<genre>Run and Gun</genre>
<release_date>01 May 2005</release_date>
<rating>8.5</rating>
<platform>GameCube, PlayStation 2, Xbox</platform>
<exclusive>No</exclusive>
<titleid>5A440004</titleid>
<overview>They've got your spaceship, so blow up anything in your path to get it back. Completely hand-drawn high-definition graphics coupled with old-school game play results in ultimate mayhem. This addictive, side-scrolling shooter features cute, quirky humor and adjustable cartoon gore. Alien Hominid HD features jump-in-anytime multiplayer action, immersive environments, award-winning bosses, and over 30 fashionable hats. This 2-D Yes experience comes jam-packed with seven mini-games, including several four-player party games. All You Can Eat, Neutron Ball, and PDA Games will keep the party going for hours on end.</overview>
</synopsis>
