<synopsis>
<sourcename>Zelda - Return Of The Hylian-T</sourcename>
<foldername>Zelda - Return Of The Hylian</foldername>
<title>Zelda - Return of the Hylian</title>
<developer>Vincent Jouillat (Ported by freakdave)</developer>
<publisher>Homebrew</publisher>
<features_general>Single-player</features_general>
<features_online>None</features_online>
<esrb>Not Rated</esrb>
<esrb_descriptors>Not Rated</esrb_descriptors>
<genre>Adventure</genre>
<release_date>Mid 2000's</release_date>
<rating>8.5</rating>
<platform>Xbox, Windows</platform>
<exclusive>No</exclusive>
<titleid>5E7DA001</titleid>
<overview>After Link's victory over Ganon (in "A Link to the Past"), no one knows what Links wish to the Triforce was. But this wish reunified the Light World and the Dark World and brought the 7 wise mens descendants back to life. Peace was back in Hyrule. But unfortunately, this wish also ressurected Ganon and his henchmen. He was preparing his revenge, but he couldn't do anything without the Triforce. One night, a familiar voice speaks to Link in his sleep.</overview>
</synopsis>
