<synopsis>
<title>Matrix: Path of Neo</title>
<developer>Shiny Entertainment</developer>
<publisher>Atari</publisher>
<features_general>Single-player, 480p, Dolby 5.1 Surround</features_general>
<features_online/>
<esrb>T</esrb>
<esrb_descriptors>Blood, Language, Suggestive Themes, Violence</esrb_descriptors>
<genre>Action Adventure, Sci-Fi </genre>
<release_date>07 Nov 2005</release_date>
<rating>7.3</rating>
<platform>Windows PC, PlayStation 2, Xbox</platform>
<exclusive>No</exclusive>
<titleid>4541001A</titleid>
<overview>You can play as Neo in a story spanning the entire Matrix trilogy in The Matrix: Path of Neo. The game's story is written and directed by the Wachowski siblings, who created the movie trilogy. You can employ all the reality-bending powers of "The One" as you engage in fights both from the movie and made exclusively for the game. The Matrix: Path of Neo also includes new, unreleased video from the movies, and new characters that expand the story of The Matrix.</overview>
</synopsis>
