<synopsis>
<sourcename>Odyssey 2</sourcename>
<foldername>Odyssey 2</foldername>
<title>Odyssey 2</title>
<developer>Magnavox</developer>
<publisher>Magnavox</publisher>
<features_general>Two Paddles</features_general>
<features_online>N/A</features_online>
<esrb>Not Rated</esrb>
<esrb_descriptors>Not Rated</esrb_descriptors>
<genre>Video Games</genre>
<release_date>01 Dec 1978</release_date>
<rating>6.5</rating>
<platform>Home Video Game Console</platform>
<exclusive>N/A</exclusive>
<titleid>N/A</titleid>
<overview>The Magnavox Odyssey 2, also known as Philips Odyssey 2, is a second generation home video game console that was released in 1978. It was sold in Europe as the Philips Videopac G7000, in Brazil as the Philips Odyssey and in Japan as Odyssey 2. The Odyssey 2 was one of the major three home consoles prior to the 1983 video game market crash, along with Atari 2600 and Intellivision. In the early 1970s, Magnavox pioneered the home video game industry by successfully bringing the first home console to market, the Odyssey, which was quickly followed by a number of later models, each with a few technological improvements (see Magnavox Odyssey series). In 1978, Magnavox, now a subsidiary of North American Philips, decided to release an all-new successor, Odyssey 2. In 2009, the video game website IGN named the Odyssey² the 21st greatest video game console, out of its list of 25.</overview>
</synopsis>
