<synopsis>
<sourcename>Legends of Wrestling-M</sourcename>
<foldername>Legends of Wrestling</foldername>
<title>Legends of Wrestling</title>
<developer>Acclaim Entertainment</developer>
<publisher>Acclaim Entertainment</publisher>
<features_general>Players 1-4, Dolby Digital</features_general>
<features_online/>
<esrb>T</esrb>
<esrb_descriptors>Blood, Violence</esrb_descriptors>
<genre>Action, Fighting, Wrestling</genre>
<release_date>27 May 2002</release_date>
<rating>6.5</rating>
<platform>GameCube, PlayStation 2, Xbox</platform>
<exclusive>No</exclusive>
<titleid>41430003</titleid>
<overview>Legends of Wrestling throws the greatest wrestlers into one game to find out who is the true king of kings. Wrestling superstars, including Hulk Hogan, Bret "Hitman" Hart, and Jerry "The King" Lawler, step back into the ring to deliver more body slams, piledrivers, and powerbombs to the competition. Play as authentic professional wrestlers or create your own legendary fighter, and then travel around the world to battle for wrestling's top titles. Legends of Wrestling also features customizable ring attire and new wrestler entrances.</overview>
</synopsis>
