<synopsis>
<sourcename>FIFA 2006-MB</sourcename>
<foldername>FIFA 2006</foldername>
<title>FIFA 06 Soccer</title>
<developer>EA Canada</developer>
<publisher>EA Games</publisher>
<features_general>Players 1-4, 480p, 720p, Dolby Digital</features_general>
<features_online/>
<esrb>E</esrb>
<esrb_descriptors>No Descriptors</esrb_descriptors>
<genre>Sports, Soccer</genre>
<release_date>04 Oct 2005</release_date>
<rating>8</rating>
<platform>GBA, GameCube, Nintendo DS, Windows PC, PlayStation 2, Xbox</platform>
<exclusive>No</exclusive>
<titleid>45410078</titleid>
<overview>You can experience the excitement of international soccer competition in FIFA 06. Extensive coaching options give you the opportunity to take control of all of your players on the pitch and determine their formation and strategy. FIFA 06 offers game modes ranging from a tournament to individual skill games. You can also play with real players from famous international teams from around the world. Multiplayer modes let you challenge other gamers.</overview>
</synopsis>
