<synopsis>
<title>Just Cause</title>
<developer>Avalanche Studios</developer>
<publisher>Eidos Interactive</publisher>
<features_general>Single-player, Dolby 5.1 Surround</features_general>
<features_online/>
<esrb>M</esrb>
<esrb_descriptors>Blood, Drug Reference, Intense Violence, Language, Sexual Themes</esrb_descriptors>
<genre>Action Adventure, Modern</genre>
<release_date>27 Sep 2006</release_date>
<rating>7.4</rating>
<platform>Windows PC, PlayStation 2, Xbox, Xbox 360</platform>
<exclusive>No</exclusive>
<titleid/>
<overview>In Just Cause, take on the role of the flamboyant Rico Rodriguez--an undercover CIA operative specializing in regime change--as he tries to overthrow the corrupt government of San Esperito. This rogue South American island is suspected of stockpiling WMDs and it's your job to negate the threat to world peace. It could be to your advantage that this tropical paradise is about to implode as various factions vie for power--it just needs a gentle nudge in the right direction.</overview>
</synopsis>
