<synopsis>
<title>Brian Lara International Cricket 2005[EU] / Ricky Ponting International Cricket 2005</title>
<developer>Codemasters</developer>
<publisher>Codemasters</publisher>
<features_general>Single-player, Multiplayer</features_general>
<features_online/>
<esrb>Not Rated by ESRB</esrb>
<esrb_descriptors>No Descriptors</esrb_descriptors>
<genre>Sports, Cricket</genre>
<release_date>21 Jul 2005</release_date>
<rating>7.1</rating>
<platform>Microsoft Windows, Xbox, PlayStation 2</platform>
<exclusive>No</exclusive>
<titleid/>
<overview>Brian Lara International Cricket 2005 (BLIC) (also known as Ricky Ponting Cricket in Australia and New Zealand) is a cricket video game from Codemasters, available on Xbox, PlayStation 2 and Windows PC platforms. released on 21 July 2005, which was the first day of the 2005 Ashes series. The game is followed by Brian Lara International Cricket 2007 (Ricky Ponting International Cricket 2007 in Australia and New Zealand and Yuvraj Singh International Cricket in India).</overview>
</synopsis>
