<synopsis>
<title>Conflict: Desert Storm II: Back to Baghdad</title>
<developer>Pivotal Games</developer>
<publisher>SCi</publisher>
<features_general>Single-player, Multiplayer, 480p, Dolby 5.1 Surround</features_general>
<features_online>Scoreboard or DLC</features_online>
<esrb>T</esrb>
<esrb_descriptors>Blood, Violence</esrb_descriptors>
<genre>Action, Shooter, Third-Person, Tactical</genre>
<release_date>08 Oct 2003</release_date>
<rating>7.1</rating>
<platform>GameCube, Windows PC, PlayStation 2, Xbox</platform>
<exclusive>No</exclusive>
<titleid/>
<overview>At the height of the 1991 Gulf War, 300 klicks into the heart of Iraq, you must command your squad of Special Forces operatives to strike at Iraq's evil dictator and his fascist regime. Armed with an authentic arsenal of high-tech weapons and vehicles, your squad will face impossible odds in this battle against tyranny. Only strategy and skill will ensure your survival through frantic firefights, gut-wrenching vehicular combat, and gripping stealth operations. "The Mother of All Battles" is coming to your Yes in Conflict: Desert Storm II--Back to Baghdad. </overview>
</synopsis>
