<synopsis>
<sourcename>Madagascar-T</sourcename>
<foldername>Madagascar</foldername>
<title>Madagascar</title>
<developer>Toys for Bob</developer>
<publisher>Activision</publisher>
<features_general>Players 1, 480p, Dolby Digital</features_general>
<features_online/>
<esrb>E</esrb>
<esrb_descriptors>Cartoon Violence, Crude Humor</esrb_descriptors>
<genre>Action, Platformer, 3D</genre>
<release_date>24 May 2005</release_date>
<rating>7.1</rating>
<platform>GameCube, Windows PC, PlayStation 2, Xbox</platform>
<exclusive>No</exclusive>
<titleid>4156003B</titleid>
<overview>Based on the animated film from DreamWorks, Madagascar tells the tale of four animals in New York's Central Park Zoo. You must use the skills of your animal crew (consisting of a lion, zebra, giraffe, and hippo) to overcome a variety of dangerous obstacles. As you meet new characters and battle enemies, you'll develop new skills, such as the stealth crawl, the helicopter spin, and the running barrel. Replay levels to unlock character-specific bonuses and cheats.</overview>
</synopsis>
