<synopsis>
<title>Die Hard: Vendetta[EU]</title>
<developer>Bits Studios</developer>
<publisher>VU Games, Fox Interactive</publisher>
<features_general>Single-player, 480p, 16:9</features_general>
<features_online/>
<esrb>Not Rated by ESRB</esrb>
<esrb_descriptors>Blood Strong Language Violence</esrb_descriptors>
<genre>Action, Shooter, First-Person, Modern </genre>
<release_date>27 Jun 2003</release_date>
<rating>5.4</rating>
<platform>GameCube, Xbox</platform>
<exclusive>No</exclusive>
<titleid/>
<overview>In Die Hard: Vendetta, tactics and stealth are just as important as having a big gun and being a quick shot. The story picks up five years after the movie Die Hard With a Vengeance, and you play as LA cop John McClane. Your daughter, now a full-grown woman on the police force, finds herself in danger, and it's up to you to save her. In your investigation, you'll meet old friends, uncover helpful clues, and solve objectives--all while using stealth or an arsenal of weaponry to move past enemies.</overview>
</synopsis>
