<synopsis>
<title>Mafia: The City of Lost Heaven</title>
<developer>Illusion Softworks</developer>
<publisher>Gathering of Developers</publisher>
<features_general>Single-player, Dolby 5.1 Surround</features_general>
<features_online/>
<esrb>M</esrb>
<esrb_descriptors>Blood, Violence</esrb_descriptors>
<genre>Action Adventure, Historic</genre>
<release_date>13 Mar 2004</release_date>
<rating>6.6</rating>
<platform>Windows PC, PlayStation 2, Xbox</platform>
<exclusive>No</exclusive>
<titleid/>
<overview>Play the role of Tommy, a man unhappy with his job as a driver in the Mafia. You control Tommy through the streets of 1930's American city, complete with simulated traffic and authentic buildings. Unwillingly accept assignments such as mob hits, car chases, bootlegging, shootouts, assassinations and bank robberies. Drive over 60 cars based on real models from the 30's. Choose from over 12 weapons ranging from baseball bats to the Tommy gun, to deal with those that dare to cross your path. In the Mafia, there's never a dull moment.</overview>
</synopsis>
