<synopsis>
<title>DDR Ultramix 3/ Dancing Stage Unleashed 3</title>
<developer>Konami</developer>
<publisher>Konami</publisher>
<features_general>Single-player, Multiplayer, 480p, Dolby 5.1 Surround</features_general>
<features_online/>
<esrb>E</esrb>
<esrb_descriptors>Mild Lyrics, Suggestive Themes</esrb_descriptors>
<genre>Miscellaneous, Rhythm, Dancing </genre>
<release_date>15 Nov 2005</release_date>
<rating>7.5</rating>
<platform>Xbox</platform>
<exclusive>Yes</exclusive>
<titleid/>
<overview>Dance Dance Revolution Ultramix 3 allows players to compete online and go head-to-head with other DDR fans from around the globe, talk live to other DDR players as well as download new songs and other content. Ultramix 3 also features never-before-seen offline modes that cater to the casual, beginner and advanced dancers. 'Freestyle Mode' lets newcomers to the series dance to any song without having to follow specific dance steps on the screen. </overview>
</synopsis>
