<synopsis>
<title>Capcom Classics Collection Vol. 2</title>
<developer>Backbone Entertainment</developer>
<publisher>Capcom</publisher>
<features_general>Single-player, Multiplayer, 480p</features_general>
<features_online/>
<esrb>T</esrb>
<esrb_descriptors>Blood and Gore, Mild Suggestive Themes, Violence</esrb_descriptors>
<genre>Miscellaneous, Compilation</genre>
<release_date>14 Nov 2006</release_date>
<rating>7.2</rating>
<platform>PlayStation 2, Xbox</platform>
<exclusive>No</exclusive>
<titleid/>
<overview>Capcom Classics Collection Vol. 2 reacquaints players with the revolutionary games of their time while providing countless rounds of quarter-free entertainment. Each treasured favourite contains bountiful bonus features including remixed soundtracks, original art and history that will leaveCapcom Classics Collection Vol. 2 reacquaints players with the revolutionary games of their time while providing countless rounds of quarter-free entertainment. Each treasured favourite contains bountiful bonus features including remixed soundtracks, original art and history that will leave everyone wanting for more. Titles include: 1941: Counter Attack, Avengers, Black Tiger, Block Block, Captain Commando, Eco Fighters, The King of Dragons, Knights of the Round, Last Duel, Magic Sword, Mega Twins, Quiz and Dragons:Capcom Quiz Game, Side Arms Hyper Dyne, Street Fighter, Strider, Super Street Fighter II Turbo, The Speed Rumbler, Three Wonders, Tiger Road, Varth: Operation Thunderstorm.</overview>
</synopsis>
