<synopsis>
<title>Judge Dredd: Dredd Vs. Death</title>
<developer>Rebellion</developer>
<publisher>Evolved Games</publisher>
<features_general>Single-player, Multiplayer, 480p, Dolby 5.1 Surround</features_general>
<features_online/>
<esrb>M</esrb>
<esrb_descriptors>Blood and Gore, Intense Violence, Strong Language</esrb_descriptors>
<genre>Action, Shooter, First-Person, Sci-Fi</genre>
<release_date>03 Mar 2005</release_date>
<rating>5.7</rating>
<platform>GameCube, Windows PC, PlayStation 2, Xbox</platform>
<exclusive>No</exclusive>
<titleid/>
<overview>Judge Dredd: Dredd Versus Death combines weapon management, fast-paced combat, and intense multiplayer action. Based on the comic book, the game puts you in the shoes of Judge Dredd, a no-holds-barred judge who is determined to clean up the streets of the futuristic Mega-City One. Armed with an all-purpose LawGiver that features six types of ammo, you can shoot to wound, shoot to kill, or make an arrest--all while keeping an eye on your Lawmeter. Shoot an unarmed citizen, and your Lawmeter will drop; apprehend numerous criminals, and it will rise.</overview>
</synopsis>
