<synopsis>
<title>Cold War</title>
<developer>Mindware Studios</developer>
<publisher>DreamCatcher Games</publisher>
<features_general>Single-player</features_general>
<features_online/>
<esrb>T</esrb>
<esrb_descriptors>Language, Tobacco Reference, Violence</esrb_descriptors>
<genre>Stealth</genre>
<release_date>27 Sep 2005</release_date>
<rating>6</rating>
<platform>Windows PC, Xbox</platform>
<exclusive>Yes</exclusive>
<titleid/>
<overview>Cold War follows a freelance journalist who finds himself in the midst of an international conspiracy that aims to control the U.S.S.R. Twelve hours after arrival in Moscow for a routine story, he has been stripped of all possessions, beaten unconscious, and thrown into the KGB's political prison. Now you must match wits and strength against the powerful Russian enemy using only recovered weapons and improvised gadgets to eliminate opponents. Whether you choose to evade or overcome elite Soviet forces, you must defeat the conspiracy before you're sent to a Siberian prison camp or killed. </overview>
</synopsis>
