<synopsis>
<title>Big Mutha Truckers</title>
<developer>Eutechnyx</developer>
<publisher>THQ</publisher>
<features_general>Single-player, Dolby 5.1 Surround</features_general>
<features_online/>
<esrb>T</esrb>
<esrb_descriptors>Comic Mischief, Mild Language, Mild Violence, Suggestive Themes</esrb_descriptors>
<genre>Driving, Racing, Truck</genre>
<release_date>23 Jun 2003</release_date>
<rating>5.9</rating>
<platform>GameCube, Windows PC, PlayStation 2, Xbox</platform>
<exclusive>No</exclusive>
<titleid/>
<overview>It's a redneck family fight to see who inherits the family trucking business. As one of four zany characters in Big Mutha Truckers including Bobbie-Sue, Cletus, Earl, and Rawkus, you have 60 days to earn the most money by hauling cargo. Drive various massive 18-wheelers around five cities as you battle bikers, avoid truck-jackers, outrun the corrupt police force, and discover new routes and bonuses. The race to the finish is full of obstacles--don't let anything get in your way.</overview>
</synopsis>
