<synopsis>
<title>GunValkyrie</title>
<developer>Smilebit</developer>
<publisher>Sega</publisher>
<features_general>Single-player, 480p, Dolby 5.1 Surround</features_general>
<features_online/>
<esrb>T</esrb>
<esrb_descriptors>Blood and Gore, Suggestive Themes, Violence</esrb_descriptors>
<genre>Action, Shooter, Third-Person, Sci-Fi </genre>
<release_date>18 Mar 2002</release_date>
<rating>7.3</rating>
<platform>Xbox</platform>
<exclusive>Yes</exclusive>
<titleid/>
<overview>In Gun Valkyrie players suit up as either Kelly O'Lenmey or Saburota Mishima to battle hideously oversized arachnids with a variety of character-specific weapons. Amidst rock formations housing huge number of aggressive monster approaching from every direction, you must scan the 360-degree area while running and shooting the creatures. It's a race against technology to save the world form complete annihilation</overview>
</synopsis>
