<synopsis>
<sourcename>Heroes of the Pacific-T</sourcename>
<foldername>Heroes of the Pacific</foldername>
<title>Heroes of the Pacific</title>
<developer>IR Gurus</developer>
<publisher>Codemasters, Ubisoft</publisher>
<features_general>Players 1-2, 480p, Dolby Digital</features_general>
<features_online>System Link 2-8</features_online>
<esrb>T</esrb>
<esrb_descriptors>Strong Language, Violence</esrb_descriptors>
<genre>Simulation, Flight, WWII</genre>
<release_date>28 Sep 2005</release_date>
<rating>7.6</rating>
<platform>Windows PC, PlayStation 2, Xbox</platform>
<exclusive>No</exclusive>
<titleid>45430004</titleid>
<overview>Prepare yourself for arcade flight combat based around the key battles in the Pacific Theater during WWII. As the hero whose skill, courage, and determination can win or lose the war, you'll begin the action with the Japanese attack on Pearl Harbor, and fight through the battles of Midway, Iwo Jima, the Coral Sea, and Guadalcanal. Pilot 25 actual WWII aircraft through single-player missions, and control up to eight wingmen. Multiplayer modes include Co-op, Dogfight, Team Dogfight, Capture the Flag, and Fox and Hounds.</overview>
</synopsis>
