<synopsis>
<title>Haunted Mansion, The</title>
<developer>High Voltage Software</developer>
<publisher>TDK Mediactive</publisher>
<features_general>Single-player, 480p, Dolby 5.1 Surround</features_general>
<features_online/>
<esrb>T</esrb>
<esrb_descriptors>Mild Violence</esrb_descriptors>
<genre>Action, Platformer, 3D</genre>
<release_date>14 Oct 2003</release_date>
<rating>7.1</rating>
<platform>GameCube, Windows PC, PlayStation 2, Xbox</platform>
<exclusive>No</exclusive>
<titleid/>
<overview>The Disneyland attraction is making a video game appearance in The Haunted Mansion. In the famous house of wall-to-wall creeps and hot-and-cold running chills, you play Zeke, a boy burdened with the unenviable task of putting 999 evil spirits to rest while trying to keep himself from becoming number 1000. Inspired by the both the movie and the ride, Haunted Mansion's environments feature unique puzzles, secret passageways, and plenty of areas for you to run, jump, fight, and climb your way through the mansion. There's no turning back now.</overview>
</synopsis>
