<synopsis>
<title>Largo Winch: Empire Under Threat[EU]</title>
<developer>Dupuis</developer>
<publisher>Ubisoft</publisher>
<features_general>Single-player, Multiplayer</features_general>
<features_online/>
<esrb>Not Rated by ESRB</esrb>
<esrb_descriptors>None</esrb_descriptors>
<genre>Action Adventure</genre>
<release_date>19 Sep 2002</release_date>
<rating>Not Rated</rating>
<platform>Xbox, PlayStation 2, GameCube, Windows</platform>
<exclusive>No</exclusive>
<titleid/>
<overview>Largo Winch: Empire Under Threat is an action-adventure video game released in 2002 by Dupuis only in Europe. It is a puzzle-based third-person adventure game with Largo himself as the playable character. The plot of the game follows the usual scenario of Largo Winch stories, with his business empire under threat as he fights to save it, with location in New York - Veracruz, Mexico - Russia, Siberia - Sardinia - and Nerio's Island Sarjevane, Adriatic Sea.</overview>
</synopsis>
