<synopsis>
<title>MLB Slugfest 2003</title>
<developer>Midway Games</developer>
<publisher>Midway Games</publisher>
<features_general>Single-player, Multiplayer</features_general>
<features_online/>
<esrb>E</esrb>
<esrb_descriptors>Sports, Traditional, Baseball, Arcade</esrb_descriptors>
<genre>Sports, Traditional, Baseball, Arcade</genre>
<release_date>26 Aug 2002</release_date>
<rating>7.9</rating>
<platform>GameCube, PlayStation 2, Xbox</platform>
<exclusive>No</exclusive>
<titleid/>
<overview>MLB SlugFest 20-03 ignites America's national pastime with a torrid blend of aggressive, adrenaline-style action and authentic MLB credentials. Along with the series' signature brand of blazing fastballs, screaming line drives, and hard-hitting wall crashes, this year's Slugfest features more outrageous animations, fantasy players and stadiums, and extra DVD Content. Bolster your lineup MLB superstars, including Alex Rodriguez, and take your game to the next level. </overview>
</synopsis>
