<synopsis>
<title>Crazy Taxi 3: High Roller</title>
<developer>Hitmaker</developer>
<publisher>Sega</publisher>
<features_general>Single-player, 480p, 16:9, Dolby 5.1 Surround</features_general>
<features_online/>
<esrb>T</esrb>
<esrb_descriptors>Mild Lyrics, Mild Violence</esrb_descriptors>
<genre>Driving, Mission-based </genre>
<release_date>24 Jul 2002</release_date>
<rating>6.9</rating>
<platform>Xbox</platform>
<exclusive>Yes</exclusive>
<titleid>53450004</titleid>
<overview>The yellow cab is back on the streets of America. Crazy Taxi 3: High Roller lets you get behind the wheel with one of four new characters, each with his or her own trademark attitude and new set of wheels. Your job is to cruise around popular locations to pick up wacky customers so that you can amass the highest number of tips. Whether you're making crazy money in Glitter Oasis, conquering the new batch of minigame challenges, or trying out new tricks in the old stomping grounds of the West Coast and the Small Apple, Crazy Taxi 3 offers wild automotive action.</overview>
</synopsis>
