<synopsis>
<title>King of Fighters Neowave</title>
<developer>SNK Playmore</developer>
<publisher>SNK Playmore</publisher>
<features_general>Single-player, 480p</features_general>
<features_online/>
<esrb>T</esrb>
<esrb_descriptors>Blood, Mild Suggestive Themes, Violence</esrb_descriptors>
<genre>Action, Fighting, 2D</genre>
<release_date>18 Apr 2006</release_date>
<rating>6.2</rating>
<platform>Xbox</platform>
<exclusive>No</exclusive>
<titleid/>
<overview>KOF Neowave features 12 three-man teams made up of some of the greatest characters from SNK's 11-year history, including the Women Fighters Team (Mai, King and Yuri) and the Fatal Fury Team (Terry, Joe, and Andy). NEOWAVE features three modes of play - Super Cancel, Guard Break, and Max2. A new "Heat Mode" lets players power up their attacks in exchange for a gradual loss of health. Xbox Live support featuring head-to-head fighting and Tournament Mode. A total of 43 characters including 7 Bonus characters. 12 of the most dangerous fighting teams ever assembled. Pick your team and fight it out in the original 3-on-3 battle format. Beautifully rendered background graphics. Activate "Heat Mode" to power-up your attacks. Revives the evacuation rolling maneuver and thrust attacks. Over-the-top Super Special Moves. 3 modes of play: Super Cancel, Guard Break and Max2. Link a Special Move with a Super Attack in the Super Cancel Mode to cause extreme damage.</overview>
</synopsis>
