<synopsis>
<title>GunMetal</title>
<developer>Rage Software</developer>
<publisher>Majesco Games</publisher>
<features_general>Single-player, 480p, Dolby 5.1 Surround</features_general>
<features_online/>
<esrb>T</esrb>
<esrb_descriptors>Violence</esrb_descriptors>
<genre>Action, Shooter, Third-Person, Sci-Fi </genre>
<release_date>30 Nov 2002</release_date>
<rating>6.3</rating>
<platform>Windows PC, Xbox</platform>
<exclusive>Yes</exclusive>
<titleid/>
<overview>Gun Metal is a fast-paced, arcade-style action game in which you pilot a mech that can transform into a jet. Use your mech and its advanced weaponry to battle hordes of enemies through 14 different missions.</overview>
</synopsis>
