<synopsis>
<sourcename>Madden 2005-MB</sourcename>
<foldername>Madden 2005</foldername>
<title>Madden NFL 2005</title>
<developer>EA Tiburon</developer>
<publisher>EA Sports</publisher>
<features_general>Players 1-4, 480p, Custom Soundtracks, Dolby Digital</features_general>
<features_online/>
<esrb>E</esrb>
<esrb_descriptors>No Descriptors</esrb_descriptors>
<genre>Sports, Traditional, Football, Sim</genre>
<release_date>07 Sep 2004</release_date>
<rating>9.1</rating>
<platform>GameCube, Windows PC, PlayStation 2, PlayStation, Xbox</platform>
<exclusive>No</exclusive>
<titleid>4541004D</titleid>
<overview>Madden NFL 2005 introduces the Hit Stick, a new feature that lets players turn a game around with a crucial tackle. Along with all-new defensive preplay controls and defensive artificial intelligence enhancements, the defense now has a diverse arsenal of weapons available. Also, the depth of Franchise mode grows with the addition of Storyline Central, a weekly radio talk show that discusses current stories regarding your team and the league. With even more Franchise mode additions, hundreds of new animations, and the new Create-a-Fan feature, Madden NFL 2005 takes the series to the next level.</overview>
</synopsis>
