<synopsis>
<title>Gauntlet: Dark Legacy</title>
<developer>Midway Games</developer>
<publisher>Midway Games</publisher>
<features_general>Single-player, co-op Multiplayer, 480p, Dolby 5.1 Surround</features_general>
<features_online/>
<esrb>T</esrb>
<esrb_descriptors>Blood, Violence</esrb_descriptors>
<genre>Action, Beat-'Em-Up </genre>
<release_date>15 Apr 2002</release_date>
<rating>5.4</rating>
<platform>GameCube, PlayStation 2, Xbox</platform>
<exclusive>No</exclusive>
<titleid/>
<overview>Gauntlet's hack-and-slash gameplay continues in Gauntlet: Dark Legacy. You and up to three of your friends must work as a team through eight dangerous worlds. As one of eight different characters, you'll vanquish creatures, evade traps, and search for treasure. Character-based power attacks, magic potions, new power-ups, and combination moves add to the mayhem. The game save system allows players to transfer evolving characters from their own machine to a friend's to take on the dungeon together.</overview>
</synopsis>
