<synopsis>
<title>Ford Racing 2</title>
<developer>Razorworks</developer>
<publisher>Take-Two Interactive</publisher>
<features_general>Single-player, Multiplayer, Dolby 5.1 Surround</features_general>
<features_online/>
<esrb>E</esrb>
<esrb_descriptors>No Descriptors</esrb_descriptors>
<genre>Racing</genre>
<release_date>03 Nov 2003</release_date>
<rating>6.2</rating>
<platform>Windows PC, PlayStation 2, Xbox</platform>
<exclusive>No</exclusive>
<titleid/>
<overview>The sequel to Ford Racing has arrived. Ford Racing 2 has new and improved cars, added tracks and challenges, and more thrills than ever. With an expanded selection of Ford vehicles--ranging from the '49 Ford to the latest Mustang GT Concept--picking out a car will be a lot harder than you expect. Get a feel for each car on a diverse set of tracks including Road Tracks, City Limits, Ovals, Spring Break, and Lost World. Ford Racing 2 is ready to put you in the driver's seat, but are you daring enough to sit there?</overview>
</synopsis>
