<synopsis>
<title>Bloody Roar Extreme</title>
<developer>Hudson Soft</developer>
<publisher>Konami</publisher>
<features_general>Single-player, Multiplayer, 480p</features_general>
<features_online/>
<esrb>T</esrb>
<esrb_descriptors>Suggestive Themes, Violence</esrb_descriptors>
<genre>Action, Fighting, 3D</genre>
<release_date>27 May 2003</release_date>
<rating>6.1</rating>
<platform>GameCube, PlayStation 2, Xbox</platform>
<exclusive>Yes</exclusive>
<titleid>48550001</titleid>
<overview>This is a slightly enhanced port of the GameCube game, Bloody Roar: Primal Fury, which in turn was an enhanced port of the PlayStation 2 game, Bloody Roar 3. Like the rest of the games in the Bloody Roar series, your character can transform into a Hyper-Beast alter-ego for more intense fighting. This version of the game features 1 more character than Primal Fury, CG endings for each character, some new moves, improved graphics and hidden game modes. There are 10 multi-level, interactive destructible fighting arenas.</overview>
</synopsis>
