<synopsis>
<sourcename>Mace Griffin Bounty Hunter-T</sourcename>
<foldername>Mace Griffin Bounty Hunter</foldername>
<title>Mace Griffin: Bounty Hunter</title>
<developer>Warthog Games</developer>
<publisher>VU Games</publisher>
<features_general>Players 1</features_general>
<features_online/>
<esrb>M</esrb>
<esrb_descriptors>Blood and Gore, Violence</esrb_descriptors>
<genre>Action, Shooter, First-Person, Sci-Fi</genre>
<release_date>20 Jun 2003</release_date>
<rating>6.4</rating>
<platform>GameCube, Windows PC, PlayStation 2, Xbox</platform>
<exclusive>No</exclusive>
<titleid>56550018</titleid>
<overview>To deal with the rising wave of crime, a new organization emerges--the Guild of Bounty Hunters. As Mace Griffin, you join this group composed of aliens, criminals, and former police as they fight the criminal element. You'll transition between first-person land combat and space-action fighting in 13 expansive missions that offer different challenges and enemies. Eliminate your foes with 17 player and spaceship weapons, including Tridal Nova Cannons, quad-barreled shotguns, and sonic shock cannons. In this universe of large corporations and futuristic gunslingers, you'll unravel a deep and dangerous mystery.</overview>
</synopsis>
