<synopsis>
<sourcename>Medal of Honor Frontline-MB</sourcename>
<foldername>Medal of Honor Frontline</foldername>
<title>Medal of Honor: Frontline</title>
<developer>EA Los Angeles</developer>
<publisher>EA Games</publisher>
<features_general>Players 1-4, Dolby Digital</features_general>
<features_online/>
<esrb>T</esrb>
<esrb_descriptors>Violence</esrb_descriptors>
<genre>Action, Shooter, First-Person, Historic</genre>
<release_date>10 Nov 2002</release_date>
<rating>8.1</rating>
<platform>GameCube, PlayStation 2, PlayStation 3, Xbox</platform>
<exclusive>No</exclusive>
<titleid>4541001A</titleid>
<overview>Head back behind enemy lines with Lt. Jimmy Patterson in Medal of Honor Frontline. In this installment of the Medal of Honor series, Lt. Patterson is on a mission to infiltrate the German frontline and steal the HO-IX flying wing, an experimental Nazi weapon so powerful it could turn the tide of World War II. All 20 levels and six major missions in the game are based on real World War II events. You'll also find authentic weapons, including the Colt .45, Springfield sniper rifle, Panzerschreck rocket launcher, and Browning automatic rifle. The World War II experience just got more intense.</overview>
</synopsis>
