<synopsis>
<sourcename>ESPN NHL 2K5-MT</sourcename>
<foldername>ESPN NHL 2K5</foldername>
<title>NHL 2K5</title>
<developer>Kush Games</developer>
<publisher>Sega</publisher>
<features_general>Players 1-4, 480p, Custom Soundtracks, Dolby Digital</features_general>
<features_online>DLC</features_online>
<esrb>E</esrb>
<esrb_descriptors>Violence</esrb_descriptors>
<genre>Sports, Traditional, Ice Hockey, Sim</genre>
<release_date>30 Aug 2004</release_date>
<rating>8.8</rating>
<platform>PlayStation 2, Xbox</platform>
<exclusive>No</exclusive>
<titleid>53450032</titleid>
<overview>ESPN NHL 2K5 continues the ESPN NHL series by introducing a bevy of new features. The gameplay, presentation, and graphics from last year's installment have been enhanced in the sequel. This time, you can use improved checks and defensive maneuvers to get even more physical with your hockey players. An enhanced ESPN presentation introduces cutscenes from the locker room and includes statistic-laden overlays, crowd chants, and more. You can also take on your friends in the all-new Party mode, and you can compete in online tournaments.</overview>
</synopsis>
