<synopsis>
<title>Ford Racing 3</title>
<developer>Razorworks</developer>
<publisher>2K Games</publisher>
<features_general>Single-player, Multiplayer, Dolby 5.1 Surround</features_general>
<features_online/>
<esrb>E</esrb>
<esrb_descriptors>No Descriptors</esrb_descriptors>
<genre>Racing</genre>
<release_date>22 Mar 2005</release_date>
<rating>5.8</rating>
<platform>Windows PC, PlayStation 2, Xbox</platform>
<exclusive>No</exclusive>
<titleid/>
<overview>From the Model T to the 2005 Mustang GT, Ford Racing 3 features a variety of vehicles from the Ford manufacturer. Jump behind the wheel of your favorite car, and then test your driving skills on a challenging courses, including raceway, rally, and off-road competitions. You can unlock more tracks and vehicles in single-player races, or you can race against your friends online in multiplayer modes.</overview>
</synopsis>
