<synopsis>
<sourcename>Black-M</sourcename>
<foldername>Black</foldername>
<title>Black</title>
<developer>Criterion Games</developer>
<publisher>EA Games</publisher>
<features_general>Players 1, 480p, Dolby Digital</features_general>
<features_online/>
<esrb>M</esrb>
<esrb_descriptors>Strong Language, Violence</esrb_descriptors>
<genre>Action, Shooter, First-Person</genre>
<release_date>28 Feb 2006</release_date>
<rating>7.7</rating>
<platform>PlayStation 2, Xbox, Xbox 360</platform>
<exclusive>No</exclusive>
<titleid>45410083</titleid>
<overview>You can engage in cinematic firefights through destructible environments in Black, the new first-person shooter from Criterion Studios. You can play as an operative in Eastern Europe with extensive access to the newest exotic weaponry that the world has to offer. As you blast your way through the urban environments featured in the game you can find opportunities to make "style kills," using your environment to take out your foes with explosions or falling debris.</overview>
</synopsis>
