<synopsis>
<title>Midtown Madness 3</title>
<developer>EA DICE</developer>
<publisher>Microsoft Game Studios</publisher>
<features_general>Single-player, Multiplayer, 480p, Dolby 5.1 Surround</features_general>
<features_online>Online, Max Player on System Link: 8</features_online>
<esrb>E</esrb>
<esrb_descriptors>Violence</esrb_descriptors>
<genre>Driving, Mission-based</genre>
<release_date>17 Jun 2002</release_date>
<rating>7.6</rating>
<platform>Xbox</platform>
<exclusive>Yes</exclusive>
<titleid>4D53002A</titleid>
<overview>Midtown Madness 3 provides you with madcap, over-the-top racing and driving excitement in two of the world's most fascinating cities: Paris and Washington, D.C. The latest in the Midtown Madness franchise allows you to get behind the wheel of more than 30 vehicles and compete in exciting race modes such as Blitz, Checkpoint, and Cruise. With a robust Career mode, featuring 14 driving careers, Midtown Madness 3 delivers the rush and excitement of street racing.</overview>
</synopsis>
