<synopsis>
<title>Gun</title>
<developer>Neversoft</developer>
<publisher>Activision</publisher>
<features_general>Single-player, 480p, 16:9, Dolby 5.1 Surround</features_general>
<features_online/>
<esrb>M</esrb>
<esrb_descriptors>Blood and Gore, Intense Violence, Sexual Themes, Strong Language, Use of Alcohol</esrb_descriptors>
<genre>Action Adventure, Historic </genre>
<release_date>08 Nov 2005</release_date>
<rating>7.9</rating>
<platform>GameCube, Windows PC, PlayStation 2, Xbox, Xbox 360</platform>
<exclusive>No</exclusive>
<titleid/>
<overview>You can experience the lawless Wild West as gunslinger Colton White in the action title Gun. Traverse an expansive world where you'll encounter outlaws, Native Americans, corrupt lawmen, and army psychopaths. You can assault a fort, hunt for bounties, and upgrade your equipment as you battle through a variety of gameplay styles. Gun also features a story written by Hollywood script writer Randall Jahnson.</overview>
</synopsis>
