<synopsis>
<title>Knights of the Temple: Infernal Crusade[EU]</title>
<developer>Starbreeze Studios</developer>
<publisher>TDK Mediactive</publisher>
<features_general>Single-player, 480p, Dolby 5.1 Surround</features_general>
<features_online>Scoreboard or DLC</features_online>
<esrb>M</esrb>
<esrb_descriptors>Blood Violence</esrb_descriptors>
<genre>Action Adventure, Fantasy, General, Fantasy</genre>
<release_date>06 Apr 2004</release_date>
<rating>Not Rated</rating>
<platform>Windows PC, Xbox</platform>
<exclusive>No</exclusive>
<titleid/>
<overview>Knights of the Temple is a dynamic camera third-person hack and slash game set in the medieval times. Players take hold of various medieval weapons from axe, mace, sword, to mastering archery. These weapons have their own combos, damage, and attack speed with various Divine Powers and Special Attacks. Using the bow will let you play in first-person. Right from the first hack, relentless batches of enemies has to be dispatched with ever increasing degrees of stylish violence, doors to be unlocked, keys to be found and the occasional puzzle to be solved.</overview>
</synopsis>
