<synopsis>
<title>BloodRayne</title>
<developer>Terminal Reality</developer>
<publisher>Majesco Entertainment</publisher>
<features_general>Single-player, 480p, Dolby 5.1 Surround</features_general>
<features_online/>
<esrb>M</esrb>
<esrb_descriptors>Blood and Gore, Strong Language, Violence</esrb_descriptors>
<genre>Action, Shooter, Third-Person, Fantasy</genre>
<release_date>15 Oct 2002</release_date>
<rating>7.6</rating>
<platform>GameCube, Windows PC, PlayStation 2, Xbox</platform>
<exclusive>No</exclusive>
<titleid>4D4A0001</titleid>
<overview>BloodRayne is a killing machine. The Brimstone Society calls upon this half-vampire, half-human agent to take on two missions in the years between the world wars. At the root of these missions is one man who searches for powerful occult artifacts that would bring Germany into a new age of domination. As BloodRayne, you must stop this man's elite Nazi army from releasing terrorizing creatures onto the world. With melee attacks, weapons, and bloodsucking abilities, your enemies won't stand a chance.</overview>
</synopsis>
