<synopsis>
<sourcename>Chimp 261812-T</sourcename>
<foldername>Chimp</foldername>
<title>Chimp 261812</title>
<developer>Rocky5</developer>
<publisher>Homebrew</publisher>
<features_general>Clone Softmod HDDs</features_general>
<features_online>None</features_online>
<esrb>Not Rated by ESRB</esrb>
<esrb_descriptors>Not Rated by ESRB</esrb_descriptors>
<genre>Application</genre>
<release_date>Unknown</release_date>
<rating>9</rating>
<platform>Modified Xbox</platform>
<exclusive>Yes</exclusive>
<titleid>21564869</titleid>
<overview>This is Rocky5's modified version of Chimp 261811, it has a cleaner UI and improvements to the cloning process and all round usage. This Xbox Application is used to clone Xbox hard drives via the Xbox itself.</overview>
</synopsis>
