<synopsis>
<title>Call of Cthulhu: Dark Corners of the Earth</title>
<developer>Headfirst Productions</developer>
<publisher>Bethesda Softworks / 2K Games</publisher>
<features_general>Single-player, 480p, Dolby 5.1 Surround</features_general>
<features_online/>
<esrb>M</esrb>
<esrb_descriptors>Blood and Gore, Intense Violence, Strong Language, Use of Drugs and Alcohol</esrb_descriptors>
<genre>Survival horror, First-person shooter</genre>
<release_date>24 Oct 2005</release_date>
<rating>7.7</rating>
<platform>Windows PC, PlayStation 2, Xbox</platform>
<exclusive>No</exclusive>
<titleid>42530007</titleid>
<overview>It's time for you to draw upon your skills in exploration, investigation, and combat as you battle the evil incarnate. Call of Cthulhu: Dark Corners of the Earth combines both action and adventure elements into a first-person horror experience. You'll combat enemies using the environment,It's time for you to draw upon your skills in exploration, investigation, and combat as you battle the evil incarnate. Call of Cthulhu: Dark Corners of the Earth combines both action and adventure elements into a first-person horror experience. You'll combat enemies using the environment, powerful and evil artifacts, Alien technology, and authentic 1920s weaponry. Cthulhu enemies can roam freely around the environment--opening doors and tracking you down single-handedly or in groups. A detailed damage and healing system breaks down the healing process into conditions and treatments. </overview>
</synopsis>
