<synopsis>
<sourcename>Triangle Again 2 (JPN)-B</sourcename>
<foldername>Triangle Again 2 (JPN)</foldername>
<title>Triangle Again 2</title>
<developer>Kiki Co.</developer>
<publisher>MIG Records</publisher>
<features_general>Players 1</features_general>
<features_online/>
<esrb>Not Rated by ESRB</esrb>
<esrb_descriptors>No Descriptors</esrb_descriptors>
<genre/>
<release_date>19 Dec 2002</release_date>
<rating>No Rating</rating>
<platform>Xbox</platform>
<exclusive/>
<titleid>4B4B0002</titleid>
<overview>Triangle Again 2 is an Adventure game, published by Kiki, which was released in Japan in 2002.</overview>
</synopsis>
