<synopsis>
<title>Fallout: Brotherhood of Steel</title>
<developer>Interplay</developer>
<publisher>Interplay</publisher>
<features_general>Single-player, co-op Multiplayer, 480p, Dolby 5.1 Surround</features_general>
<features_online/>
<esrb>M</esrb>
<esrb_descriptors>Blood and Gore, Mature Sexual Themes, Strong Language, Violence</esrb_descriptors>
<genre>Role-Playing, Action RPG</genre>
<release_date>14 Jan 2004</release_date>
<rating>6.6</rating>
<platform>PlayStation 2, Xbox</platform>
<exclusive>No</exclusive>
<titleid>49500008</titleid>
<overview>In this gritty and darkly humorous third-person action adventure, players join the courageous Brotherhood of Steel, whose mission is to maintain peace in the grim post-nuclear world of Fallout. Challenged by hordes of ghouls, mutants, and other radioactive nightmares, players utilize a combination of intense combat strategies including melee, ranged weapons and explosives to fulfill their daunting task of defeating the mutant army in hopes of restoring humanity in a nearly unlivable universe. Welcome to the wasteland.</overview>
</synopsis>
