<synopsis>
<sourcename>Magatama (JPN)-T</sourcename>
<foldername>Magatama (JPN)</foldername>
<title>Magatama</title>
<developer>Team Breakout</developer>
<publisher>Microsoft Game Studios</publisher>
<features_general>Players 1, 480p, 720p, Dolby Digital</features_general>
<features_online/>
<esrb>Not Rated by ESRB</esrb>
<esrb_descriptors>No Descriptors</esrb_descriptors>
<genre>Third-person, Fighting</genre>
<release_date>20 Nov 2003</release_date>
<rating>No Rating</rating>
<platform>Xbox</platform>
<exclusive/>
<titleid>4D530066</titleid>
<overview>In this game set in medieval Japan you take control of Shinato, a twin-bladed knight who's out to hack and slash his way through hordes of demons to prevent an all out war between the Yamato and the Shogun Bakafu forces. Gameplay consists of pure action, where you use your twin blades to execute combos and special attacks to defeat your enemies. The combat system is set up so it allows you to engage multiple enemies simultaneously.</overview>
</synopsis>
