<synopsis>
<foldername>ZX Spectrum</foldername>
<title>ZX Spectrum</title>
<developer>Sinclair Research</developer>
<publisher>Timex Corporation</publisher>
<features_general>Keyboard</features_general>
<features_online>N/A</features_online>
<esrb>Not Rated</esrb>
<esrb_descriptors>Not Rated</esrb_descriptors>
<genre>Video Games</genre>
<release_date>23 Apr 1982</release_date>
<rating>7.5</rating>
<platform>Home Video Game Console</platform>
<exclusive>N/A</exclusive>
<titleid>N/A</titleid>
<overview>The ZX Spectrum is an 8-bit personal home computer released in the United Kingdom in 1982 by Sinclair Research. Referred to during development as the ZX81 Colour and ZX82, it was launched as the ZX Spectrum by Sinclair to highlight the machine's colour display, compared with the black and white display of its predecessor, the ZX81. The Spectrum was released as eight different models, ranging from the entry level with 16 KB RAM released in 1982 to the ZX Spectrum +3 with 128 KB RAM and built in floppy disk drive in 1987; together they sold over 5 million units worldwide (not including clones). The Spectrum was among the first mainstream-audience home computers in the UK, similar in significance to the Commodore 64 in the US. The introduction of the ZX Spectrum led to a boom in companies producing software and hardware for the machine, the effects of which are still seen. Some credit it as the machine which launched the UK IT industry. Licensing deals and clones followed, and earned Clive Sinclair a knighthood for "services to British industry". The Commodore 64, Dragon 32, Oric-1, Oric Atmos, BBC Micro and later the Amstrad CPC range were rivals to the Spectrum in the UK market during the early 1980s. While the machine was officially discontinued in 1992, new software titles continue to be released – over 40 so far in 2019. The Spectrum is based on a Zilog Z80 A CPU running at 3.5 MHz (or NEC D780C-1 clone). The original model has 16 KB (16×1024 bytes) of ROM and either 16 KB or 48 KB of RAM. Hardware design was by Richard Altwasser of Sinclair Research, and the outward appearance was designed by Sinclair's industrial designer Rick Dickinson. Video output is through an RF modulator and was designed for use with contemporary television sets, for a simple colour graphic display. Text can be displayed using 32 columns × 24 rows of characters from the ZX Spectrum character set or from a set provided within an application, from a palette of 15 shades: seven colours at two levels of brightness each, plus black. The image resolution is 256×192 with the same colour limitations. To conserve memory, colour is stored separate from the pixel bitmap in a low resolution, 32×24 grid overlay, corresponding to the character cells. In practice, this means that all pixels of an 8x8 character block share one foreground colour and one background colour. Altwasser received a patent for this design.</overview>
</synopsis>
