<synopsis>
<sourcename>Nintendo Game Boy Advance-T</sourcename>
<foldername>Gameboy Advance</foldername>
<title>Gameboy Advance</title>
<developer>Nintendo</developer>
<publisher>Nintendo</publisher>
<features_general>Handheld</features_general>
<features_online>N/A</features_online>
<esrb>Not Rated</esrb>
<esrb_descriptors>Not Rated</esrb_descriptors>
<genre>Video Games</genre>
<release_date>11 Jun 2001</release_date>
<rating>9</rating>
<platform>Handheld Game Console</platform>
<exclusive>N/A</exclusive>
<titleid>N/A</titleid>
<overview>The Game Boy Advance (commonly abbreviated as GBA) is a 32-bit handheld video game console developed, manufactured and marketed by Nintendo as the successor to the Game Boy Color. It was released in Japan on March 21, 2001, in North America on June 11, 2001, in Australia and Europe on June 22, 2001, and in mainland China on June 8, 2004 as iQue Game Boy Advance. The GBA was part of the sixth generation. The original model did not have an illuminated screen; Nintendo addressed that with the release of a redesigned model with a frontlit screen, the Game Boy Advance SP, in 2003. Another redesign, the Game Boy Micro, was released in 2005. As of June 30, 2010, the Game Boy Advance series has sold 81.51 million units worldwide. Its successor, the Nintendo DS, was released in November 2004 and is also compatible with Game Boy Advance software. In early 2003, Nintendo introduced a new form-factor for the handheld, known as the Game Boy Advance SP (model AGS-001). The redesigned unit resembles a pocket-size laptop computer, including a folding case approximately one-half the size of the original unit. It also supports a rechargeable lithium ion battery, a significantly brighter LCD screen, and an internal front-light that can be toggled on and off. The redesign was intended to address some common complaints about the original Game Boy Advance, which had been criticized for being somewhat uncomfortable to use, especially due to an overly dark screen. Around the same time as the release of the Game Boy Micro, Nintendo released a new backlit version of the SP (model AGS-101) (commonly referred to as the "GBA SP+", SPII, or SP2). The switch that controls the light now toggles between "normal" (which itself is already brighter than the original Game Boy Advance SP's screen), and "bright", an intense brightness level similar to an LCD television. In September 2005, Nintendo released a second redesign of the Game Boy Advance. This model, dubbed the Game Boy Micro, is similar in style to the original Game Boy Advance's horizontal orientation, but is much smaller and sleeker. The Game Boy Micro also allows the user to switch between several colored faceplates to allow customization, a feature which Nintendo advertised heavily around the Game Boy Micro's launch. Nintendo also hoped that this "fashion" feature would help target audiences outside of typical video game players. Unlike the previous Game Boy Advance models, Game Boy Micro is unable to support Game Boy and Game Boy Color titles. The Game Boy Micro did not make much of an impact in the video game market as it was overshadowed by Nintendo's other portable, the Nintendo DS, which also played Game Boy Advance cartridges.</overview>
</synopsis>
