<synopsis>
<title>Harry Potter and the Sorcerer's Stone</title>
<developer>Warthog Games</developer>
<publisher>EA Games</publisher>
<features_general>Single-player, 480p, 16:9, Dolby 5.1 Surround</features_general>
<features_online/>
<esrb>E</esrb>
<esrb_descriptors>Comic Mischief, Fantasy Violence</esrb_descriptors>
<genre>Action Adventure, Fantasy</genre>
<release_date>09 Dec 2003</release_date>
<rating>5.9</rating>
<platform>GameCube, PlayStation 2, Xbox</platform>
<exclusive>No</exclusive>
<titleid/>
<overview>Leave the nonmagical world behind and enroll in Hogwarts School of Witchcraft and Wizardry in Harry Potter and The Sorcerer's Stone. As Harry Potter, you will hone your magical skills and advance through three terms of study during Harry's first year at Hogwarts. Each term will challenge you to meet a number of objectives, such as collecting and mixing potions with Professor Snape or piloting a flying broom through the Forbidden Forest in search of Neville Longbottom's Remembrall. In order to pass the first year of study, players must complete over 29 different objectives, while avoiding enemies and obstacles.</overview>
</synopsis>
