<synopsis>
<sourcename>Gladius-T</sourcename>
<foldername>Gladius</foldername>
<title>Gladius</title>
<developer>LucasArts</developer>
<publisher>LucasArts</publisher>
<features_general>Players 1-4, 480p, Dolby Digital</features_general>
<features_online/>
<esrb>T</esrb>
<esrb_descriptors>Blood and Gore, Comic Mischief, Violence</esrb_descriptors>
<genre>Strategy, Turn-Based, Fantasy</genre>
<release_date>28 Oct 2003</release_date>
<rating>7.9</rating>
<platform>GameCube, PlayStation 2, Xbox</platform>
<exclusive>No</exclusive>
<titleid>4C410008</titleid>
<overview>The darkness of the Great War has passed, and the lands of Gladius are peaceful once more. Now combat takes place only in the gladiator arenas, where schools from around the world compete for the title of Imperial Champions. Follow the grand saga of two young heroes, Ursula and Valens, as they recruit and train a team of warriors and compete in the gladiator games. Battle with deadly weapons and powerful magic as you learn vital combat tactics and enhance your own characters.</overview>
</synopsis>
