<synopsis>
<sourcename>Harry Potter and the Chamber of Secrets-T</sourcename>
<foldername>Harry Potter and the Chamber of Secrets</foldername>
<title>Harry Potter and the Chamber of Secrets</title>
<developer>Eurocom</developer>
<publisher>EA Games</publisher>
<features_general>Players 1, Dolby Digital</features_general>
<features_online/>
<esrb>E</esrb>
<esrb_descriptors>Violence</esrb_descriptors>
<genre>Action Adventure, Fantasy</genre>
<release_date>14 Nov 2002</release_date>
<rating>7.7</rating>
<platform>GameCube, Windows PC, PlayStation 2, Xbox</platform>
<exclusive>No</exclusive>
<titleid>4541000E</titleid>
<overview>Be Harry Potter in a new adventure with more magic, friends, and danger. In his sophomore year at Hogwarts School of Witchcraft and Wizardry, Harry stumbles upon a dark chapter in the school's past. In an effort to confront the powers at the heart of the Chamber of Secrets, you'll learn new spells, undertake new quests, make new friends, and challenge new adversaries. Do you dare take the chance that you might face the evil Lord Voldemort again?</overview>
</synopsis>
