<synopsis>
<sourcename>Dennou Taisen DroneZ (JPN)-T</sourcename>
<foldername>Dennou Taisen DroneZ (JPN)</foldername>
<title>Dennou Taisen: DroneZ</title>
<developer>Zetha GameZ</developer>
<publisher>Metro 3D</publisher>
<features_general>Players 1-2</features_general>
<features_online>System Link 1-8</features_online>
<esrb>Not Rated by ESRB</esrb>
<esrb_descriptors>No Descriptors</esrb_descriptors>
<genre>Third-person shooter</genre>
<release_date>22 Apr 2004</release_date>
<rating>No Rating</rating>
<platform>Windows PC, Xbox</platform>
<exclusive>Yes</exclusive>
<titleid>4D440003</titleid>
<overview>DroneZ XL is a single-player futuristic shooter. The player is guiding a male or female avatar through a virtual reality, representing the future world for humans living in suspended animation vats while their bodies are being cared for by insects and their minds are prevented from leaving the virtual world by its dominant AI.</overview>
</synopsis>
