<synopsis>
<title>Goblin Commander: Unleash the Horde</title>
<developer>Jaleco Entertainment</developer>
<publisher>Jaleco Entertainment</publisher>
<features_general>Single-player, Multiplayer, 480p, Dolby 5.1 Surround</features_general>
<features_online/>
<esrb>T</esrb>
<esrb_descriptors>Blood, Violence</esrb_descriptors>
<genre>Strategy, Real-Time, Fantasy </genre>
<release_date>11 Nov 2003</release_date>
<rating>7</rating>
<platform>GameCube, Windows PC, PlayStation 2, Xbox</platform>
<exclusive>No</exclusive>
<titleid/>
<overview>Goblin Commander: Unleash the Horde calls upon your skill and courage to destroy the enemy, pillage the enclaves, and scorch the earth. With a horde of specialized goblin warriors at your command, you can wage war in single-player and multiplayer modes. Design a custom army from over 25 different goblins with melee, ranged, elemental, acid, and magical combat specialties. You can even take direct control of giant titans, powerful turrets, and battle-ready vehicles to cause reckless mayhem across the lands.</overview>
</synopsis>
