<synopsis>
<title>Championship Manager: Season 02/03 [EU]</title>
<developer>Sports Interactive</developer>
<publisher>Eidos Interactive</publisher>
<features_general/>
<features_online/>
<esrb>Not Rated by ESRB</esrb>
<esrb_descriptors>None</esrb_descriptors>
<genre/>
<release_date>06 Dec 2002</release_date>
<rating>Not Rated</rating>
<platform>Xbox</platform>
<exclusive>Yes</exclusive>
<titleid/>
<overview>Championship Manager: Season 02/03 is a football management video game in the Championship Manager series, developed by Eidos Interactive and published by Sports Interactive, released exclusively for Xbox on 6 December 2002 in Europe only. The game featured up-to-date team and player data for over 100,000 footballers and staff, 27 worldwide leagues, and an updated FIFA transfer system.</overview>
</synopsis>
