<synopsis>
<title>Midnight Club 3: DUB Edition Remix</title>
<developer>Rockstar San Diego</developer>
<publisher>Rockstar Games</publisher>
<features_general>Single-player, Multiplayer, 480p, 16:9, Dolby 5.1 Surround</features_general>
<features_online>Online, DLC, Max Player on System Link: 8</features_online>
<esrb>E</esrb>
<esrb_descriptors>Mild Language, Mild Violence</esrb_descriptors>
<genre>Driving, Racing, GT / Street</genre>
<release_date>13 Mar 2006</release_date>
<rating>8.7</rating>
<platform>PlayStation 2, Xbox</platform>
<exclusive>No</exclusive>
<titleid/>
<overview>The Midnight Club is back and bigger than ever. Take on street racing's toughest competitors as you tear through the living city sprawls of Detroit, San Diego, Atlanta and now Tokyo at breakneck speeds. Personalize the huge assortments of all new additional rides with the latest rims, kits and upgrades hot off the street. Midnight Club 3: DUB Edition Remix is the definitive urban racing experience, giving you the ultimate freedom to choose your own route to the finish line.</overview>
</synopsis>
