<synopsis>
<sourcename>LA Rush-T</sourcename>
<foldername>LA Rush</foldername>
<title>L.A. Rush</title>
<developer>Midway Games</developer>
<publisher>Midway Games</publisher>
<features_general>Players 1-4, 480p, Custom Soundtracks, Dolby Digital</features_general>
<features_online>DLC</features_online>
<esrb>T</esrb>
<esrb_descriptors>Language, Mild Violence</esrb_descriptors>
<genre>Driving, Racing, Arcade</genre>
<release_date>10 Oct 2005</release_date>
<rating>5.9</rating>
<platform>Windows PC, PlayStation 2, Xbox</platform>
<exclusive>No</exclusive>
<titleid>4D570025</titleid>
<overview>Midway brings its Rush racing series to Los Angeles in L.A. Rush. You can steal, upgrade, and race more than 50 different licensed cars from a highly tuned import to exotic racers. As you earn cash in story mode, you can change both the performance of your car or pimp it visually at West Coast Customs. You can also race head-to-head on the tracks that you have unlocked with split-screen multiplayer mode.</overview>
</synopsis>
