<synopsis>
<sourcename>ScummVM-T</sourcename>
<foldername>ScummVM</foldername>
<title>ScummVM</title>
<developer>Ludvig Strigeus, Vincent Hamm</developer>
<publisher>ScummVM Team</publisher>
<features_general>N/A</features_general>
<features_online>N/A</features_online>
<esrb>Not Rated</esrb>
<esrb_descriptors>Not Rated</esrb_descriptors>
<genre>Video Games</genre>
<release_date>05 Oct 2001</release_date>
<rating>7</rating>
<platform>Point and Click</platform>
<exclusive>N/A</exclusive>
<titleid>N/A</titleid>
<overview>Script Creation Utility for Maniac Mansion Virtual Machine (ScummVM) is a set of game engine recreations. Originally designed to play LucasArts adventure games that use the SCUMM system, it also supports a variety of non-SCUMM games by companies like Revolution Software and Adventure Soft. It was originally written by Ludvig Strigeus. Released under the terms of the GNU General Public License, ScummVM is free software. ScummVM is a reimplementation of the part of the software used to interpret the scripting languages such games used to describe the game world rather than emulating the hardware the games ran on; as such, ScummVM allows the games it supports to be played on platforms other than those for which they were originally released. ScummVM is a program that supports numerous adventure game engines via virtual machines, allowing the user to play supported adventure games on their platform of choice. ScummVM provides none of the original assets for the games it supports, and expects the user to properly own the original game's media so as to use the software legally. The official project website offers games that are freeware that work directly with ScummVM. Atop emulating the games, ScummVM enables players to save and load the state of the emulator at any time, enabling a save system atop whatever the emulated game may provide. It has also begun to work at providing alternate controls for newer devices, such as mobile devices with touch screens, which work atop the original games. While ScummVM appears to function equivalently as a game emulator, the ScummVM team does not consider it as such. Outside of some subsystems like audio engines which they are forced to rely on emulation, ScummVM recreates game engines from older languages into more portable C++ code, so that the high-level opcodes in a game's assets will execute in the same manner as from their original release, while improving the portability of ScummVM to numerous platforms. The ScummVM team consider this an improvement over simply running the older games and their executables through an operating system emulator, such as DOSBox, since ScummVM's implements are more lightweight and require less processing power and memory, allowing use on more limited processing environments like mobile devices.</overview>
</synopsis>
