<synopsis>
<title>Dave Mirra Freestyle BMX 2</title>
<developer>Z-Axis Ltd.</developer>
<publisher>Acclaim</publisher>
<features_general>Single-player, Multiplayer, 480p, Dolby 5.1 Surround</features_general>
<features_online/>
<esrb>E</esrb>
<esrb_descriptors>Mild Lyrics</esrb_descriptors>
<genre>Sports, Alternative, Biking </genre>
<release_date>28 Nov 2001</release_date>
<rating>7.6</rating>
<platform>GameCube, PlayStation 2, Xbox</platform>
<exclusive>No</exclusive>
<titleid/>
<overview>10-Time World Champion Dave Mirra is back in this sequel to the original hit game. Win enough respect from the other pro riders to get invited to Comps and embark on a ProQuest to be the top rider around - even better than the Miracle Boy himself.</overview>
</synopsis>
