<synopsis>
<sourcename>Gravity Games Bike - Street Vert Dirt-T</sourcename>
<foldername>Gravity Games Bike - Street Vert Dirt</foldername>
<title>Gravity Games Bike: Street. Vert. Dirt.</title>
<developer>Midway Games</developer>
<publisher>Midway Games</publisher>
<features_general>Players 1-2</features_general>
<features_online/>
<esrb>T</esrb>
<esrb_descriptors>Blood, Mild Lyrics, Mild Violence</esrb_descriptors>
<genre>Sports, Alternative, Biking</genre>
<release_date>04 Sep 2002</release_date>
<rating>2.4</rating>
<platform>GameCube, PlayStation 2, Xbox</platform>
<exclusive>No</exclusive>
<titleid>4D57000D</titleid>
<overview>Gravity Games Bike: Street Vert Dirt takes the action sport to the next level with 21 skilled riders, 10 expansive courses, and more than 1,500 wicked tricks. You'll control one of seven professional bikers--including Fuzzy Hall, Dennis McCoy, Jamie Bestwick, Andre Ellison, Leigh Ramsdell, Reuel Erickson, and Matt Beringer. If you're good enough to handle the intense challenges, you'll earn the Gravity Games Gold Medal in Street, Vert, or Dirt competitions--and if you're really good, you'll earn the Gold in all three.</overview>
</synopsis>
