<synopsis>
<sourcename>Crash Nitro Kart-T</sourcename>
<foldername>Crash Nitro Kart</foldername>
<title>Crash Nitro Kart</title>
<developer>Vicarious Visions</developer>
<publisher>Universal Interactive</publisher>
<features_general>Players 1-4, 480p, 720p, Wheel, Dolby Digital</features_general>
<features_online/>
<esrb>E</esrb>
<esrb_descriptors>Mild Animated Violence Mild Cartoon Violence</esrb_descriptors>
<genre>Racing</genre>
<release_date>11 Nov 2003</release_date>
<rating>7</rating>
<platform>Game Boy Advance, GameCube, PlayStation 2, Xbox</platform>
<exclusive>No</exclusive>
<titleid>5655001F</titleid>
<overview>Crash hits the track in his fastest adventure yet--Crash Nitro Kart. Kidnapped by the ruthless Emperor Velo and forced to race in his galactic coliseum, Crash must race his way to victory in order to save the Earth from destruction--but it won't be easy, as he must compete against foes both old and new before a final showdown with Velo himself. Crash Nitro Kart mixes 18 rollercoaster raceways, devastating weapons, a variety of single and multiplayer modes and maps, and customizable arenas, and a cast of unique characters into a game that showcases kart-racing at its best.</overview>
</synopsis>
