<synopsis>
<title>Delta Force: Black Hawk Down</title>
<developer>VU Games, Climax</developer>
<publisher>NovaLogic</publisher>
<features_general>Single-player, Multiplayer, 480p, Dolby 5.1 Surround</features_general>
<features_online>Online, Max Player on System Link: 32</features_online>
<esrb>T</esrb>
<esrb_descriptors>Blood, Language, Violence</esrb_descriptors>
<genre>Action, Shooter, First-Person, Tactical</genre>
<release_date>26 Jul 2005</release_date>
<rating>6.1</rating>
<platform>Xbox</platform>
<exclusive>No</exclusive>
<titleid/>
<overview>In late 1993, the United States launched dual military operations in Mogadishu Somalia. Delta Force Operatives and Army Rangers were sent in to capture Somali warlords and restore order. As a Delta Force operative, it's your mission to join daring and intense raids against the oppressive Somali warlords in and around Mogadishu. Get ready for an intense combat--in solo missions or online multiplayer battles--featuring an arsenal of heavy weapons, military vehicles, and helicopters.</overview>
</synopsis>
