<synopsis>
<sourcename>Neo Geo Pocket-T</sourcename>
<foldername>Neo Geo Pocket</foldername>
<title>Neo Geo Pocket</title>
<developer>SNK Corporation</developer>
<publisher>SNK Corporation</publisher>
<features_general>Handheld</features_general>
<features_online>N/A</features_online>
<esrb>Not Rated</esrb>
<esrb_descriptors>Not Rated</esrb_descriptors>
<genre>Video Games</genre>
<release_date>28 Oct 1998</release_date>
<rating>6.5</rating>
<platform>Handheld Game Console</platform>
<exclusive>N/A</exclusive>
<titleid>N/A</titleid>
<overview>The Neo Geo Pocket is a monochrome handheld game console released by SNK. It was the company's first handheld system and is part of the Neo Geo family. It debuted in Japan in late 1998 but never saw a western release, being exclusive to Japan and smaller Asian markets such as Hong Kong. The Neo Geo Pocket is considered to be an unsuccessful console. Lower than expected sales resulted in its discontinuation in 1999, and was immediately succeeded by the Neo Geo Pocket Color, a full color device allowing the system to compete more easily with the dominant Game Boy Color handheld, and which also saw a western release. Though the system enjoyed only a short life, there were some significant games released on the system such as Samurai Shodown, and King of Fighters R-1.</overview>
</synopsis>
