<synopsis>
<sourcename>Karaoke Revolution-MB</sourcename>
<foldername>Karaoke Revolution</foldername>
<title>Karaoke Revolution</title>
<developer>Harmonix Music</developer>
<publisher>Konami</publisher>
<features_general>Players 1-8, 480p, Dolby Digital</features_general>
<features_online>DLC</features_online>
<esrb>E</esrb>
<esrb_descriptors>No Descriptors</esrb_descriptors>
<genre>Miscellaneous, Rhythm, Music</genre>
<release_date>10 Nov 2004</release_date>
<rating>8</rating>
<platform>Xbox</platform>
<exclusive>No</exclusive>
<titleid>4B4E0025</titleid>
<overview>Turn your Xbox into a high-end, interactive karaoke machine with Karaoke Revolution, the latest in Konami's line of music video games. Karaoke Revolution features a varied list of tunes from current hits to yesterday's classics. With the Xbox Communicator, you'll not only sing song, but get judged on your performance--so make sure you're on key. Take your voice to the ultimate concert venue in Showtime mode. This version of Karaoke Revolution also features more than 10 Motown classics and additional songs that you can download via Xbox Live.</overview>
</synopsis>
