<synopsis>
<title>Breeders' Cup World Thoroughbred Championships</title>
<developer>ZeniMax</developer>
<publisher>Bethesda</publisher>
<features_general>Single-player</features_general>
<features_online/>
<esrb>E</esrb>
<esrb_descriptors>Simulated Gambling</esrb_descriptors>
<genre>Sports, Alternative, Horse Racing</genre>
<release_date>29 Sep 2005</release_date>
<rating>4.7</rating>
<platform>PlayStation 2, Xbox</platform>
<exclusive>No</exclusive>
<titleid/>
<overview>Experience the most realistic horse racing simulation ever created and the only game officially licensed by the NTRA: Breeders' Cup World Thoroughbred Championships (Breeders' Cup). With thousands of horses, the ability to race your own thoroughbred, play the ponies, and even build your own stable, Breeders' Cup is the horse racing game with something for everyone. Perform well enough and maybe you can race against some of the greatest thoroughbreds of all time.</overview>
</synopsis>
