<synopsis>
<title>Club Football 2005 [EU]</title>
<developer>Codemasters</developer>
<publisher>Codemasters</publisher>
<features_general>Single-player, Multiplayer</features_general>
<features_online/>
<esrb>Not Rated by ESRB</esrb>
<esrb_descriptors>None</esrb_descriptors>
<genre>Sport, Soccer</genre>
<release_date>15 Oct 2004</release_date>
<rating>Not Rated</rating>
<platform>Xbox</platform>
<exclusive>No</exclusive>
<titleid/>
<overview>Club Football is a series of football video games, produced by Codemasters in 2003 and 2004 for PlayStation 2 and Xbox. The first version also had releases for the Gamecube. Each version of the game focuses on a specific club with their official replica stadium, shirt and players. The player can put himself in the game with his own attributes.</overview>
</synopsis>
