<synopsis>
<title>MechAssault</title>
<developer>Day 1 Studios</developer>
<publisher>Microsoft Game Studios</publisher>
<features_general>Single-player, Multiplayer, 480p, Dolby 5.1 Surround</features_general>
<features_online>Online, Max Player on System Link: 8</features_online>
<esrb>T</esrb>
<esrb_descriptors>Blood, Violence</esrb_descriptors>
<genre>Simulation, Sci-Fi, Mech</genre>
<release_date>11 Nov 2002</release_date>
<rating>8.7</rating>
<platform>Xbox</platform>
<exclusive>Yes</exclusive>
<titleid/>
<overview>Pilot the most powerful weapon of the 31st century--a 40-foot tall walking tank called a BattleMech. MechAssault is a third-person action shooter that features fully destructible environments, a powerful array of upgradeable BattleMechs, and dynamic mission-based gameplay. MechAssault also includes complete Xbox online and split-screen multiplay capabilities, so you can taunt the competition or strategize with a teammate with full voice communication support. Prepare yourself for some devastating, metal-crunching warfare.</overview>
</synopsis>
