<synopsis>
<sourcename>Watara Supervision-T</sourcename>
<foldername>Supervision</foldername>
<title>Supervision</title>
<developer>Watara</developer>
<publisher>Watara</publisher>
<features_general>Handheld</features_general>
<features_online>N/A</features_online>
<esrb>Not Rated</esrb>
<esrb_descriptors>Not Rated</esrb_descriptors>
<genre>Video Games</genre>
<release_date>1992</release_date>
<rating>3.5</rating>
<platform>Handheld Game Console</platform>
<exclusive>N/A</exclusive>
<titleid>N/A</titleid>
<overview>The Watara Supervision, also known as the QuickShot Supervision in the UK, is a monochrome handheld game console, originating from Asia, and introduced in 1992 as a cut-price competitor for Nintendo's Game Boy. It came packaged with a game called Crystball, which is similar to Breakout. One unique feature of the Supervision was that it could be linked up to a television via a link cable. Games played in this way would display in four colors, much like Nintendo's Super Game Boy add-on for the SNES. A full color TV link was also in the works, but because of the Supervision's failure to make a major impression among gamers it was cancelled, along with the games which were in development for it. Though the machine garnered some attention at launch (mainly due to the low price for the machine and its games, which many felt might enable it to make inroads into Nintendo's market share) it was ultimately unsuccessful in unseating the Game Boy from its position as the world's most popular handheld. Reasons commonly cited are the poor quality screen which was prone to blurring and made following the action difficult, a general lack of games and the simplistic nature of those that were released. Yet another problem was that most of the games that were available were developed in Taiwan or Hong Kong, meaning that fans of big-name Western and Japanese developers were underwhelmed by the apparent lack of support from these companies. Only a tiny handful of games were developed by third parties, including Sachen and the British developer B.I.T.S. Up against Nintendo's list of popular franchises (Zelda, Mario, Metroid) and those of its third parties (Castlevania, Mega Man) - all of which eventually surfaced on the Game Boy - the Supervision's games were of little interest to most.</overview>
</synopsis>
