<synopsis>
<sourcename>Dreamfall-T</sourcename>
<foldername>Dreamfall</foldername>
<title>Dreamfall: The Longest Journey</title>
<developer>Funcom</developer>
<publisher>Aspyr Media</publisher>
<features_general>Players 1, 480p, Dolby Digital</features_general>
<features_online/>
<esrb>M</esrb>
<esrb_descriptors>Blood Strong Language Suggestive Themes Violence</esrb_descriptors>
<genre>Adventure, Third-Person, Fantasy</genre>
<release_date>18 Apr 2006</release_date>
<rating>7.3</rating>
<platform>Xbox</platform>
<exclusive>Yes</exclusive>
<titleid>41590004</titleid>
<overview>Dreamfall continues the story of "The Longest Journey," one of the most critically acclaimed adventure games ever made, and brings adventure gaming into a new era. Focusing on story and characters, Dreamfall features unparalleled 3D visuals, advanced character animations, stunning audio, and innovative gameplay - wrapped in a unique and magical ambience. Dreamfall is set in the 23rd Century, where a young woman accidentally uncovers a conspiracy related to dreams; a conspiracy that may herald the destruction of the twin worlds of science and magic. Confronted by mysteries that she cannot resolve on her own, she must seek assistance from the one person who might have the answers: April Ryan, the heroine of "The Longest Journey."</overview>
</synopsis>
