<synopsis>
<sourcename>Area 51-T</sourcename>
<foldername>Area 51</foldername>
<title>Area 51</title>
<developer>Midway Studios Austin</developer>
<publisher>Midway</publisher>
<features_general>Players 1-4, 480p, Dolby Digital</features_general>
<features_online/>
<esrb>M</esrb>
<esrb_descriptors>Blood, Intense Violence, Strong Language</esrb_descriptors>
<genre>Action, Shooter, First-Person, Sci-Fi</genre>
<release_date>25 Apr 2005</release_date>
<rating>7.2</rating>
<platform>Online, Windows PC, PlayStation 2, Xbox</platform>
<exclusive>No</exclusive>
<titleid>4D570005</titleid>
<overview>A viral outbreak has shut down one of the US government's most secret and secure military facilities and all scientific and military personnel are locked inside. A small Special Forces unit, led by specialist Ethan Cole, is sent to investigate. As Cole, you'll delve into five expansive levels within the confines of Area 51, discovering a deadly mutagenic side effect of the virus as well as an ancient alien colony buried beneath the facility. With an array of human and alien weapons, you must explore conspiracies in order to solve the enigma of Area 51.</overview>
</synopsis>
