<synopsis>
<foldername>XBPartitioner-T</foldername>
<title>XBPartitioner v1.3</title>
<developer>Unknown</developer>
<publisher>Unknown</publisher>
<features_general>Format Large HDDs</features_general>
<features_online>None</features_online>
<esrb>Not Rated by ESRB</esrb>
<esrb_descriptors>Not Rated by ESRB</esrb_descriptors>
<genre>Application</genre>
<release_date>Unknown</release_date>
<rating>9.0</rating>
<platform>Modified Xbox</platform>
<exclusive>Yes</exclusive>
<titleid>00000000</titleid>
<overview>Used to format your hard drive with the proper cluster sizes and partitioning layouts. If your drive is over 250GB use this app to format the extra partitions. Correct cluster size are as follows: 16k up to 250GB, 32k for 250GB to 500GB and 64k from 500GB to 3TB. Note, a 3TB drive will show you a maximum of 2.2TB due to file system limitations of FATX and LBA48. There is a glitch that the user also needs to be aware of. When formatting a large drive, format to a size smaller than the max allowed size. Exit the application and open it again. Then format to the correct size. This will save you losing data at a later stage and needing to reformat your F and G partitions.</overview>
</synopsis>
