<synopsis>
<sourcename>FIFA Soccer 2003-MB</sourcename>
<foldername>FIFA Soccer 2003</foldername>
<title>FIFA Soccer 2003</title>
<developer>EA Canada</developer>
<publisher>EA Games</publisher>
<features_general>Players 1-4, Dolby Digital</features_general>
<features_online/>
<esrb>E</esrb>
<esrb_descriptors>No Descriptors</esrb_descriptors>
<genre>Sports, Soccer</genre>
<release_date>12 Nov 2002</release_date>
<rating>8.8</rating>
<platform>GameCube, Windows PC, PlayStation 2, PlayStation, Xbox</platform>
<exclusive>No</exclusive>
<titleid>45410017</titleid>
<overview>Master the fundamentals of soccer in FIFA Soccer 2003. With more ball control and player moves, this year's FIFA Soccer puts the The Total Club Championship within your grasp. Unleash the skills of the world's greatest players through new player animations and signature skill moves. Experience pressure-cooker atmospheres as you take on Europe's elite teams in their own stadiums featuring actual team chants and songs. EA Sports Freestyle Control lets you produce a feint, one-touch pass, or skill move to leave your opponents standing.</overview>
</synopsis>
