<synopsis>
<title>AMF Bowling 2004</title>
<developer>Mud Duck Productions</developer>
<publisher>Bethesda Softworks</publisher>
<features_general>Single-player, Multiplayer, 480p</features_general>
<features_online/>
<esrb>E</esrb>
<esrb_descriptors>No Descriptors</esrb_descriptors>
<genre>Sports, Alternative, Bowling</genre>
<release_date>14 Nov 2003</release_date>
<rating>4.8</rating>
<platform>Online, Xbox</platform>
<exclusive>Yes</exclusive>
<titleid/>
<overview>Bowling fans can appreciate AMF Bowling 2004's realistic sound effects, array of gameplay options, and accurate ball, pin, and lane physics. This bowling simulation also lets you create your own bowler and customize your ball's weight, color, and texture. In multiple gameplay modes, such as practice and tournament play, you can find that perfect combination of position, speed, and ball velocity. Showcase your skills against professional bowlers or against a friend.</overview>
</synopsis>
