<synopsis>
<sourcename>Kingdom Under Fire-MB</sourcename>
<foldername>Kingdom Under Fire</foldername>
<title>Kingdom Under Fire: The Crusaders</title>
<developer>Phantagram</developer>
<publisher>Microsoft Game Studios</publisher>
<features_general>Players 1-2, 480p, Custom Soundtracks, Dolby Digital</features_general>
<features_online>DLC</features_online>
<esrb>M</esrb>
<esrb_descriptors>Blood, Violence</esrb_descriptors>
<genre>Strategy, Real-Time, Fantasy</genre>
<release_date>12 Oct 2004</release_date>
<rating>8.1</rating>
<platform>Xbox</platform>
<exclusive>Yes</exclusive>
<titleid>504C0002</titleid>
<overview>Imagine you're a military hero in the Middle Ages, gallantly striking down the enemy and commanding friendly forces. Set 50 years after the events of Kingdom Under Fire, The Crusaders lets you lead hundreds of troops into war, while managing resources, augmenting your forces, and developing your combat strategies. You can choose to play as one of two races, Humans or Dark Legions, and you can select one of several character types within each race. While moving across the continent, you can stop by castles, gain endorsements from feudal lords, hire mercenaries, replenish or change equipment, and more.</overview>
</synopsis>
