<synopsis>
<sourcename>Kelly Slater Pro Surfer-M</sourcename>
<foldername>Kelly Slater Pro Surfer</foldername>
<title>Kelly Slater's Pro Surfer</title>
<developer>Treyarch</developer>
<publisher>Activision</publisher>
<features_general>Players 1-2, Dolby Digital</features_general>
<features_online/>
<esrb>E</esrb>
<esrb_descriptors>Mild Lyrics, Mild Violence</esrb_descriptors>
<genre>Sports, Alternative, Surfing</genre>
<release_date>16 Sep 2002</release_date>
<rating>8</rating>
<platform>GameCube, PlayStation 2, Xbox</platform>
<exclusive>No</exclusive>
<titleid>41560002</titleid>
<overview>Experience the rush of big-wave surfing and the surfer lifestyle as you search the globe for the world's best breaks. In Kelly Slater's Pro Surfer, you'll play Kelly Slater, or one of eight other surfers, in exotic locations with more than 30 challenging levels to explore. Drop down huge waves, ride barreling tubes, and pull off exciting trick combinations and signature pro moves. The game features multiple gameplay modes, including a Surf Trip where you choose your own path in search of the perfect wave.</overview>
</synopsis>
