<synopsis>
<sourcename>Legacy of Kain Defiance-T</sourcename>
<foldername>Legacy of Kain Defiance</foldername>
<title>Legacy of Kain: Defiance</title>
<developer>Crystal Dynamics</developer>
<publisher>Eidos Interactive</publisher>
<features_general>Players 1, Widescreen, Dolby Digital</features_general>
<features_online/>
<esrb>M</esrb>
<esrb_descriptors>Blood and Gore, Intense Violence</esrb_descriptors>
<genre>Action Adventure, Horror</genre>
<release_date>02 Feb 2004</release_date>
<rating>7.4</rating>
<platform>Windows PC, PlayStation 2, Xbox</platform>
<exclusive>No</exclusive>
<titleid>4553000F</titleid>
<overview>Demons, death, and dark forces cloud the vampire world of Legacy of Kain: Defiance, and you must push through it. In this episode of the Legacy of Kain series, you play as both Raziel, a demonic angel of death, and Kain, an all-powerful demigod. Use telekinetic powers, thrilling combo moves, and legendary swords to fight your way through monsters and undead foes. Replenish your energy by sucking the blood and devouring your enemies' souls. Stop the forces that seek to condemn the world to eternal damnation.</overview>
</synopsis>
