<synopsis>
<sourcename>Max Payne-B</sourcename>
<foldername>Max Payne</foldername>
<title>Max Payne</title>
<developer>Rockstar Vienna</developer>
<publisher>Rockstar Games</publisher>
<features_general>Players 1, Arcade Stick</features_general>
<features_online>System Link</features_online>
<esrb>M</esrb>
<esrb_descriptors>Blood, Violence</esrb_descriptors>
<genre>Action, Shooter, Third-Person</genre>
<release_date>12 Dec 2001</release_date>
<rating>8.9</rating>
<platform>Macintosh, Windows PC, PlayStation 2, Xbox, Xbox 360</platform>
<exclusive>No</exclusive>
<titleid>54540003</titleid>
<overview>Max Payne is a man with nothing to lose--a fugitive undercover cop framed for murder, and now hunted by the cops and the mob. As Payne, you'll uncover plot twists, engage in dramatic "bullet-time" firefights with thugs, and fight your way through an unforgiving New York blizzard. Max can wield a variety of weapons including pistols, submachine guns, shotguns, sniper rifles, grenades, and Molotov cocktails. Prepare yourself for an involving story combined with slick action.</overview>
</synopsis>
