<synopsis>
<sourcename>Eeprom Backuperer-M</sourcename>
<foldername>Eeprom Backuperer</foldername>
<title>Eeprom Backuperer</title>
<developer>Rocky5</developer>
<publisher>Homebrew</publisher>
<features_general>Back Up EEPROM</features_general>
<features_online>None</features_online>
<esrb>Not Rated by ESRB</esrb>
<esrb_descriptors>Not Rated by ESRB</esrb_descriptors>
<genre>Application</genre>
<release_date>Unknown</release_date>
<rating>8</rating>
<platform>Modified Xbox</platform>
<exclusive>Yes</exclusive>
<titleid>21585554</titleid>
<overview>Backs up your Xbox EEPROM. Rocky5 has integrated this into his softmod now. This is old but it does the job.</overview>
</synopsis>
