<synopsis>
<sourcename>Cel Damage-T</sourcename>
<foldername>Cel Damage</foldername>
<title>Cel Damage</title>
<developer>Pseudo Interactive</developer>
<publisher>EA Games</publisher>
<features_general>Players 1-4</features_general>
<features_online/>
<esrb>T</esrb>
<esrb_descriptors>Comic Mischief, Violence</esrb_descriptors>
<genre>Driving, Racing, Kart</genre>
<release_date>14 Nov 2001</release_date>
<rating>6.5</rating>
<platform>GameCube, Xbox</platform>
<exclusive>No</exclusive>
<titleid>45410011</titleid>
<overview>Part demolition derby, part whacked-out cartoon come to life. 12 interactive cartoon worlds, 36 wild, over the top weapons and 10 tough toons. Game modes include Deathmatch, capture the flag and 4-person split-screen multiplayer.</overview>
</synopsis>
