<synopsis>
<foldername>MSX / MSX 2</foldername>
<title>MSX / MSX 2</title>
<developer>Microsoft, ASCII</developer>
<publisher>Sony, Pioneer</publisher>
<features_general>Keyboard</features_general>
<features_online>N/A</features_online>
<esrb>Not Rated</esrb>
<esrb_descriptors>Not Rated</esrb_descriptors>
<genre>Video Games</genre>
<release_date>16 Jun 1983</release_date>
<rating>6.5</rating>
<platform>Home Computer</platform>
<exclusive>N/A</exclusive>
<titleid>N/A</titleid>
<overview>MSX is a standardized home computer architecture, announced by Microsoft and ASCII on June 16, 1983. It was conceived and marketed by Kazuhiko Nishi, then vice-president at Microsoft and director at ASCII Corporation. Nishi conceived the project as an attempt to create unified standards among various home computing system manufacturers of the period, in the same fashion as the VHS standard for home video tape machines. MSX systems were popular in Japan and several other countries. It is difficult to determine how many MSX computers were sold worldwide, but eventually 5 million MSX-based units were sold in Japan alone. Despite Microsoft's involvement, few MSX-based machines were released in the United States. Before the great success of Nintendo's Family Computer, MSX was the platform for which major Japanese game studios such as Konami and Hudson Soft produced video games. The Metal Gear series, for example, was first written for MSX hardware. The exact meaning of the "MSX" abbreviation remains a matter of debate. In 2001, Kazuhiko Nishi recalled that many assumed it was derived from "Microsoft extended", referring to the built-in Microsoft Extended BASIC (MSX BASIC), specifically adapted by Microsoft for the MSX system; others believed it stood for "Matsushita-Sony". However, he said, the team's original definition was "Machines with Software eXchangeability" which conflicts with his earlier explanation in 1985, that he had named MSX after the MX missile. After the (relative) success of the MSX 1 computer (in Japan, Europe and South America), Microsoft and ASCII presented its successor. The main new feature was the very enhanced graphic modes, no other computers were able to display such graphics. The 128 KB VRAM was very impressive. It had a battery-backed clock and a new MMU (to handle more than the Z80 64KB limit). The MSX 2 standard, like the MSX 1, was designed by ASCII, the new operating system MSX DOS 2.0 was designed by Microsoft (it's almost a copy of MS-DOS 3.3). A while after launching the MSX 2 standard, Microsoft abandoned the project, but several manufacturers took it over.</overview>
</synopsis>
