<synopsis>
<title>Dead or Alive Xtreme Beach Volleyball</title>
<developer>Team Ninja</developer>
<publisher>Tecmo</publisher>
<features_general>Single-player, Multiplayer, 480p, 16:9, Dolby 5.1 Surround</features_general>
<features_online/>
<esrb>M</esrb>
<esrb_descriptors>Gambling, Mature Sexual Themes, Nudity</esrb_descriptors>
<genre>Action, Fighting, 3D </genre>
<release_date>22 Jan 2003</release_date>
<rating>7.3</rating>
<platform>Xbox</platform>
<exclusive>Yes</exclusive>
<titleid/>
<overview>The girls of Dead or Alive are back and better than ever in Dead or Alive Xtreme Beach Volleyball. But this time around the girls are throwing on their bikinis to go head-to-head in outrageous games of beach volleyball. It's time to get up close with the ladies as they set and spike their way to the championship title on the tropical beach resort, Zack Island. The points you receive on the court enable you to customize your characters with over 100 swimsuits and accessories. At night, Zack Island becomes a haven for nightlife activities including an island casino and a radio station with all your favorite sand and surf tunes.</overview>
</synopsis>
