<synopsis>
<foldername>Sega Game Gear</foldername>
<title>Sega Game Gear</title>
<developer>Sega</developer>
<publisher>Sega</publisher>
<features_general>Handheld</features_general>
<features_online>N/A</features_online>
<esrb>Not Rated</esrb>
<esrb_descriptors>Not Rated</esrb_descriptors>
<genre>Video Games</genre>
<release_date>06 Oct 1990</release_date>
<rating>6.0</rating>
<platform>Handheld Game Console</platform>
<exclusive>N/A</exclusive>
<titleid>N/A</titleid>
<overview>The Game Gear is an 8-bit fourth generation handheld game console released by Sega on October 6, 1990 in Japan, in April 1991 throughout North America and Europe, and during 1992 in Australia. The Game Gear primarily competed with Nintendo's Game Boy, the Atari Lynx, and NEC's TurboExpress. It shares much of its hardware with the Master System, and can play Master System games by the use of an adapter. Sega positioned the Game Gear, which had a full-color backlit screen with a landscape format, as a technologically superior handheld to the Game Boy. Though the Game Gear was rushed to market, its unique game library and price point gave it an edge over the Atari Lynx and TurboExpress. However, due to its short battery life, lack of original games, and weak support from Sega, the Game Gear was unable to surpass the Game Boy, selling 10.62 million units by March 1996. The Game Gear was discontinued in 1997. It was re-released as a budget system by Majesco Entertainment in 2000, under license from Sega. Reception of the Game Gear was mixed, with praise for its full-color backlit screen and processing power for its time, criticisms over its large size and short battery life, and questions over the quality of its game library. Support for the Game Gear by Sega was hurt by its primary focus on its home console systems. In addition to the success of the Genesis, Sega was also supporting two peripherals for its home system, the Sega CD, and the 32X, as well as developing its new 32-bit system, the Sega Saturn. Despite selling 10.62 million units by March 1996 (including 1.78 million in Japan), the Game Gear was never able to match the success of its main rival, the Game Boy, which sold over ten times that number. The system's late sales were further hurt by Nintendo's release of the Game Boy Pocket, a smaller version of the Game Boy which could run on two AAA batteries. Plans for a 16-bit successor to the Game Gear were made to bring Sega's handheld gaming into the fifth generation of video games, but a new handheld system never materialized for Sega, leaving only the Genesis Nomad, a portable version of the Genesis, to take its place. Moreover, the Nomad was intended to supplement the Game Gear rather than replace it; in press coverage leading up to the Nomad's release, Sega representatives said the company was not dropping support for the Game Gear in favor of the Nomad, and that "We believe the two can co-exist". Though the Nomad had been released in 1995, Sega did not officially end support for the Game Gear until 1996 in Japan, and 1997 worldwide.</overview>
</synopsis>
