<synopsis>
<title>Egg Mania: Eggstreme Madness</title>
<developer>HotGen</developer>
<publisher>Kemco</publisher>
<features_general>Single-player, Multiplayer</features_general>
<features_online/>
<esrb>E</esrb>
<esrb_descriptors>No Descriptors</esrb_descriptors>
<genre>Miscellaneous, Puzzle, General </genre>
<release_date>11 Sep 2002</release_date>
<rating>5.8</rating>
<platform>GameCube, PlayStation 2, Xbox</platform>
<exclusive>No</exclusive>
<titleid/>
<overview>In Egg Mania: Eggstreme Madness, you must build a tower from falling puzzle pieces to reach a balloon basket high above. Your tower must be strong and stable, or it will collapse on itself back into the water below. If that wasn't hard enough, you'll have opponents that will do anything to stop you--from throwing bombs and hammers to summoning clouds of lightning. This is a frenetic puzzle game that both young and old gamers can enjoy.</overview>
</synopsis>
