<synopsis>
<title>Cars</title>
<developer>Rainbow Studios</developer>
<publisher>THQ</publisher>
<features_general>Single-player, Multiplayer, 480p</features_general>
<features_online/>
<esrb>E</esrb>
<esrb_descriptors>Comic Mischief</esrb_descriptors>
<genre>Racing, Adventure</genre>
<release_date>05 Jun 2006</release_date>
<rating>7</rating>
<platform>GameCube, Macintosh, Windows PC, PlayStation 2, Wii, Xbox, Xbox 360</platform>
<exclusive>No</exclusive>
<titleid/>
<overview>Race to the finish line in Cars as you live all the fun and excitement of the next Walt Disney Pictures presentation of the Pixar Animation Studios film. Play as all your favorite characters as you help Lightning McQueen capture the coveted Piston Cup Championship. </overview>
</synopsis>
