<synopsis>
<title>Dead to Rights II</title>
<developer>Widescreen Games</developer>
<publisher>Namco</publisher>
<features_general>Single-player</features_general>
<features_online/>
<esrb>M</esrb>
<esrb_descriptors>Blood, Intense Violence, Sexual Themes, Strong Language</esrb_descriptors>
<genre>Action, Shooter, Third-Person</genre>
<release_date>12 Apr 2005</release_date>
<rating>5.4</rating>
<platform>Windows PC, PlayStation 2, Xbox</platform>
<exclusive>No</exclusive>
<titleid/>
<overview>Dead to Rights II marks the return of action-hero Jack Slate and his K-9 companion, Shadow. In this sequel, Jack and Shadow find themselves once again in the mean streets of Grant City, ensnared in a labyrinth of crime, corruption, and betrayal. Although he swore he'd never return to the city that left him for dead, the plight of an innocent girl draws Jack back. The game features Hong Kong cinema-style action and new gameplay mechanics such as greater interaction with Shadow, disarm moves, a 360-degree fighting engine, melee weapon battles, and a dramatic spherical slow-motion diving system.</overview>
</synopsis>
