<synopsis>
<title>Minority Report: Everybody Runs</title>
<developer>Treyarch</developer>
<publisher>Activision</publisher>
<features_general>Single-player, 480p, 16:9, Dolby 5.1 Surround</features_general>
<features_online/>
<esrb>T</esrb>
<esrb_descriptors>Violence</esrb_descriptors>
<genre>Action Adventure, Sci-Fi </genre>
<release_date>18 Nov 2002</release_date>
<rating>5.4</rating>
<platform>GameCube, PlayStation 2, Xbox</platform>
<exclusive>No</exclusive>
<titleid/>
<overview>The year is 2054 and you are Precrime Officer John Anderton, head of an elite police force division that can apprehend murderers before the crime can be committed. Everyone thought the system was perfect, until a precrime report lists you as the prime suspect. Now, you're on the run through 40 futuristic levels filled with both human and robot enemies in a mission to clear your name. With an arsenal of weapons, hand-to-hand combat skills, and a Jetpack that allows you to fly through levels, it's up to you to stop an evil conspiracy before it's too late. </overview>
</synopsis>
