<synopsis>
<sourcename>Conflict Desert Storm-T</sourcename>
<foldername>Conflict Desert Storm</foldername>
<title>Conflict: Desert Storm</title>
<developer>Pivotal Games</developer>
<publisher>SCi</publisher>
<features_general>Players 1-4</features_general>
<features_online/>
<esrb>T</esrb>
<esrb_descriptors>Blood, Violence</esrb_descriptors>
<genre>Action, Shooter, Third-Person, Tactical</genre>
<release_date>30 Sep 2002</release_date>
<rating>6.5</rating>
<platform>GameCube, Windows PC, PlayStation 2, Xbox</platform>
<exclusive>No</exclusive>
<titleid>54540005</titleid>
<overview>Conflict: Desert Storm lets you lead one of the best known and most feared special operations forces in the world: the elite British SAS or the US Delta Force. Covert missions take you through hostile environments where only your expertise in stealth, tactics, and firepower will ensure the success and safety of your men. Your missions are as unpredictable as they are dangerous: from vital scud-hunting missions deep within enemy territory to highly secretive rescue and assassination operations in Baghdad itself.</overview>
</synopsis>
