<synopsis>
<title>I-Ninja</title>
<developer>Argonaut Games</developer>
<publisher>Namco</publisher>
<features_general>Single-player, Dolby 5.1 Surround</features_general>
<features_online/>
<esrb>T</esrb>
<esrb_descriptors>Animated Blood, Violence</esrb_descriptors>
<genre>Action Adventure</genre>
<release_date>04 Dec 2003</release_date>
<rating>7.5</rating>
<platform>GameCube, Windows PC, PlayStation 2, Xbox</platform>
<exclusive>No</exclusive>
<titleid/>
<overview>He might be small, but he's one angry Ninja. I-Ninja stars a consummate warrior who has spent years mastering his weapons and honing his skills. Challenged by the world's most wicked villain, Master O-Dor, and his menacing army of Ranx, the young ninja must now put his skills to use. With access to multiple weapons, including shurikens, swords, blowguns, and rocket launchers, guide I-Ninja through imaginative missions, mini-quests, and a face off with a menacing 150-foot robot. There is no challenge too big or risk to great for I-Ninja.</overview>
</synopsis>
