<synopsis>
<sourcename>Sentou Yousei Yukikaze (JPN)-MB</sourcename>
<foldername>Sentou Yousei Yukikaze (JPN)</foldername>
<title>Yukikaze</title>
<developer>Aqua System</developer>
<publisher>Aqua System</publisher>
<features_general>Players 1-2, Flight Stick, Dolby Digital</features_general>
<features_online/>
<esrb>Not Rated by ESRB</esrb>
<esrb_descriptors>No Descriptors</esrb_descriptors>
<genre/>
<release_date>07 Aug 2003</release_date>
<rating>No Rating</rating>
<platform>Xbox</platform>
<exclusive/>
<titleid>41510003</titleid>
<overview>For over thirty years, humans have been waging a war against JAM, a mysterious invading force that suddenly reached earth through an enormous column of mist that has materialized in the Antarctica. Special Air Force has been formed to carry out reconnaissance missions to monitor the war and to gather as much information about JAM as possible. Based on the SF anime of the same name comes this game from Aqua System.</overview>
</synopsis>
