<synopsis>
<title>Burger King - Sneak King</title>
<developer>Blitz Games</developer>
<publisher>King Games</publisher>
<features_general>Single-player, 480p</features_general>
<features_online/>
<esrb>E</esrb>
<esrb_descriptors>No Descriptors</esrb_descriptors>
<genre>Stealth-action, Advergaming</genre>
<release_date>19 Nov 2006</release_date>
<rating>5.4</rating>
<platform>Xbox, Xbox 360</platform>
<exclusive>No</exclusive>
<titleid/>
<overview>Sneak King is a videogame title from Burger King for the Xbox and Xbox 360 video game consoles released in 2006. Burger King sold the game with the purchase of value meals. Players take control of Burger King's mascot The King, in a stealth food-delivery themed game that spans four unique levels based on Burger King's own commercial advertisements. Sneak King is one of three titles released by Burger King and developed by Blitz Games as part of five week promotional campaign between November 19 and December 24, 2006.</overview>
</synopsis>
