<synopsis>
<title>MLS ExtraTime 2002</title>
<developer>Konami</developer>
<publisher>Konami</publisher>
<features_general>Single-player, Multiplayer</features_general>
<features_online/>
<esrb>E</esrb>
<esrb_descriptors>No Descriptors</esrb_descriptors>
<genre>Sports, Traditional, Soccer, Sim </genre>
<release_date>27 Mar 2002</release_date>
<rating>6.8</rating>
<platform>GameCube, PlayStation 2, Xbox</platform>
<exclusive>No</exclusive>
<titleid/>
<overview>ESPN MLS ExtraTime 2002 sets the new standard for soccer games with more fluid animations, better player control and greater depth than ever before. With over 100 teams from both MLS and International squads, plus the ability to edit, trade and draft players, MLS ExtraTime satisfies anyone's soccer craving.</overview>
</synopsis>
