<synopsis>
<sourcename>Crash Twinsanity-T</sourcename>
<foldername>Crash Twinsanity</foldername>
<title>Crash Twinsanity</title>
<developer>Traveller's Tales</developer>
<publisher>Vivendi Universal Games</publisher>
<features_general>Players 1, 480p, Dolby Digital</features_general>
<features_online/>
<esrb>E</esrb>
<esrb_descriptors>Cartoon Violence</esrb_descriptors>
<genre>Action, Platformer, 3D</genre>
<release_date>28 Sep 2004</release_date>
<rating>6.6</rating>
<platform>PlayStation 2, Xbox</platform>
<exclusive>No</exclusive>
<titleid>56550036</titleid>
<overview>A new evil has invaded Crash Bandicoot's island paradise with plans of destruction. In a strange twist, Crash reluctantly pairs with his archenemy, Dr. Neo Cortex, in order to save the world. Now, through this unorthodox partnership, you can take control of Crash as he uses Cortex as his favorite weapon. Play as any one of four characters as you encounter reactive enemies, wild environments, and a wacky cast of new characters.</overview>
</synopsis>
