<synopsis>
<sourcename>Ghost Recon-MB</sourcename>
<foldername>Ghost Recon</foldername>
<title>Tom Clancy's Ghost Recon</title>
<developer>Red Storm Entertainment</developer>
<publisher>Ubisoft</publisher>
<features_general>Players 1-2, Dolby Digital</features_general>
<features_online>System Link 1-16</features_online>
<esrb>M</esrb>
<esrb_descriptors>Blood and Gore, Violenco</esrb_descriptors>
<genre>Action, Shooter, First-Person, Tactical</genre>
<release_date>11 Nov 2002</release_date>
<rating>8.4</rating>
<platform>GameCube, Windows PC, PlayStation 2, Xbox</platform>
<exclusive>No</exclusive>
<titleid>55530006</titleid>
<overview>When new leaders in Russia attempt to rebuild the Iron Curtain, war escalates, casualties mount, hostages are taken, and the Ghosts are sent in. Take a highly skilled Ghost team through a series of missions that range from demolitions to search-and-rescue and all-out firefights for survival. You can carry dozens of standard and special-issue weapons such as the M16A2, the M4 carbine, and the fearsome and deadly OICW. Bring a friend into the firefight in split-screen multiplayer mode. Your team--and the world--is counting on you.</overview>
</synopsis>
