<synopsis>
<sourcename>Psyvariar 2 - Extend Edition (JPN)-B</sourcename>
<foldername>Psyvariar 2 - Extend Edition (JPN)</foldername>
<title>Psyvariar 2 Extend Edition</title>
<developer>SKONEC Entertainment</developer>
<publisher>Success Corporation</publisher>
<features_general>Players 1</features_general>
<features_online/>
<esrb>Not Rated by ESRB</esrb>
<esrb_descriptors>No Descriptors</esrb_descriptors>
<genre>Scrolling shooter</genre>
<release_date>28 Oct 2004</release_date>
<rating>No Rating</rating>
<platform>Arcade, Dreamcast, PlayStation 2, Xbox</platform>
<exclusive>No</exclusive>
<titleid>53550009</titleid>
<overview>Psyvariar 2: The Will to Fabricate is a vertically scrolling shoot 'em up developed by SKONEC Entertainment and distributed by Success. It is the sequel to the 2000 title, Psyvariar. The game was initially developed for the Sega NAOMI arcade platform, and was released in Japanese arcades in November 2003. A Dreamcast version was released on February 26, 2004, and ports to both the PlayStation 2 and Xbox were released later that year.</overview>
</synopsis>
