<synopsis>
<title>MechAssault 2: Lone Wolf</title>
<developer>Day 1 Studios</developer>
<publisher>Microsoft Game Studios</publisher>
<features_general>Single-player, Multiplayer, 480p, Dolby 5.1 Surround</features_general>
<features_online>Online, Max Player on System Link: 12</features_online>
<esrb>T</esrb>
<esrb_descriptors>Blood, Violence</esrb_descriptors>
<genre>Simulation, Sci-Fi, Mech</genre>
<release_date>28 Dec 2004</release_date>
<rating>8.1</rating>
<platform>Xbox</platform>
<exclusive>Yes</exclusive>
<titleid/>
<overview>MechAssault 2: Lone Wolf continues the destruction, intense combat, and online play introduced by the first MechAssault game. Set in the 31st century, the game lets you encounter new experiences in the expansive BattleTech world. Choose from a variety of weapons and vehicles--from the stealthy Raptor mech to the mech-jacking BattleArmor--all equipped with different weapon configurations and artillery. Embark on the new single-player campaign, or test your teamwork skills in the online multiplayer arena.</overview>
</synopsis>
