<synopsis>
<sourcename>Carve-T</sourcename>
<foldername>Carve</foldername>
<title>Carve</title>
<developer>Argonaut Games</developer>
<publisher>Global Star Software</publisher>
<features_general>Players 1, 480p, Dolby Digital</features_general>
<features_online>System Link 2-8</features_online>
<esrb>E</esrb>
<esrb_descriptors>No Descriptors</esrb_descriptors>
<genre>Driving, Racing, Snow / Water</genre>
<release_date>26 Feb 2004</release_date>
<rating>6.4</rating>
<platform>Xbox</platform>
<exclusive>Yes</exclusive>
<titleid>54540010</titleid>
<overview>Welcome to the world of extreme watercraft racing. Carve takes you and your teammate around the globe to battle watercraft racing teams vying for the top-rank position. Exotic locales and intense weather and wave conditions make for challenging courses. Master eight individual racing styles along with signature tricks that can be performed off the ramp or on the water. Showcase your talent in five challenging tournaments or against three of your friends in split-screen multiplayer mode.</overview>
</synopsis>
