<synopsis>
<title>ATV Quad Power Racing 2</title>
<developer>Climax Studios</developer>
<publisher>Acclaim Entertainment</publisher>
<features_general>Single-player, Multiplayer, 480p, 16:9, Dolby 5.1 Surround</features_general>
<features_online/>
<esrb>E</esrb>
<esrb_descriptors>Mild Language, Mild Suggestive Themes, Mild Violence</esrb_descriptors>
<genre>Driving, Racing, Rally / Offroad</genre>
<release_date>27 Jan 2003</release_date>
<rating>6.8</rating>
<platform>GameCube, PlayStation 2, Xbox</platform>
<exclusive>No</exclusive>
<titleid/>
<overview>ATV: Quad Power Racing 2 is all about big tricks, big boots to the face, and big finishes. As ten of the top pro riders in the world with real-life sponsors, you can race in 15 massive tracks and two freestyle arenas full of fast, edge-of-your-seat gameplay. Fight your way to the finish with kick attacks, huge jumps, and power slides. Get ready for this arcade-style ATV racer.</overview>
</synopsis>
