<synopsis>
<sourcename>C.A.T. Cyber Attack Team (JPN)-B</sourcename>
<foldername>C.A.T. Cyber Attack Team (JPN)</foldername>
<title>C.A.T. Cyber Attack Team</title>
<developer>Hide</developer>
<publisher>Hide</publisher>
<features_general>Players 1</features_general>
<features_online/>
<esrb>Not Rated by ESRB</esrb>
<esrb_descriptors>No Descriptors</esrb_descriptors>
<genre/>
<release_date>26 Jun 2003</release_date>
<rating>No Rating</rating>
<platform>Xbox</platform>
<exclusive>Yes</exclusive>
<titleid>4D450001</titleid>
<overview>C.A.T. Cyber Attack Team's story takes place in the cyberspace of the computer network, where you must defend the peace and battle against monsters and viruses who attempt to attack the network. There are a total of 10 chapters, each chapter is divided into adventure part and simulation part. During the battle, the members of the CAT team can transform into powerful CAT heroines once they are inside the cyberspace.</overview>
</synopsis>
