<synopsis>
<title>Beyond Good and Evil</title>
<developer>Ubisoft Milan</developer>
<publisher>Ubisoft</publisher>
<features_general>Single-player, 480p, Dolby 5.1 Surround</features_general>
<features_online/>
<esrb>T</esrb>
<esrb_descriptors>Comic Mischief, Violence</esrb_descriptors>
<genre>Action Adventure, Fantasy</genre>
<release_date>02 Dec 2003</release_date>
<rating>8.7</rating>
<platform>GameCube, Windows PC, PlayStation 2, Xbox</platform>
<exclusive>No</exclusive>
<titleid/>
<overview>For centuries, the planet Hillys has been bombarded by a relentless alien race. In Beyond Good and Evil, a rebellious action reporter named Jade sets out to capture the truth behind the invasion. Armed with her camera, dai-jo staff, and fierce determination, you must guide Jade as she discovers shocking evidence leading to a horrific government conspiracy and is forced to battle an evil she cannot possibly fathom. With the ability to perform stealth techniques, dai-jo staff moves, and tag-team fighting combos, you can stop at nothing to expose the truth.</overview>
</synopsis>
