<synopsis>
<sourcename>Kikou Heidan J-Phoenix Plus (JPN)-B</sourcename>
<foldername>Kikou Heidan J-Phoenix Plus (JPN)</foldername>
<title>J Phoenix</title>
<developer>Takara</developer>
<publisher>Takara</publisher>
<features_general>Players 1</features_general>
<features_online/>
<esrb>Not Rated by ESRB</esrb>
<esrb_descriptors>No Descriptors</esrb_descriptors>
<genre/>
<release_date>05 Dec 2002</release_date>
<rating>No Rating</rating>
<platform>Xbox</platform>
<exclusive/>
<titleid>54410001</titleid>
<overview>Kikou Heidan J-Phoenix + is an Action game, published by Takara, which was released in Japan in 2002.</overview>
</synopsis>
