<synopsis>
<sourcename>Armed and Dangerous-T</sourcename>
<foldername>Armed and Dangerous</foldername>
<title>Armed and Dangerous</title>
<developer>Planet Moon Studios</developer>
<publisher>LucasArts</publisher>
<features_general>Players 1, 480p, Dolby Digital</features_general>
<features_online>DLC</features_online>
<esrb>T</esrb>
<esrb_descriptors>Crude Humor, Mild Language, Violence</esrb_descriptors>
<genre>Action, Shooter, Third-Person, Sci-Fi</genre>
<release_date>02 Dec 2003</release_date>
<rating>7.9</rating>
<platform>Windows PC, Xbox</platform>
<exclusive>Yes</exclusive>
<titleid>4C41000D</titleid>
<overview>What do you call a band of gun-toting rebels, including a robot, a madman, a mole, and a criminal mastermind? The answer is Armed and Dangerous, a game that gives you a ragtag crew with an impossible mission: Pull off the biggest heist of all time in the middle of a war. All you have to do is battle your way through dastardly enemies, giant war machines, and an army of psychopathic robots. But don't worry; your team has plenty of ammo and absolutely no common sense.</overview>
</synopsis>
