<synopsis>
<title>Colin McRae Rally 3</title>
<developer>Codemasters</developer>
<publisher>Codemasters</publisher>
<features_general>Single-player, Multiplayer, 480p, 16:9, Dolby 5.1 Surround</features_general>
<features_online/>
<esrb>E</esrb>
<esrb_descriptors>No Descriptors</esrb_descriptors>
<genre>Racing</genre>
<release_date>18 Feb 2003</release_date>
<rating>8.6</rating>
<platform>GameCube, Windows PC, PlayStation 2, Xbox</platform>
<exclusive>No</exclusive>
<titleid/>
<overview>Live the life of a rally driver and prove your skills around the world. As part of the Ford Rally Sport Team, you'll have access to authentic high-performance rally cars, including Mitsubishi Lancer EVO 7, Subaru Impreza WRX, Citroen Saxo Kit Car, and Ford Focus RS WRC. It's a race against the clock through 56 stages from the United Kingdom to the United States. If you damage your car or the landscape, the path to the finish line will be a shaky one. </overview>
</synopsis>
