<synopsis>
<sourcename>EA Sports Arena Football-MB</sourcename>
<foldername>EA Sports Arena Football</foldername>
<title>Arena Football</title>
<developer>EA Tiburon</developer>
<publisher>EA Games</publisher>
<features_general>Players 1-4, 480p, Custom Soundtracks, Dolby Digital</features_general>
<features_online>DLC</features_online>
<esrb>E</esrb>
<esrb_descriptors>Language, Mild Violence, Suggestive Themes</esrb_descriptors>
<genre>Sports, Traditional, Football, Arcade</genre>
<release_date>07 Feb 2006</release_date>
<rating>6.5</rating>
<platform>PlayStation 2, Xbox</platform>
<exclusive>No</exclusive>
<titleid>45410094</titleid>
<overview>Arena football charges onto consoles with EA Sports Arena Football. You can experience the action by controlling licensed players and teams in the only arena football game for current- or next-generation consoles. Smaller teams and a smaller field combine with confining walls to make Arena Football unlike any other football game you have played. The game includes an analog kicking system, detailed stat tracking, and the ability to customize your team and its players. Online play is also available.</overview>
</synopsis>
