<synopsis>
<title>Italian Job, The</title>
<developer>Climax Group</developer>
<publisher>Eidos Interactive</publisher>
<features_general>Single-player, Multiplayer, 480p</features_general>
<features_online/>
<esrb>T</esrb>
<esrb_descriptors>Mild Violence</esrb_descriptors>
<genre>Driving, Mission-based</genre>
<release_date>25 Jun 2003</release_date>
<rating>5.4</rating>
<platform>GameCube, PlayStation 2, Xbox</platform>
<exclusive>No</exclusive>
<titleid/>
<overview>Charlie Croker and his gang are left for dead in Venice after being double-crossed during one of the biggest gold heists ever. You must take on the role of Charlie and his gang members in their quest for revenge and the gold. Based on the film, The Italian Job's story mode challenges you to create the largest traffic jam in LA history, and then escape in supercharged Mini Coopers. Master four other action-packed modes, including stunt driving, circuit racing, and multiplayer modes for up to two players.</overview>
</synopsis>
