<synopsis>
<title>Midnight Club 3: DUB Edition</title>
<developer>Rockstar San Diego</developer>
<publisher>Rockstar Games</publisher>
<features_general>Single-player, Multiplayer, 480p, 16:9, Dolby 5.1 Surround</features_general>
<features_online>Online, Max Player on System Link: 8</features_online>
<esrb>E</esrb>
<esrb_descriptors>Mild Language, Mild Violence</esrb_descriptors>
<genre>Driving, Racing, GT / Street</genre>
<release_date>13 Apr 2005</release_date>
<rating>8.4</rating>
<platform>PlayStation 2, PSP, Xbox</platform>
<exclusive>No</exclusive>
<titleid/>
<overview>The third installment in the Midnight Club series arrives with more speed, choices, and chrome than previous editions. Midnight Club 3: DUB Edition delivers fast, open-city racing in Atlanta, San Diego, and Detroit, complete with eight-player online competition and vehicle customization. Now you can drive authentic SUVs, import tuners, muscle cars, choppers, and luxury rides, as well as upgrade their rims, trims, and more.</overview>
</synopsis>
