<synopsis>
<title>Freestyle Street Soccer/Urban Freestyle</title>
<developer>Silicon Dreams</developer>
<publisher>Acclaim</publisher>
<features_general>Single-player, Multiplayer</features_general>
<features_online/>
<esrb>T</esrb>
<esrb_descriptors>Strong Language</esrb_descriptors>
<genre>Sports, Traditional, Soccer, Arcade </genre>
<release_date>25 Mar 2004</release_date>
<rating>4</rating>
<platform>GameCube, Windows PC, Xbox</platform>
<exclusive>No</exclusive>
<titleid/>
<overview>Freestyle Street Soccer focuses on 10 individual gangs--all based on the different styles, fashions, and cultures found in the concrete jungle. These teams fiercely compete for each other's turf with the ultimate goal to gain control of the whole city. You'll join the battle as one of 40 players with individual catchphrases, plus trick, combo, and special moves. As you conquer the challenges in five game modes, remember--on the streets, it's just as important to look cool as it is to score goals.</overview>
</synopsis>
