<synopsis>
<sourcename>Baldurs Gate Dark Alliance 2-T</sourcename>
<foldername>Baldurs Gate Dark Alliance 2</foldername>
<title>Baldur's Gate: Dark Alliance II</title>
<developer>Black Isle Studios</developer>
<publisher>Interplay Entertainment</publisher>
<features_general>Players 1-2</features_general>
<features_online/>
<esrb>T</esrb>
<esrb_descriptors>Blood, Use of Alcohol, Violence</esrb_descriptors>
<genre>Role-Playing, Action RPG</genre>
<release_date>20 Jan 2004</release_date>
<rating>7.7</rating>
<platform>PlayStation 2, Xbox</platform>
<exclusive>No</exclusive>
<titleid>4950000A</titleid>
<overview>Embark on a new adventure for fortune, glory and power. Baldur's Gate: Dark Alliance II, the sequel to Baldur's Gate: Dark Alliance starts you off on a road full of danger and magic. Face a seemingly endless army of sinister enemies in over 80 levels of finger-numbing action. Master skills, spells and deadly weapons while traveling through spectacular environments. Customize your character and forge your own weapons. It's up to you to rid the lands of evil by yourself or with a friend.</overview>
</synopsis>
