<synopsis>
<title>Miami Vice[EU]</title>
<developer>Davilex Games</developer>
<publisher>Davilex Games</publisher>
<features_general>Single-player</features_general>
<features_online/>
<esrb>Not Rated by ESRB</esrb>
<esrb_descriptors>None</esrb_descriptors>
<genre>Third-person shooter</genre>
<release_date>17 Dec 2004</release_date>
<rating>Not Rated</rating>
<platform>Windows PC, PlayStation 2, PSP, Xbox</platform>
<exclusive>No</exclusive>
<titleid/>
<overview>Sonny Crockett and Ricardo Tubbs are attempting to infiltrate the drug cartel run by Manuel Ortega. Things get troublesome when the leader of the criminal empire is killed by hitmen and his beautiful daughter is in danger.</overview>
</synopsis>
