<synopsis>
<title>International Winter Sports 2002</title>
<developer>Konami</developer>
<publisher>Konami</publisher>
<features_general>Single-player, Multiplayer</features_general>
<features_online/>
<esrb>E</esrb>
<esrb_descriptors>No Descriptors</esrb_descriptors>
<genre>Sports, Olympic Sports</genre>
<release_date>28 Feb 2002</release_date>
<rating>6.2</rating>
<platform>GBA, GameCube, PlayStation 2, Xbox</platform>
<exclusive>No</exclusive>
<titleid/>
<overview>Experience the intensity of international winter competition by Konami, the makers of the classic Track and Field series. With greater variety and more events than any other winter sports game, International Winter Sports 2002 is like getting ten games in one</overview>
</synopsis>
