<synopsis>
<sourcename>Amped 2-T</sourcename>
<foldername>Amped 2</foldername>
<title>Amped 2</title>
<developer>Indie Built</developer>
<publisher>Microsoft Game Studios</publisher>
<features_general>Players 1-2, 480p, 720p, Custom Soundtracks, Dolby Digital</features_general>
<features_online>System Link 2-8, DLC</features_online>
<esrb>E</esrb>
<esrb_descriptors>No Descriptors</esrb_descriptors>
<genre>Sports, Alternative, Snowboarding</genre>
<release_date>28 Oct 2003</release_date>
<rating>8</rating>
<platform>Online, Xbox</platform>
<exclusive>Yes</exclusive>
<titleid>4D530041</titleid>
<overview>Amped 2 offers a freestyle snowboarding experience with a large and varied trick library. You'll explore vast areas of wide-open, real mountains packed with terrain parks. Play head-to-head with friends in the various multiplayer modes. When you're ready to take it to the next level, connect to Xbox Live to check rankings and challenge the world's best virtual riders. Travel the globe, and pull sick tricks in front of sponsors, photographers, and fans. The latest snowboarding magazines or videos feature your photos and demo reels as you become more famous. Climb to the top ranks of the sport, and become a media superstar--all to the sounds of more than 300 killer indie tracks.</overview>
</synopsis>
