<synopsis>
<sourcename>Killer Instinct 1 &amp; 2</sourcename>
<foldername>Killer Instinct 1 &amp; 2</foldername>
<title>Killer Instinct 1 &amp; 2</title>
<developer>Rare</developer>
<publisher>Midway</publisher>
<features_general>N/A</features_general>
<features_online>N/A</features_online>
<esrb>Not Rated</esrb>
<esrb_descriptors>Not Rated</esrb_descriptors>
<genre>Video Games</genre>
<release_date>28 Oct 1994</release_date>
<rating>7</rating>
<platform>Arcade</platform>
<exclusive>N/A</exclusive>
<titleid>N/A</titleid>
<overview>Killer Instinct is a fighting video game developed by Rare and published by Midway. It was released as an arcade game in the fall of 1994 and, the following year, ported to the Super Nintendo Entertainment System (SNES) and the Game Boy. The game's plot involves an all-powerful corporation organizing a fighting tournament. The story was adapted in a limited comic book series published under the short-lived Acclaim Comics imprint. Killer Instinct features several gameplay elements unique to fighting games of the time. Instead of fighting enemies in best-of-three rounds bouts, each player has two life bars. The player that depletes the other player's life bars first wins the match. The game also introduced "auto-doubles", a feature which allows players to press a certain sequence of buttons to make characters automatically perform combos on opponents. Also featured in the game are "combo breakers", special defensive moves that can interrupt combos. Critically acclaimed, Killer Instinct was followed by a sequel, the 1996 arcade game Killer Instinct 2, later ported to the Nintendo 64 as Killer Instinct Gold, as well as a 2013 revival of the franchise as a launch title for Xbox One. A port of the original game is included with the 2013 game under the title Killer Instinct Classic. Retrospective lists by various publications included it among the best fighting games of all time.</overview>
</synopsis>
