<synopsis>
<sourcename>Driv3r-MB</sourcename>
<foldername>Driv3r</foldername>
<title>DRIV3R</title>
<developer>Reflections Interactive</developer>
<publisher>Atari</publisher>
<features_general>Players 1, 480p, Custom Soundtracks, Dolby Digital</features_general>
<features_online/>
<esrb>M</esrb>
<esrb_descriptors>Violence</esrb_descriptors>
<genre>Driving, Mission-based</genre>
<release_date>21 Jun 2004</release_date>
<rating>5.6</rating>
<platform>Windows PC, PlayStation 2, Xbox</platform>
<exclusive>No</exclusive>
<titleid>49470038</titleid>
<overview>The Wheelman returns in his most dangerous adventure yet--an interactive driving epic on par with the most intense Hollywood action blockbusters. Undertake a wide variety of high-speed vehicle-based missions and go deeper undercover than ever before. The game features over 70 playable vehicles, including cars, bikes, artics, and busses, and eight different weapons, ranging from handguns and machine guns to grenade launchers. Driver 3 provides gamers with all new gameplay possibilities, replayability, and a whole new driving experience.</overview>
</synopsis>
