<synopsis>
<sourcename>Kawa-X</sourcename>
<foldername>Kawa-X</foldername>
<title>Kawa-X</title>
<developer>Unknown</developer>
<publisher>Unknown</publisher>
<features_general>N/A</features_general>
<features_online>N/A</features_online>
<esrb>Not Rated</esrb>
<esrb_descriptors>Not Rated</esrb_descriptors>
<genre>Video Games</genre>
<release_date>2000's</release_date>
<rating>6.5</rating>
<platform>Arcade</platform>
<exclusive>N/A</exclusive>
<titleid>N/A</titleid>
<overview>Kawa-X is a a Capcom CPS1, CPS2 and SNK NeoGeo emulator for the Xbox console.</overview>
</synopsis>
