<synopsis>
<sourcename>Future Tactics The Uprising-T</sourcename>
<foldername>Future Tactics The Uprising</foldername>
<title>Future Tactics: The Uprising</title>
<developer>Zed Two</developer>
<publisher>Crave Entertainment</publisher>
<features_general>Players 1, 480p, Custom Soundtracks, Dolby Digital</features_general>
<features_online>System Link</features_online>
<esrb>T</esrb>
<esrb_descriptors>Alcohol Reference, Fantasy Violence, Mild Language</esrb_descriptors>
<genre>Strategy, Turn-Based, Sci-Fi</genre>
<release_date>10 May 2004</release_date>
<rating>6.1</rating>
<platform>GameCube, PlayStation 2, Xbox</platform>
<exclusive>No</exclusive>
<titleid>43560007</titleid>
<overview>Welcome to the future--a place where creatures have forced humans to live in squalor, battling their overlords and waxing nostalgic for better days. Now, a young boy named Low, his sister, and a collection of fighters find themselves as mankind's only hope for blasting the creatures back to where they came from. You must guide this ragtag team of survivors through 19 levels of tactical combat while upgrading them with powerful weapons. In Battle mode, you can take on a friend in tactical warfare--complete with customizable handicaps, power-ups, and victory conditions.</overview>
</synopsis>
