<synopsis>
<sourcename>Shikigami no Shiro Evolution - Red (JPN)-T</sourcename>
<foldername>Shikigami no Shiro Evolution - Red (JPN)</foldername>
<title>Shikigami no Shiro Evolution</title>
<developer>Alfa System</developer>
<publisher>MediaQuest</publisher>
<features_general>Players 1-2, 480p</features_general>
<features_online/>
<esrb>Not Rated by ESRB</esrb>
<esrb_descriptors>No Descriptors</esrb_descriptors>
<genre>Scrolling Shooter</genre>
<release_date>19 Dec 2002</release_date>
<rating>No Rating</rating>
<platform>Arcade, Windows PC, PlayStation 2, Xbox</platform>
<exclusive>No</exclusive>
<titleid>4B490001</titleid>
<overview>Shikigami no Shiro Evolution was released in two separate versions, a red version which included a database containing character gallery, trailers, and unused voices, and a blue version which included developer videos. Both versions have improved enemy AI, new characters, a vertical screen mode, and the new Evolution Mode game mode.</overview>
</synopsis>
