<synopsis>
<sourcename>Marc Ecko's Getting Up-MT</sourcename>
<foldername>Marc Ecko's Getting Up</foldername>
<title>Marc Ecko's Getting Up: Contents Under Pressure</title>
<developer>The Collective, Inc.</developer>
<publisher>Atari</publisher>
<features_general>Players 1-2, 480p, Dolby Digital</features_general>
<features_online/>
<esrb>M</esrb>
<esrb_descriptors>Blood, Strong Language, Violence</esrb_descriptors>
<genre>Action Adventure</genre>
<release_date>14 Feb 2006</release_date>
<rating>7.1</rating>
<platform>Windows PC, Xbox</platform>
<exclusive>No</exclusive>
<titleid>4947007D</titleid>
<overview>Marc Ecko's Getting Up: Contents Under Pressure is a game that explores the world of a graffiti artist. In a city where freedom of expression is being choked by a tyrannical mayor, you play as Trane, a youth trying to build his reputation from a rookie to the most reputable graffiti artist of all. Marc Ecko's Getting Up: Contents Under Pressure lets you experience the life of a tagger, having to fight in the street and scale obstacles to tag the most desirable locations.</overview>
</synopsis>
