<synopsis>
<title>Hobbit, The</title>
<developer>Inevitable Entertainment</developer>
<publisher>Sierra Entertainment</publisher>
<features_general>Single-player</features_general>
<features_online/>
<esrb>E</esrb>
<esrb_descriptors>Comic Mischief, Violence</esrb_descriptors>
<genre>Action Adventure, Fantasy </genre>
<release_date>11 Nov 2003</release_date>
<rating>5.9</rating>
<platform>GameCube, Windows PC, PlayStation 2, Xbox</platform>
<exclusive>No</exclusive>
<titleid/>
<overview>Set in the mythical world of Middle-earth, The Hobbit is an action adventure game in which the player assumes the role of Bilbo Baggins. Control Bilbo from his peaceful Hobbit hole in Hobbiton into the dark and harrowing Mirkwood forest and finally to the Lonely Mountain, in which lies Smaug the dragon. Sent on a journey by Gandalf the wizard along with Thorin the dwarf and his stout and sturdy cohorts, Bilbo will acquire items, knowledge, and in the case of a Hobbit, courage to help him complete the quest as he comes face to face with elves, trolls, orcs, spiders, wolves, and more. </overview>
</synopsis>
