<synopsis>
<sourcename>Corvette-T</sourcename>
<foldername>Corvette</foldername>
<title>Corvette</title>
<developer>Steel Monkeys</developer>
<publisher>TDK Mediactive</publisher>
<features_general>Players 1, Dolby Digital</features_general>
<features_online/>
<esrb>E</esrb>
<esrb_descriptors>No Descriptors</esrb_descriptors>
<genre>Racing</genre>
<release_date>10 Dec 2003</release_date>
<rating>5.3</rating>
<platform>Windows PC, PlayStation 2, Xbox</platform>
<exclusive>No</exclusive>
<titleid>544D000B</titleid>
<overview>Corvette lets you race a variety of Corvettes on the open road or in super speedways. The game includes more than 120 production Corvette models from 1953 to 2003, plus show and race cars. Choose a car, official car color, and a driver, and then race on tracks or an obstacle-filled Route 66. Upgrade your car's engine and suspension for more realistic physics. In Heritage mode, you can take a trip through Corvette history and test-drive any stock production Corvette.</overview>
</synopsis>
