<synopsis>
<sourcename>Dark Angel-T</sourcename>
<foldername>Dark Angel</foldername>
<title>James Cameron's Dark Angel</title>
<developer>Sierra Entertainment</developer>
<publisher>Sierra Entertainment</publisher>
<features_general>Players 1</features_general>
<features_online/>
<esrb>T</esrb>
<esrb_descriptors>Violence</esrb_descriptors>
<genre>Action, Beat-'Em-Up</genre>
<release_date>20 Nov 2002</release_date>
<rating>4.7</rating>
<platform>PlayStation 2, Xbox</platform>
<exclusive>No</exclusive>
<titleid>56560010</titleid>
<overview>Based on the hit series created by Academy Award® winner James Cameron and Charles H. Eglee. Dark Angel is the story of Max, a genetically enhanced soldier, who cunningly fights to reclaim her manipulated past and avoid capture through the underground landscape of post-apocalyptic Seattle. Her streetwise instincts and fearless hand-to-hand combat skills are crucial to her survival. Trusted cyber-journalist Logan Cele aids Max's quest to defeat -|- Corp, the secret organization that rose out of the ashes of Manticore, her military creator, and discover the truth of her past.</overview>
</synopsis>
