<synopsis>
<sourcename>TurboGrafx - PC-Engine</sourcename>
<foldername>TurboGrafx / PC-Engine</foldername>
<title>TurboGrafx / PC-Engine</title>
<developer>NEC Home Electronics</developer>
<publisher>NEC Home Electronics</publisher>
<features_general>Joypad</features_general>
<features_online>N/A</features_online>
<esrb>Not Rated</esrb>
<esrb_descriptors>Not Rated</esrb_descriptors>
<genre>Video Games</genre>
<release_date>29 Aug 1989</release_date>
<rating>6.5</rating>
<platform>Home Video Game Console</platform>
<exclusive>N/A</exclusive>
<titleid>N/A</titleid>
<overview>The TurboGrafx-16, known in Japan and France as the PC Engine, is a cartridge based home video game console manufactured and marketed by NEC Home Electronics, and designed by Hudson Soft. It was released in Japan on October 30, 1987 and in the United States on August 29, 1989. It also had a limited release in the United Kingdom and Spain in 1990, known as simply TurboGrafx and based on the American model, while the Japanese model was imported and distributed in France in 1989. It was the first console released in the 16-bit era, although it used a modified 8-bit CPU. Originally intended to compete with the Nintendo Entertainment System (NES), it ended up competing with the Sega Genesis, and later on the Super Nintendo Entertainment System (SNES). The TurboGrafx-16 has an 8-bit CPU, a 16-bit video color encoder, and a 16-bit video display controller. The GPUs are capable of displaying 482 colors simultaneously, out of 512. With dimensions of just 14 cm × 14 cm × 3.8 cm (5.5 in × 5.5 in × 1.5 in), the Japanese PC Engine is the smallest major home game console ever made. Games were stored on a HuCard cartridge, or in CD-ROM optical format with the TurboGrafx-CD add-on. The TurboGrafx-16 failed to break into the North American market and sold poorly, which has been blamed on inferior marketing. Despite the "16" in its name and the marketing of the console as a 16-bit platform, it used an 8-bit CPU, a marketing tactic that was criticized by some as deceptive. Developer Doug Snook of ICOM Simulations said the CPU was a performance problem. However, in Japan, the PC Engine, introduced into the market at a much earlier date, was very successful, where it gained strong third-party support and outsold the Famicom at its 1987 debut, eventually becoming the Super Famicom's main rival. Lots of revisions - at least 17 distinct models - were made, such as portable versions and a CD-ROM add-on. An enhanced model, the PC Engine SuperGrafx, was intended to supersede the standard PC Engine, but failed to break through and was quickly discontinued. The entire series was succeeded by the PC-FX in 1994, only released in Japan.</overview>
</synopsis>
