<synopsis>
<foldername>XBP Table Writer</foldername>
<title>XBP Table Writer</title>
<developer>Unknown</developer>
<publisher>Unknown</publisher>
<features_general>Write XBP Table after formatting with UX or Evo-X</features_general>
<features_online>None</features_online>
<esrb>Not Rated by ESRB</esrb>
<esrb_descriptors>Not Rated by ESRB</esrb_descriptors>
<genre>Application</genre>
<release_date>Unknown</release_date>
<rating>7.0</rating>
<platform>Modified Xbox</platform>
<exclusive>Yes</exclusive>
<titleid>00000000</titleid>
<overview>This is to be used in conjunction with Chimp 261812 if your drive was formatted with UnleashX or EvolutionX dashboards.</overview>
</synopsis>
