<?xml version="1.0" encoding="UTF-8" standalone="no" ?> 
<synopsis_Map>
<synopsis>
	<sourcename>Angelic Concert (JPN)-T</sourcename>
	<foldername>Angelic Concert (JPN)</foldername>
	<title>Angelic Concert</title>
	<developer>Success</developer>
	<publisher>Success</publisher>
	<features_general>Players 1</features_general>
	<features_online/>
	<esrb>Not Rated by ESRB</esrb>
	<esrb_descriptors>No Descriptors</esrb_descriptors>
	<genre/>
	<release_date>13 Mar 2003</release_date>
	<rating>No Rating</rating>
	<platform>Xbox</platform>
	<exclusive/>
	<titleid>53550007</titleid>
	<overview>With your own ambitions to be a world class DJ, the gameplay resembles the stylings of Parappa the Rappa, though with less distractions and lengthy Japanese musical interludes. The control scheme is simple. Use the four buttons along with the directional pad to hit the notes with the correct timing. Sounds easy enough? While it may sound a little too simple, the game does provide minor challenges along the way. For example, if there was a fork in the road, depending on your choice, you may be faced with different puzzles, introduced to different characters and perform different songs.</overview>
</synopsis>
<synopsis>
	<sourcename>Aoi Namida (JPN)-B</sourcename>
	<foldername>Aoi Namida (JPN)</foldername>
	<title>Aoi Namida</title>
	<developer>Panther Software</developer>
	<publisher>success</publisher>
	<features_general>Players 1, Dolby Digital</features_general>
	<features_online/>
	<esrb>Not Rated by ESRB</esrb>
	<esrb_descriptors>No Descriptors</esrb_descriptors>
	<genre>Adventure</genre>
	<release_date>27 May 2004</release_date>
	<rating>No Rating</rating>
	<platform>Windows PC, Xbox</platform>
	<exclusive/>
	<titleid>494C0006</titleid>
	<overview>Aoi Namida is romance adventure game presented as a visual novel. It was released for Xbox a year after the original PC (Windows) game with the same title. While the first print release known as Shokaiban includes the original soundtrack as well, there is no regular release of this game for Xbox. Unlike the original game for PC, all the adult graphical content has been removed from this port despite the fairly high rating on the cover. Additionally, this release features full voice-acting while the original PC release did not have any.</overview>
</synopsis>
<synopsis>
	<sourcename>Baseball 2002 Battle Park Shingen (JPN)-T</sourcename>
	<foldername>Baseball 2002 Battle Park Shingen</foldername>
	<title>Baseball 2002, Battle Park Shingen</title>
	<developer>Konami</developer>
	<publisher>Konami</publisher>
	<features_general>Players 1-2</features_general>
	<features_online/>
	<esrb>Not Rated by ESRB</esrb>
	<esrb_descriptors>No Descriptors</esrb_descriptors>
	<genre>Sports Simulation, Baseball</genre>
	<release_date>28 Mar 2002</release_date>
	<rating>No Rating</rating>
	<platform>Xbox</platform>
	<exclusive/>
	<titleid>4B410002</titleid>
	<overview>Japanese Baseball game developed by Konami.</overview>
</synopsis>
<synopsis>
	<sourcename>Bistro Cupid (JPN)-B</sourcename>
	<foldername>Bistro Cupid (JPN)</foldername>
	<title>Bistro Cupid</title>
	<developer/>
	<publisher/>
	<features_general>Players 1</features_general>
	<features_online/>
	<esrb>Not Rated by ESRB</esrb>
	<esrb_descriptors>No Descriptors</esrb_descriptors>
	<genre/>
	<release_date>13 Jun 2002</release_date>
	<rating>No Rating</rating>
	<platform>Xbox</platform>
	<exclusive/>
	<titleid>53550001</titleid>
	<overview>Bistro Cupid places you in the role of a young cooking prodigy with a mysterious past and an even more uncertain future. His father vanished without so much as a photograph to refresh the boy's fading memory, and his mother remains unwilling to offer any explanations as to why or how. What's a young cooking genius to do? Why, manage a bistro, of course. While Bistro Cupid does dabble in a number of different genres, the one common thread throughout the game and overall focus will be to establish and maintain a successful restaurant business. And in order to do so, you will need the freshest of ingredients, finest of recipes and the most suave of... dating skills? Since you can hardly be expected to run an entire bistro on your own, you will also receive the help of 12 impossibly cute anime girls, each with their own distinct personalities and style of cuisine. Not coincidentally, your bistro can be expanded up to 12 floors by skillfully budgeting your time and attention toward the girls. Keeping the restaurant running smoothly and the women happy, however, is bound to be a difficult juggling act.</overview>
</synopsis>
<synopsis>
	<sourcename>Bistro Cupid 2 (JPN)-B</sourcename>
	<foldername>Bistro Cupid 2 (JPN)</foldername>
	<title>Bistro Cupid 2</title>
	<developer/>
	<publisher/>
	<features_general>Players 1</features_general>
	<features_online/>
	<esrb>Not Rated by ESRB</esrb>
	<esrb_descriptors>No Descriptors</esrb_descriptors>
	<genre/>
	<release_date>28 Aug 2003</release_date>
	<rating>No Rating</rating>
	<platform>Xbox</platform>
	<exclusive/>
	<titleid>53550008</titleid>
	<overview>Bistro Cupid 2 is a Strategy game, published by Success, which was released in Japan in 2003.</overview>
</synopsis>
<synopsis>
	<sourcename>Brave Knight (JPN)-B</sourcename>
	<foldername>Brave Knight (JPN)</foldername>
	<title>Braveknight</title>
	<developer>Panther Software</developer>
	<publisher>Panther Software</publisher>
	<features_general>Players 1, Dolby Digital</features_general>
	<features_online/>
	<esrb>Not Rated by ESRB</esrb>
	<esrb_descriptors>No Descriptors</esrb_descriptors>
	<genre/>
	<release_date>26 Sep 2002</release_date>
	<rating>No Rating</rating>
	<platform>Xbox</platform>
	<exclusive/>
	<titleid>494C0002</titleid>
	<overview>Japanese love/relationship simulation game, originally planned for Dreamcast release. The game's story deals with the royal Ahfolg family. Gameplay involves looking at pictures of clothed anime lasses in suggestive poses, reading what they say, and giving the right (or wrong) responses. Single-player game. Supports Dolby Digital 5.1 sound.</overview>
</synopsis>
<synopsis>
	<sourcename>Break Nine Billiards (JPN)-MB</sourcename>
	<foldername>Break Nine Billiards (JPN)</foldername>
	<title>Break Nine: World Billiards Tournament</title>
	<developer>ASK</developer>
	<publisher>ASK</publisher>
	<features_general>Players 1-2</features_general>
	<features_online/>
	<esrb>Not Rated by ESRB</esrb>
	<esrb_descriptors>No Descriptors</esrb_descriptors>
	<genre>Sports, Billiards</genre>
	<release_date>25 Jul 2002</release_date>
	<rating>No Rating</rating>
	<platform>Xbox</platform>
	<exclusive>Yes</exclusive>
	<titleid>41530001</titleid>
	<overview>World Billiards Tournament: Break Nine is a Sports game, developed and published by ASK, which was released in Japan in 2002.</overview>
</synopsis>
<synopsis>
	<sourcename>C.A.T. Cyber Attack Team (JPN)-B</sourcename>
	<foldername>C.A.T. Cyber Attack Team (JPN)</foldername>
	<title>C.A.T. Cyber Attack Team</title>
	<developer>Hide</developer>
	<publisher>Hide</publisher>
	<features_general>Players 1</features_general>
	<features_online/>
	<esrb>Not Rated by ESRB</esrb>
	<esrb_descriptors>No Descriptors</esrb_descriptors>
	<genre/>
	<release_date>26 Jun 2003</release_date>
	<rating>No Rating</rating>
	<platform>Xbox</platform>
	<exclusive>Yes</exclusive>
	<titleid>4D450001</titleid>
	<overview>C.A.T. Cyber Attack Team's story takes place in the cyberspace of the computer network, where you must defend the peace and battle against monsters and viruses who attempt to attack the network. There are a total of 10 chapters, each chapter is divided into adventure part and simulation part. During the battle, the members of the CAT team can transform into powerful CAT heroines once they are inside the cyberspace.</overview>
</synopsis>
<synopsis>
	<sourcename>Daemon Vector (JPN)-T</sourcename>
	<foldername>Daemon Vector (JPN)</foldername>
	<title>Daemon Vector</title>
	<developer>XPEC Entertainment</developer>
	<publisher>XPEC Entertainment</publisher>
	<features_general>Players 1, Dolby Digital</features_general>
	<features_online/>
	<esrb>Not Rated by ESRB</esrb>
	<esrb_descriptors>No Descriptors</esrb_descriptors>
	<genre>Action</genre>
	<release_date>03 Oct 2003</release_date>
	<rating>No Rating</rating>
	<platform>Windows PC, Xbox</platform>
	<exclusive/>
	<titleid>58500001</titleid>
	<overview>Daemon Vector is set in medieval times where European adventurers recover artifacts from Asia. Now one of these artifacts turns out to bear a curse and transforms all nearby humans into zombies. The player takes the role of a hero to wipe out the zombies. Daemon Vector is a a classical hack and slash game: The camera is fixed behind the player character which performs hits and combos by using the mouse buttons. Combo attacks can only be used when the player has enough special energy which is earned by performing regular attacks. The basic gameplay structure is that the player has to clear a room of all zombies. Then he receives a key to unlock the next room.</overview>
</synopsis>
<synopsis>
	<sourcename>Dennou Taisen DroneZ (JPN)-T</sourcename>
	<foldername>Dennou Taisen DroneZ (JPN)</foldername>
	<title>Dennou Taisen: DroneZ</title>
	<developer>Zetha GameZ</developer>
	<publisher>Metro 3D</publisher>
	<features_general>Players 1-2</features_general>
	<features_online>System Link 1-8</features_online>
	<esrb>Not Rated by ESRB</esrb>
	<esrb_descriptors>No Descriptors</esrb_descriptors>
	<genre>Third-person shooter</genre>
	<release_date>22 Apr 2004</release_date>
	<rating>No Rating</rating>
	<platform>Windows PC, Xbox</platform>
	<exclusive>Yes</exclusive>
	<titleid>4D440003</titleid>
	<overview>DroneZ XL is a single-player futuristic shooter. The player is guiding a male or female avatar through a virtual reality, representing the future world for humans living in suspended animation vats while their bodies are being cared for by insects and their minds are prevented from leaving the virtual world by its dominant AI.</overview>
</synopsis>
<synopsis>
	<sourcename>Dinosaur Hunting (JPN)-B</sourcename>
	<foldername>Dinosaur Hunting (JPN)</foldername>
	<title>Dinosaur Hunting</title>
	<developer>Scarab</developer>
	<publisher>Metro 3D</publisher>
	<features_general>Players 1, 480p, 720p, Dolby Digital</features_general>
	<features_online/>
	<esrb>Not Rated by ESRB</esrb>
	<esrb_descriptors>Mild Language Violence</esrb_descriptors>
	<genre>Action, Shooter, Third-Person, Historic</genre>
	<release_date>02 Aug 2004</release_date>
	<rating>5</rating>
	<platform>Xbox</platform>
	<exclusive>Yes</exclusive>
	<titleid>4D530069</titleid>
	<overview>Dinosaurs were recently discovered on the islands of Guiana, but they may soon suffer the same fate as their ancestors. In the Amazon interior, you'll join a large rescue operation to save dinosaurs from an impending volcano eruption. You'll have pistols, shotguns, and sniper rifles loaded with tranquilizers to ready dinosaurs for transportation, but be careful--some dinosaurs become angry when shot. As you hunt a wide variety of dinosaurs in different environments, you can keep a record of your captures in a diary.</overview>
</synopsis>
<synopsis>
	<sourcename>Double Steal The Second Clash (JPN)-MT</sourcename>
	<foldername>Double Steal The Second Clash (JPN)</foldername>
	<title>Double S.T.E.A.L The 2nd Clash</title>
	<developer>Bunkasha Games</developer>
	<publisher>Bunkasha Publishing</publisher>
	<features_general>Players 1, 480p, 720p, Dolby Digital</features_general>
	<features_online/>
	<esrb>Not Rated by ESRB</esrb>
	<esrb_descriptors>No Descriptors</esrb_descriptors>
	<genre>Simulation</genre>
	<release_date>04 Aug 2005</release_date>
	<rating>6</rating>
	<platform>Xbox</platform>
	<exclusive>Yes</exclusive>
	<titleid>42550004</titleid>
	<overview>Double S.T.E.A.L. The Second Clash is a Simulation game, developed by Bunkasha Publishing and published by Microsoft Game Studios, which was released in Japan in 2005.</overview>
</synopsis>
<synopsis>
	<sourcename>Drihoo (JPN)-T</sourcename>
	<foldername>Drihoo (JPN)</foldername>
	<title>Drihoo</title>
	<developer>Highway Star</developer>
	<publisher/>
	<features_general>Players 1</features_general>
	<features_online/>
	<esrb>Not Rated by ESRB</esrb>
	<esrb_descriptors>No Descriptors</esrb_descriptors>
	<genre/>
	<release_date>28 Nov 2002</release_date>
	<rating>No Rating</rating>
	<platform>Xbox</platform>
	<exclusive/>
	<titleid>48570001</titleid>
	<overview>Drihoo tells the story of a futuristic miner that excaves the ruins of an ancient civilization looking for treasures and other riches.</overview>
</synopsis>
<synopsis>
	<sourcename>Exa Skeleton (JPN)-MB</sourcename>
	<foldername>Exa Skeleton (JPN)</foldername>
	<title>ExaSkeleton</title>
	<developer>Kiki Co.</developer>
	<publisher>Kiki Co.</publisher>
	<features_general>Players 1</features_general>
	<features_online/>
	<esrb>Not Rated by ESRB</esrb>
	<esrb_descriptors>No Descriptors</esrb_descriptors>
	<genre>Third-person shooter</genre>
	<release_date>18 Dec 2003</release_date>
	<rating>No Rating</rating>
	<platform>Xbox</platform>
	<exclusive>Yes</exclusive>
	<titleid>4B4B0003</titleid>
	<overview>Exaskeleton is a linear mech-combat game. Each mission in the game is book-ended by long, talking-head dialogue scenes between the various members of Joe's party. Before each mission the model of Joe's (as well as allies, if available) frame can be selected, either the nimble and weak Light Frame, the armored and slow Heavy Frame, or the in between Middle Frame. Two weapon slots are taken up by small arms, either a pistol, machine gun, or grenades, while the other two slots are taken up by more powerful weapons, like missile launchers, sniper riffles, and Gatling guns, with the most powerful only able to be equipped by a Heavy Frame. Weapons have limited ammo and overheat if fired continuously. Each body part of a frame is armored, and after the armor on a part is destroyed any additional damage to that part will damage the frame itself, until eventually the frame is destroyed.</overview>
</synopsis>
<synopsis>
	<sourcename>Flight Academy (JPN)-T</sourcename>
	<foldername>Flight Academy (JPN)</foldername>
	<title>Flight Academy</title>
	<developer>Aquasystem</developer>
	<publisher>Aquasystem</publisher>
	<features_general>Players 1, Flight Stick</features_general>
	<features_online/>
	<esrb>Not Rated by ESRB</esrb>
	<esrb_descriptors>No Descriptors</esrb_descriptors>
	<genre>Flight Simulation</genre>
	<release_date>29 Aug 2002</release_date>
	<rating>No Rating</rating>
	<platform>Xbox</platform>
	<exclusive>Yes</exclusive>
	<titleid>41510002</titleid>
	<overview>Flight Academy is a civil aircraft flight simulator. In the game you can fly various passenger planes and fly over Japan and a large portion of the pacific. You can land and take off from multiple Japanese airports. In the game you first have to get your flying license before tackling one of the 17 available missions. The game world is build up from satellite pictures and features real time day and night changes and changing weather conditions.</overview>
</synopsis>
<synopsis>
	<sourcename>Galaxy Angel (JPN)-B</sourcename>
	<foldername>Galaxy Angel (JPN)</foldername>
	<title>Galaxy Angel</title>
	<developer>Broccoli</developer>
	<publisher>media quest</publisher>
	<features_general>Players 1</features_general>
	<features_online/>
	<esrb>Not Rated by ESRB</esrb>
	<esrb_descriptors>No Descriptors</esrb_descriptors>
	<genre/>
	<release_date>23 Aug 2002</release_date>
	<rating>No Rating</rating>
	<platform>Xbox</platform>
	<exclusive>Yes</exclusive>
	<titleid>42520001</titleid>
	<overview>Galaxy Angel is based on the anime/manga with the same name. In the game you play the role of Tact (Takuto) Mayers who has been given command of the Angel-Tai and the duty to protect Prince Shiva, the last hope for Transbaal, whose royal family was killed in a coup d'etat by the exiled Prince, Eonia Transbaal.</overview>
</synopsis>
<synopsis>
	<sourcename>Innocent Tears (JPN)-B</sourcename>
	<foldername>Innocent Tears (JPN)</foldername>
	<title>Innocent Tears</title>
	<developer>Kobi</developer>
	<publisher>Global A</publisher>
	<features_general>Players 1</features_general>
	<features_online/>
	<esrb>Not Rated by ESRB</esrb>
	<esrb_descriptors>No Descriptors</esrb_descriptors>
	<genre>Third-person, RPG</genre>
	<release_date>05 Dec 2002</release_date>
	<rating>No Rating</rating>
	<platform>Xbox</platform>
	<exclusive/>
	<titleid>4B550001</titleid>
	<overview>The events of "Innocent Tears" take place in the 22nd century. In this post-apocalyptic world, Earth has turned into an battle arena on which two powerful races, the Angels and the Fallen Angels, fight each other, deciding the destiny of humans and the world. You take control of the leader of Fallen Angels, and fight to protect the human race from the manipulations of the Angels. The game is an animé-style strategy RPG. It consist mainly of large strategic battles, during which you navigate your characters on a battle field and perform various attacks. You can command a large party and customize each character in a RPG fashion. The game features hand-drawn animé cut-scenes and fully 3D battles.</overview>
</synopsis>
<synopsis>
	<sourcename>Jet Set Radio Future-T</sourcename>
	<foldername>Jet Set Radio Future</foldername>
	<title>Jet Set Radio Future</title>
	<developer>Smilebit</developer>
	<publisher>SEGA</publisher>
	<features_general>Players 1-4, Dolby Digital</features_general>
	<features_online/>
	<esrb>Not Rated by ESRB</esrb>
	<esrb_descriptors>Strong Lyrics, Violence</esrb_descriptors>
	<genre>Action, Platformer, 3D</genre>
	<release_date>25 Feb 2002</release_date>
	<rating>8.8</rating>
	<platform>Xbox</platform>
	<exclusive>Yes</exclusive>
	<titleid>4947007D</titleid>
	<overview>The setting is Tokyo, in the year 2024. Featuring unique anime-style graphics and tons of tricks, JSRF: Jet Set Radio Future brings the hippest game ever into a futuristic world. Choose a character, strap on your rocket-powered skates, and immerse yourself in the vast environments. The multiplayer aspects let you work together to reach seemingly unattainable places, create new attacks, and perform astounding stunts. Wherever your adventure takes you, it's all about extreme skating, extreme action, and of course extreme style.</overview>
</synopsis>
<synopsis>
	<sourcename>Jikkyou World Soccer 2002 (JPN)-MB</sourcename>
	<foldername>Jikkyou World Soccer 2002 (JPN)</foldername>
	<title>Jikkyou World Soccer 2002</title>
	<developer>Konami</developer>
	<publisher>Konami</publisher>
	<features_general>Players 1-4</features_general>
	<features_online/>
	<esrb>Not Rated by ESRB</esrb>
	<esrb_descriptors>No Descriptors</esrb_descriptors>
	<genre>Sport, Soccer</genre>
	<release_date>23 May 2002</release_date>
	<rating>No Rating</rating>
	<platform>GameCube, PlayStation 2, Xbox</platform>
	<exclusive>No</exclusive>
	<titleid>4B410001</titleid>
	<overview>Jikkyou World Soccer 2002 is a Sports game, developed and published by Konami, which was released in Japan in 2002.</overview>
</synopsis>
<synopsis>
	<sourcename>Jockey's Road (JPN)-M</sourcename>
	<foldername>Jockey's Road (JPN)</foldername>
	<title>Jockey's Road</title>
	<developer>Progress Software</developer>
	<publisher>Microsoft Game Studios</publisher>
	<features_general>Players 1</features_general>
	<features_online/>
	<esrb>Not Rated by ESRB</esrb>
	<esrb_descriptors>No Descriptors</esrb_descriptors>
	<genre>Horse Racing, Simulation</genre>
	<release_date>10 Oct 2002</release_date>
	<rating>No Rating</rating>
	<platform>Xbox</platform>
	<exclusive>Yes</exclusive>
	<titleid>4D530030</titleid>
	<overview>TOKYO - At its Xbox Premier event today, Microsoft unveiled Jockey's Road. The game is being developed by veteran horse-racing game developer Progress, and it will bring a new role-playing element into the genre. As in previous horse-racing games, players assume the role of a jockey and race on a variety of tracks. In the game, more than 300 horses, which are randomly generated in polygon form using data inputted by the user, will be featured in the game. The script for the game will be written by Kenji Terada, who is known for his work as a scriptwriter for Final Fantasy I, Final Fantasy II, and Final Fantasy III on the Famicom. The nine titles shown at Microsoft's Premiere event, including Jockey's Road, will appear at next week's Tokyo Game Show 2001 Fall event in Japan. No release date or pricing for the game has been announced at this time.</overview>
</synopsis>
<synopsis>
	<sourcename>Kikou Heidan J-Phoenix Plus (JPN)-B</sourcename>
	<foldername>Kikou Heidan J-Phoenix Plus (JPN)</foldername>
	<title>J Phoenix</title>
	<developer>Takara</developer>
	<publisher>Takara</publisher>
	<features_general>Players 1</features_general>
	<features_online/>
	<esrb>Not Rated by ESRB</esrb>
	<esrb_descriptors>No Descriptors</esrb_descriptors>
	<genre/>
	<release_date>05 Dec 2002</release_date>
	<rating>No Rating</rating>
	<platform>Xbox</platform>
	<exclusive/>
	<titleid>54410001</titleid>
	<overview>Kikou Heidan J-Phoenix + is an Action game, published by Takara, which was released in Japan in 2002.</overview>
</synopsis>
<synopsis>
	<sourcename>Magatama (JPN)-T</sourcename>
	<foldername>Magatama (JPN)</foldername>
	<title>Magatama</title>
	<developer>Team Breakout</developer>
	<publisher>Microsoft Game Studios</publisher>
	<features_general>Players 1, 480p, 720p, Dolby Digital</features_general>
	<features_online/>
	<esrb>Not Rated by ESRB</esrb>
	<esrb_descriptors>No Descriptors</esrb_descriptors>
	<genre>Third-person, Fighting</genre>
	<release_date>20 Nov 2003</release_date>
	<rating>No Rating</rating>
	<platform>Xbox</platform>
	<exclusive/>
	<titleid>4D530066</titleid>
	<overview>In this game set in medieval Japan you take control of Shinato, a twin-bladed knight who's out to hack and slash his way through hordes of demons to prevent an all out war between the Yamato and the Shogun Bakafu forces. Gameplay consists of pure action, where you use your twin blades to execute combos and special attacks to defeat your enemies. The combat system is set up so it allows you to engage multiple enemies simultaneously.</overview>
</synopsis>
<synopsis>
	<sourcename>Magi Death Fight - Mahou Gakuen (JPN)-T</sourcename>
	<foldername>Magi Death Fight - Mahou Gakuen (JPN)</foldername>
	<title>Magi Death Fight</title>
	<developer>Takuyo</developer>
	<publisher>Takuyo</publisher>
	<features_general>Players 1-4</features_general>
	<features_online/>
	<esrb>Not Rated by ESRB</esrb>
	<esrb_descriptors>No Descriptors</esrb_descriptors>
	<genre>Third-person, Top down</genre>
	<release_date>04 Jul 2002</release_date>
	<rating>No Rating</rating>
	<platform>Xbox</platform>
	<exclusive/>
	<titleid>544B0001</titleid>
	<overview>Magi Death Fight is a top-down action game. There are two game modes: a single-player/cooperative campaign and multiplayer deathmatch mode, supporting up to four players. The game takes place in an arena. Four different color balls of magic energy float around randomly in the arena, and can be picked up and fired at your foes. By holding down the fire button you can control how far the ball shoots. The balls do no damage until the end of their travel, at which point they explode, damaging whatever is beneath them.</overview>
</synopsis>
<synopsis>
	<sourcename>Metal Wolf Chaos (JPN)-B</sourcename>
	<foldername>Metal Wolf Chaos (JPN) [E]</foldername>
	<title>Metal Wolf Chaos</title>
	<developer>FromSoftware</developer>
	<publisher>FromSoftware</publisher>
	<features_general>Players 1, 480p, Dolby Digital</features_general>
	<features_online/>
	<esrb>Not Rated by ESRB</esrb>
	<esrb_descriptors>No Descriptors</esrb_descriptors>
	<genre>Third-person shooter</genre>
	<release_date>22 Dec 2004</release_date>
	<rating>No Rating</rating>
	<platform>Xbox</platform>
	<exclusive>Yes</exclusive>
	<titleid>46530006</titleid>
	<overview>Metal Wolf Chaos is an mecha action game in which you jump in the role of Michael Wilson, the current president of the United States. The vice president, Richard Hawk wants to take over the country in coup d'état, the president must escape from the White House and bring order to chaos in his custom Metal Wolf mecha armor. Metal Wolf Chaos is a third person shooter with highly destructive environments and enemies ranging from land, sea to air units which you take into battle within such locations as the White House and secret army bases and eventually, in space.</overview>
</synopsis>
<synopsis>
	<sourcename>Muzzle Flash (JPN)-MB</sourcename>
	<foldername>Muzzle Flash (JPN)</foldername>
	<title>Muzzle Flash</title>
	<developer>Victor Interactive</developer>
	<publisher>Victor Interactive</publisher>
	<features_general>Players 1</features_general>
	<features_online/>
	<esrb>Not Rated by ESRB</esrb>
	<esrb_descriptors>No Descriptors</esrb_descriptors>
	<genre>Third-person, Real time</genre>
	<release_date>27 Feb 2003</release_date>
	<rating>No Rating</rating>
	<platform>Xbox</platform>
	<exclusive>Yes</exclusive>
	<titleid>56430001</titleid>
	<overview>Playable by up to eight people in the same map online, Muzzle Flash is a simple game at its heart. The object is to find the enemy, flush him out and gun him down. The motif is decidedly military, and campaigns take place everywhere: forests, deserts, polar regions, etc. The left trigger locks on to a target, and A shoots. X reloads. B throws a grenade. Although the characters move slowly, there isn't a function to run. This game is all about positioning, angles and a little bit of luck. There are a lot of places to hide and plot your next move, and that seems to be what the game is about more than anything... tactics.</overview>
</synopsis>
<synopsis>
	<sourcename>Nakashima Tetsunari no Othello (JPN)-T</sourcename>
	<foldername>Nakashima Tetsunari no Othello (JPN)</foldername>
	<title>Nakajima Tetsuya no Othello Seminar</title>
	<developer>success</developer>
	<publisher>takahashi</publisher>
	<features_general>Players 1-2</features_general>
	<features_online/>
	<esrb>Not Rated by ESRB</esrb>
	<esrb_descriptors>No Descriptors</esrb_descriptors>
	<genre>Board Game</genre>
	<release_date>13 Jun 2002</release_date>
	<rating>No Rating</rating>
	<platform>Xbox</platform>
	<exclusive/>
	<titleid>53550002</titleid>
	<overview>Japanese Board Game.</overview>
</synopsis>
<synopsis>
	<sourcename>Nobunaga Mahjong (JPN)-T</sourcename>
	<foldername>Nobunaga Mahjong (JPN)</foldername>
	<title>Shinchou (Nobunga) Mahjong</title>
	<developer>e-frontier</developer>
	<publisher>Mediarium</publisher>
	<features_general>Players 1</features_general>
	<features_online/>
	<esrb>Not Rated by ESRB</esrb>
	<esrb_descriptors>No Descriptors</esrb_descriptors>
	<genre>Board Game</genre>
	<release_date>24 Apr 2003</release_date>
	<rating>No Rating</rating>
	<platform>Xbox</platform>
	<exclusive>Yes</exclusive>
	<titleid>45460001</titleid>
	<overview>Japanese Mahjong board game for your Xbox.</overview>
</synopsis>
<synopsis>
	<sourcename>Nobunaga no Yabou Ranseiki (JPN)-B</sourcename>
	<foldername>Nobunaga no Yabou Ranseiki (JPN)</foldername>
	<title>Nobunga No Yabo 8</title>
	<developer>Koei</developer>
	<publisher>Koei</publisher>
	<features_general>Players 1</features_general>
	<features_online/>
	<esrb>Not Rated by ESRB</esrb>
	<esrb_descriptors>No Descriptors</esrb_descriptors>
	<genre/>
	<release_date>22 Feb 2002</release_date>
	<rating>No Rating</rating>
	<platform>Xbox</platform>
	<exclusive/>
	<titleid>4B4F0001</titleid>
	<overview>Nobunaga no Yabou: Ranseiki is the ninth installment in the Japanese strategy game series. Warp back to ancient Japan and try to bring unity to a scattered Japan, cut into 54 countries. The game features 135 castles based on actual locations from history and more than 1,300 individual soldiers. A real-time battle system has replaced the old turn-based system and graphics have gotten a full 3D makeover as well. The Xbox version features 10 different scenarios. Released in Japan only.</overview>
</synopsis>
<synopsis>
	<sourcename>NUDE (JPN)-MB</sourcename>
	<foldername>NUDE (JPN)</foldername>
	<title>N.U.D.E. Natural Ultimate Digital Experiment</title>
	<developer>RED Entertainment</developer>
	<publisher>Microsoft Game Studios</publisher>
	<features_general>Players 1, Dolby Digital</features_general>
	<features_online/>
	<esrb>Not Rated by ESRB</esrb>
	<esrb_descriptors>No Descriptors</esrb_descriptors>
	<genre/>
	<release_date>24 Apr 2003</release_date>
	<rating>No Rating</rating>
	<platform>Xbox</platform>
	<exclusive>Yes</exclusive>
	<titleid>4D53003C</titleid>
	<overview>In this game, you meet a robotic girl, named P.A.S.S, and you must teach her how to speak, name things, and teach her new words For example, the chair. Select the chair, and tell her "Chair". She will understand and remember that from then on. You need to be able to speak japanese. There is no nudity in this game.</overview>
</synopsis>
<synopsis>
	<sourcename>Petit Copter (JPN)-B</sourcename>
	<foldername>Petit Copter (JPN)</foldername>
	<title>Petite Copter</title>
	<developer>Aqua Systems</developer>
	<publisher>Aqua Systems</publisher>
	<features_general>Players 1</features_general>
	<features_online/>
	<esrb>Not Rated by ESRB</esrb>
	<esrb_descriptors>No Descriptors</esrb_descriptors>
	<genre>Remote controlled Helicopter Simulator, Flight</genre>
	<release_date>30 May 2002</release_date>
	<rating>No Rating</rating>
	<platform>Windows PC, PlayStation 2, Xbox</platform>
	<exclusive>No</exclusive>
	<titleid>41510001</titleid>
	<overview>Petit Copter is a remote-control simulation video game for the PlayStation 2, Xbox and PC that involves piloting a helicopter. GameCube and PlayStation Portable versions were planned, but were cancelled.</overview>
</synopsis>
<synopsis>
	<sourcename>Plus Plum 2 (JPN)-MT</sourcename>
	<foldername>Plus Plum 2 (JPN)</foldername>
	<title>Plus Plum 2</title>
	<developer>Takuyo</developer>
	<publisher>Takuyo</publisher>
	<features_general>Players 1-2</features_general>
	<features_online/>
	<esrb>Not Rated by ESRB</esrb>
	<esrb_descriptors>No Descriptors</esrb_descriptors>
	<genre>Puzzle, Strategy</genre>
	<release_date>15 Jan 2004</release_date>
	<rating>No Rating</rating>
	<platform>Xbox</platform>
	<exclusive>No</exclusive>
	<titleid>544B0004</titleid>
	<overview>Plus Plum 2 is a Puzzle game, published by Takuyo, which was released in Japan in 2004.</overview>
</synopsis>
<synopsis>
	<sourcename>Psyvariar 2 - Extend Edition (JPN)-B</sourcename>
	<foldername>Psyvariar 2 - Extend Edition (JPN)</foldername>
	<title>Psyvariar 2 Extend Edition</title>
	<developer>SKONEC Entertainment</developer>
	<publisher>Success Corporation</publisher>
	<features_general>Players 1</features_general>
	<features_online/>
	<esrb>Not Rated by ESRB</esrb>
	<esrb_descriptors>No Descriptors</esrb_descriptors>
	<genre>Scrolling shooter</genre>
	<release_date>28 Oct 2004</release_date>
	<rating>No Rating</rating>
	<platform>Arcade, Dreamcast, PlayStation 2, Xbox</platform>
	<exclusive>No</exclusive>
	<titleid>53550009</titleid>
	<overview>Psyvariar 2: The Will to Fabricate is a vertically scrolling shoot 'em up developed by SKONEC Entertainment and distributed by Success. It is the sequel to the 2000 title, Psyvariar. The game was initially developed for the Sega NAOMI arcade platform, and was released in Japanese arcades in November 2003. A Dreamcast version was released on February 26, 2004, and ports to both the PlayStation 2 and Xbox were released later that year.</overview>
</synopsis>
<synopsis>
	<sourcename>Rent A Hero No. 1 (JPN)-B</sourcename>
	<foldername>Rent A Hero No. 1 (JPN) [E]</foldername>
	<title>Rent-A-Hero No. 1</title>
	<developer>Sega</developer>
	<publisher>AIA Games</publisher>
	<features_general>Players 1, Dolby Digital</features_general>
	<features_online/>
	<esrb>Not Rated by ESRB</esrb>
	<esrb_descriptors>No Descriptors</esrb_descriptors>
	<genre>Action, Role-playing</genre>
	<release_date>04 Sep 2003</release_date>
	<rating>No Rating</rating>
	<platform>Xbox</platform>
	<exclusive>No</exclusive>
	<titleid>00000002</titleid>
	<overview>Rent A Hero is an action role-playing video game series released by Sega for the Mega Drive console in 1991 with a large emphasis on humor. The game features the same graphic engine previously used in the development of Sword of Vermilion. However, Rent A Hero has an unusual innovation for the genre. Instead of using standard turn-based battles, fights are in a similar format to 2D fighting games.</overview>
</synopsis>
<synopsis>
	<sourcename>Sentou Yousei Yukikaze (JPN)-MB</sourcename>
	<foldername>Sentou Yousei Yukikaze (JPN)</foldername>
	<title>Yukikaze</title>
	<developer>Aqua System</developer>
	<publisher>Aqua System</publisher>
	<features_general>Players 1-2, Flight Stick, Dolby Digital</features_general>
	<features_online/>
	<esrb>Not Rated by ESRB</esrb>
	<esrb_descriptors>No Descriptors</esrb_descriptors>
	<genre/>
	<release_date>07 Aug 2003</release_date>
	<rating>No Rating</rating>
	<platform>Xbox</platform>
	<exclusive/>
	<titleid>41510003</titleid>
	<overview>For over thirty years, humans have been waging a war against JAM, a mysterious invading force that suddenly reached earth through an enormous column of mist that has materialized in the Antarctica. Special Air Force has been formed to carry out reconnaissance missions to monitor the war and to gather as much information about JAM as possible. Based on the SF anime of the same name comes this game from Aqua System.</overview>
</synopsis>
<synopsis>
	<sourcename>Shikigami no Shiro (JPN)-T</sourcename>
	<foldername>Shikigami no Shiro (JPN)</foldername>
	<title>Shikigami no Shiro</title>
	<developer>Alfa System</developer>
	<publisher>MediaQuest</publisher>
	<features_general>Players 1-2, 480p</features_general>
	<features_online/>
	<esrb>Not Rated by ESRB</esrb>
	<esrb_descriptors>No Descriptors</esrb_descriptors>
	<genre>Scrolling Shooter</genre>
	<release_date>14 Mar 2002</release_date>
	<rating>No Rating</rating>
	<platform>Arcade, Windows PC, PlayStation 2, Xbox</platform>
	<exclusive>No</exclusive>
	<titleid>4D500002</titleid>
	<overview>Shikigami no Shiro (Formula-God's Castle), released in North America under the title of Mobile Light Force 2 and in the PAL region as MLF2 - Mobile Light Force 2, is a 2001 shoot 'em up developed by Alfa System and is the first game in the Shikigami no Shiro series. It was originally released as an arcade game and later ported to the PlayStation 2, Xbox, and Microsoft Windows. The game was titled Shikigami no Shiro Evolution (式神の城 EVOLUTION) for its revised version for Xbox, which was then ported to Windows as Shikigami no Shiro EX. When localized, publisher XS Games re-titled the game as a sequel to Mobile Light Force, but in reality the games are unrelated. Mobile Light Force is known as Gunbird in Japan, and was not developed by Alfa System. On May 8th, 2017, Degica Games announced that they are localizing the series on their Twitter account. The first game will be released on Microsoft Windows via Steam on June 16th.</overview>
</synopsis>
<synopsis>
	<sourcename>Shikigami no Shiro Evolution - Red (JPN)-T</sourcename>
	<foldername>Shikigami no Shiro Evolution - Red (JPN)</foldername>
	<title>Shikigami no Shiro Evolution</title>
	<developer>Alfa System</developer>
	<publisher>MediaQuest</publisher>
	<features_general>Players 1-2, 480p</features_general>
	<features_online/>
	<esrb>Not Rated by ESRB</esrb>
	<esrb_descriptors>No Descriptors</esrb_descriptors>
	<genre>Scrolling Shooter</genre>
	<release_date>19 Dec 2002</release_date>
	<rating>No Rating</rating>
	<platform>Arcade, Windows PC, PlayStation 2, Xbox</platform>
	<exclusive>No</exclusive>
	<titleid>4B490001</titleid>
	<overview>Shikigami no Shiro Evolution was released in two separate versions, a red version which included a database containing character gallery, trailers, and unused voices, and a blue version which included developer videos. Both versions have improved enemy AI, new characters, a vertical screen mode, and the new Evolution Mode game mode.</overview>
</synopsis>
<synopsis>
	<sourcename>Shikigami no Shiro II (JPN)-B</sourcename>
	<foldername>Shikigami no Shiro II (JPN)</foldername>
	<title>Shikigami no Shiro II</title>
	<developer>Alfa System</developer>
	<publisher>MediaQuest</publisher>
	<features_general>Players 1-2</features_general>
	<features_online/>
	<esrb>Not Rated by ESRB</esrb>
	<esrb_descriptors>No Descriptors</esrb_descriptors>
	<genre>Scrolling Shooter</genre>
	<release_date>15 Apr 2004</release_date>
	<rating>No Rating</rating>
	<platform>Arcade, Windows PC, PlayStation 2, Xbox</platform>
	<exclusive>No</exclusive>
	<titleid>4B490002</titleid>
	<overview>Castle Shikigami 2 (Shikigami no Shiro II) is a vertical scrolling shooter arcade game developed by Alfa System for the Sega NAOMI arcade system board.[8] It was subsequently ported in Japan to the Nintendo GameCube, and then later to Dreamcast, PlayStation 2, Xbox and Windows PCs. The game was released in North America on the PlayStation 2 by XS Games as Castle Shikigami 2, and in Europe as Castle Shikigami 2: War of the Worlds. XS Games also published the first game in the series in North America and Europe, but under the name of Mobile Light Force 2.</overview>
</synopsis>
<synopsis>
	<sourcename>Shin Megami Tensei - NINE (JPN)-T</sourcename>
	<foldername>Shin Megami Tensei - NINE (JPN)</foldername>
	<title>Shin Megami Tensei Nine</title>
	<developer>Next Entertainment</developer>
	<publisher>Atlus</publisher>
	<features_general>Players 1</features_general>
	<features_online/>
	<esrb>Not Rated by ESRB</esrb>
	<esrb_descriptors>No Descriptors</esrb_descriptors>
	<genre>Third-person, Turn based</genre>
	<release_date>05 Dec 2002</release_date>
	<rating>No Rating</rating>
	<platform>Xbox</platform>
	<exclusive>Yes</exclusive>
	<titleid>41540002</titleid>
	<overview>This is not the ninth Shin Megami Tensei game; "nine" is the number of character attributes and alignments used in the game: Law, Chaos, Light, Dark, Neutral, and their variants. The game is set in the future. Tokyo, Japan's capital, was destroyed in a nuclear explosion early in the 21th century. But some years later the Tokyo of the nineties was digitally recreated. People live in a virtual world, and everything is ruled by computer programs. But some programs don't work correctly, and one day, a pop concert is disrupted by a terrible demonic vision. A special agency recruits the hero of the game, Kei (which can be either female or male, depending on your choice), to travel through the virtual world and to confront the hackers who might pull the strings behind the scene.</overview>
</synopsis>
<synopsis>
	<sourcename>Takahashi Junko no Mah-jong Seminar (JPN)-T</sourcename>
	<foldername>Takahashi Junko no Mah-jong Seminar (JPN)</foldername>
	<title>Takahashi no Junko Seminar</title>
	<developer>Success</developer>
	<publisher>Mediarium</publisher>
	<features_general>Players 1</features_general>
	<features_online/>
	<esrb>Not Rated by ESRB</esrb>
	<esrb_descriptors>No Descriptors</esrb_descriptors>
	<genre/>
	<release_date>13 Jun 2002</release_date>
	<rating>No Rating</rating>
	<platform>Xbox</platform>
	<exclusive/>
	<titleid>53550005</titleid>
	<overview>Takahashi Akiko no Mahjong Seminar is a Board game, published by Success, which was released in Japan in 2002.</overview>
</synopsis>
<synopsis>
	<sourcename>Tenerezza (JPN)-B</sourcename>
	<foldername>Tenerezza (JPN)</foldername>
	<title>Tenerezza</title>
	<developer>Aqua Plus</developer>
	<publisher>Aqua Plus</publisher>
	<features_general>Players 1</features_general>
	<features_online/>
	<esrb>Not Rated by ESRB</esrb>
	<esrb_descriptors>No Descriptors</esrb_descriptors>
	<genre>Third-person, RPG</genre>
	<release_date>30 Jan 2003</release_date>
	<rating>No Rating</rating>
	<platform>Xbox</platform>
	<exclusive/>
	<titleid>41500001</titleid>
	<overview>Tenerezza is a young cute girl who lives in the town Esperanza. She is an expert cook and a highly skilled magician. Cooking various kinds of food, she produces healing items, and she is proficient in using magic of the four elements. One day the town's mayor asks her to go to the nearby Magic Forest and investigate the recent appearance of monsters in the area. On her way Tenerezza meets the fairy Lolo, and together they oppose a dark force that threatens to conquer the world. Tenerezza is an action role-playing game. The player can charge up magic spells by pressing down a key or a controller button, and then unleash them on the enemies. It is also possible to attack physically and equip a variety of weapons and armor. When a sufficient amount of experience points is gathered and Tenerezza levels up, the player can manually raise her attack or defense power, or her proficiency in one of the elemental magic kinds.</overview>
</synopsis>
<synopsis>
	<sourcename>The Wild Rings (JPN)-MT</sourcename>
	<foldername>The Wild Rings (JPN)</foldername>
	<title>The Wild Rings</title>
	<developer>Microsoft Game Studios</developer>
	<publisher>Microsoft Game Studios</publisher>
	<features_general>Players 1-4, 480p, Dolby Digital</features_general>
	<features_online/>
	<esrb>Not Rated by ESRB</esrb>
	<esrb_descriptors>No Descriptors</esrb_descriptors>
	<genre>Wrestling, Fighting</genre>
	<release_date>10 Apr 2003</release_date>
	<rating>No Rating</rating>
	<platform>Xbox</platform>
	<exclusive>Yes</exclusive>
	<titleid>4D530048</titleid>
	<overview>Microsoft in 2002 at TGS announced a lineup of titles ranging from Jockeys Road to True Fantasy Live Online...One of the most anticipated, but overlooked games was The Wild Rings. The Wild Rings is a Mixed Martial Arts/ Pro Wrestling game that was set for release in 2003. The Wild Rings was Microsofts first attempt at a good MMA/ Wrestling game for the Xbox...did it succeed? Honestly given the game another month or two to maybe deepen the gameplay more than it is...Microsoft would have had a Perfect Game on their hands.</overview>
</synopsis>
<synopsis>
	<sourcename>Thousand Land (JPN)-M</sourcename>
	<foldername>Thousand Land (JPN)</foldername>
	<title>Thousand Land</title>
	<developer>From Software</developer>
	<publisher>From Software</publisher>
	<features_general>Players 1</features_general>
	<features_online/>
	<esrb>Not Rated by ESRB</esrb>
	<esrb_descriptors>No Descriptors</esrb_descriptors>
	<genre/>
	<release_date>20 Mar 2003</release_date>
	<rating>No Rating</rating>
	<platform>Xbox</platform>
	<exclusive/>
	<titleid>46530003</titleid>
	<overview>In Thousand Land, you can build your own Geo map, and then challenge your friends in real-time battle. Win matches to earn special items and move up the rankings.</overview>
</synopsis>
<synopsis>
	<sourcename>Touge R (JPN)-T</sourcename>
	<foldername>Touge R (JPN)</foldername>
	<title>Touge R</title>
	<developer>Cave</developer>
	<publisher>Atlus</publisher>
	<features_general>Players 1-2, Wheel, Dolby Digital</features_general>
	<features_online/>
	<esrb>Not Rated by ESRB</esrb>
	<esrb_descriptors>No Descriptors</esrb_descriptors>
	<genre>Racing</genre>
	<release_date>12 Dec 2002</release_date>
	<rating>No Rating</rating>
	<platform>Xbox</platform>
	<exclusive/>
	<titleid>41540001</titleid>
	<overview>Touge R is a series of racing games published by Atlus in Japan since 1995. The series was originally developed by Cave, however Touge R was developed by Nextech. As best sellers, Touge Max: Saisoku Drift Master and Touge Max 2 received re-releases in Sony's The Best line of budget range games. The gameplay focuses on import sports cars driving downhill in Japanese mountain passes using the drifting technique on curves.</overview>
</synopsis>
<synopsis>
	<sourcename>Triangle Again (JPN)-B</sourcename>
	<foldername>Triangle Again (JPN)</foldername>
	<title>Triangle Again</title>
	<developer>Kiki Co.</developer>
	<publisher>MIG Records</publisher>
	<features_general>Players 1, Dolby Digital</features_general>
	<features_online/>
	<esrb>Not Rated by ESRB</esrb>
	<esrb_descriptors>No Descriptors</esrb_descriptors>
	<genre/>
	<release_date>27 Jun 2002</release_date>
	<rating>No Rating</rating>
	<platform>Xbox</platform>
	<exclusive/>
	<titleid>4B4B0001</titleid>
	<overview>Triangle Again is an Adventure game, developed and published by Production I.G., which was released in Japan in 2002.</overview>
</synopsis>
<synopsis>
	<sourcename>Triangle Again 2 (JPN)-B</sourcename>
	<foldername>Triangle Again 2 (JPN)</foldername>
	<title>Triangle Again 2</title>
	<developer>Kiki Co.</developer>
	<publisher>MIG Records</publisher>
	<features_general>Players 1</features_general>
	<features_online/>
	<esrb>Not Rated by ESRB</esrb>
	<esrb_descriptors>No Descriptors</esrb_descriptors>
	<genre/>
	<release_date>19 Dec 2002</release_date>
	<rating>No Rating</rating>
	<platform>Xbox</platform>
	<exclusive/>
	<titleid>4B4B0002</titleid>
	<overview>Triangle Again 2 is an Adventure game, published by Kiki, which was released in Japan in 2002.</overview>
</synopsis>
<synopsis>
	<sourcename>Umesawa Yukari no Igo Seminar (JPN)-T</sourcename>
	<foldername>Umesawa Yukari no Igo Seminar (JPN)</foldername>
	<title>Umezawa Yukari no Igo Seminar</title>
	<developer>Success</developer>
	<publisher>Success</publisher>
	<features_general>Players 1-2</features_general>
	<features_online/>
	<esrb>Not Rated by ESRB</esrb>
	<esrb_descriptors>No Descriptors</esrb_descriptors>
	<genre/>
	<release_date>13 Jun 2002</release_date>
	<rating>No Rating</rating>
	<platform>Xbox</platform>
	<exclusive>Yes</exclusive>
	<titleid>53550003</titleid>
	<overview>Japanese Board Game.</overview>
</synopsis>
<synopsis>
	<sourcename>Yonega Kunio no Shogi Seminar-T</sourcename>
	<foldername>Yonega Kunio no Shogi Seminar</foldername>
	<title>Yonega Kunio no Shogi Seminar</title>
	<developer>success</developer>
	<publisher>Arioka</publisher>
	<features_general>Players 1-2</features_general>
	<features_online/>
	<esrb>Not Rated by ESRB</esrb>
	<esrb_descriptors>No Descriptors</esrb_descriptors>
	<genre/>
	<release_date>13 Jun 2002</release_date>
	<rating>No Rating</rating>
	<platform>Xbox</platform>
	<exclusive/>
	<titleid>53550004</titleid>
	<overview>Yonenaga Kunio no Shogi Seminar is a Party game, published by Success, which was released in Japan in 2002.</overview>
</synopsis>
</synopsis_Map>