<synopsis>
<sourcename>Bistro Cupid 2 (JPN)-B</sourcename>
<foldername>Bistro Cupid 2 (JPN)</foldername>
<title>Bistro Cupid 2</title>
<developer/>
<publisher/>
<features_general>Players 1</features_general>
<features_online/>
<esrb>Not Rated by ESRB</esrb>
<esrb_descriptors>No Descriptors</esrb_descriptors>
<genre/>
<release_date>28 Aug 2003</release_date>
<rating>No Rating</rating>
<platform>Xbox</platform>
<exclusive/>
<titleid>53550008</titleid>
<overview>Bistro Cupid 2 is a Strategy game, published by Success, which was released in Japan in 2003.</overview>
</synopsis>
