<synopsis>
<title>Kao the Kangaroo Round 2</title>
<developer>Tate Interactive</developer>
<publisher>Atari</publisher>
<features_general>Single-player, 480p, Dolby 5.1 Surround</features_general>
<features_online/>
<esrb>E</esrb>
<esrb_descriptors>Cartoon Violence</esrb_descriptors>
<genre>Action, Platformer, 3D</genre>
<release_date>15 Apr 2003</release_date>
<rating>6.2</rating>
<platform>GameCube, Windows PC, PlayStation 2, Xbox</platform>
<exclusive>No</exclusive>
<titleid/>
<overview>Kao the kangaroo is on the run - he has to stop the evil hunter Barnaba, who has captured most of his friends. Starting deep in the forests of the beavers, your journey will bring you to fascinating locations like the thunder mountain, the sea land and even the lost treasure island. Lots of adventures are waiting - use a snowboard to cross the frozen "gap of no return", win a breath-taking speed boat race and fly on the back of your pelican friend across the sea until you reach the legendary treasure island and the hideout of Barnaba.</overview>
</synopsis>
