<synopsis>
<sourcename>25 To Life-T</sourcename>
<foldername>25 To Life</foldername>
<title>25 To Life</title>
<developer>Avalanche</developer>
<publisher>Eidos</publisher>
<features_general>Players 1-16, 480p, 720p, Dolby Digital</features_general>
<features_online>System Link 2-16</features_online>
<esrb>M</esrb>
<esrb_descriptors>Blood and Gore, Drug Reference, Intense Violence, Sexual Themes, Strong Language</esrb_descriptors>
<genre>Action, Shooter, Third-Person</genre>
<release_date>17 Jan 2006</release_date>
<rating>4.1</rating>
<platform>Windows PC, PlayStation 2, Xbox</platform>
<exclusive>No</exclusive>
<titleid>45530018</titleid>
<overview>In 25 to Life, you can play as either a cop or a gangster. Set in the heart of today's cities, the game lets you experience the gritty lifestyles of police task forces or, as a gangster, survive the local neighborhood thugs while fighting your way up the ranks. You can even uphold the law or defend your turf with up to 16 players over the Internet. Whether you bust out of prison or infiltrate the inner sanctum of the drug lord's mansion, your knowledge of the streets will be put to the test.</overview>
</synopsis>
