<synopsis>
<sourcename>All-Star Baseball 2004-MB</sourcename>
<foldername>All-Star Baseball 2004</foldername>
<title>All-Star Baseball 2004</title>
<developer>Acclaim</developer>
<publisher>Acclaim</publisher>
<features_general>Players 1-4, Dolby Digital</features_general>
<features_online>DLC</features_online>
<esrb>E</esrb>
<esrb_descriptors>No Descriptors</esrb_descriptors>
<genre>Sports, Traditional, Baseball, Sim</genre>
<release_date>23 Feb 2003</release_date>
<rating>7.4</rating>
<platform>GBA, GameCube, Windows PC, PlayStation 2, Xbox</platform>
<exclusive>No</exclusive>
<titleid>41430018</titleid>
<overview>Not only does All-Star Baseball 2004 simulate professional baseball, but it also gives you a look into baseball's history and homes. Now, in addition to today's baseball stars, you can play history's greatest players, from the MLB to the Negro Leagues. Take a panoramic tour of each stadium while learning about interesting facts and features. If you're new to the game, all-star Derek Jeter will guide and instruct you in the new Rookie mode tutorial.</overview>
</synopsis>
