<synopsis>
<foldername>nkpatcher-T</foldername>
<title>nkpatcher</title>
<developer>Unknown</developer>
<publisher>Unknown</publisher>
<features_general>Null EEPROM and HDD Keys</features_general>
<features_online>None</features_online>
<esrb>Not Rated by ESRB</esrb>
<esrb_descriptors>Not Rated by ESRB</esrb_descriptors>
<genre>Application</genre>
<release_date>Unknown</release_date>
<rating>5.0</rating>
<platform>Modified Xbox</platform>
<exclusive>Yes</exclusive>
<titleid>00000000</titleid>
<overview>To be used in conjunction with Rocky5s softmod. This application allows you to null the eeprom and HDD keys for your Xbox.</overview>
</synopsis>
