<synopsis>
<title>Metal Slug 5[NA]</title>
<developer>SNK Playmore, Noise Factory</developer>
<publisher>SNK Playmore</publisher>
<features_general>Single-player, Multiplayer, 480p</features_general>
<features_online/>
<esrb>Not Rated by ESRB</esrb>
<esrb_descriptors>None</esrb_descriptors>
<genre>Run and Gun</genre>
<release_date>10 Mar 2006</release_date>
<rating>Not Rated</rating>
<platform>Xbox</platform>
<exclusive>No</exclusive>
<titleid/>
<overview>Metal Slug 5 is a run and gun video game for the Neo-Geo console/arcade platform created by SNK Playmore. It was released in 2003 for the MVS arcade platform, is the fifth game in the Metal Slug series, and was one of the last games for the Neo Geo system. The game was developed by Noise Factory/SNK Playmore, after Korean company Mega Enterprise had directed Metal Slug 4. The biggest difference from previous titles is the addition of the slide move, which allows the player to evade and maneuver in a new fashion. Unlike its predecessor Metal Slug 4, which reused many of the backgrounds from the previous games, Metal Slug 5 incorporates a wealth of new environments and backgrounds and features a more Heavy metal influenced soundtrack.</overview>
</synopsis>
