<synopsis>
<sourcename>Harry Potter and the Prisoner of Azkaban-T</sourcename>
<foldername>Harry Potter and the Prisoner of Azkaban</foldername>
<title>Harry Potter and the Prisoner of Azkaban</title>
<developer>EA Games</developer>
<publisher>EA Games</publisher>
<features_general>Players 1, Dolby Digital</features_general>
<features_online/>
<esrb>E</esrb>
<esrb_descriptors>Fantasy Violence</esrb_descriptors>
<genre>Action Adventure, Fantasy</genre>
<release_date>02 Jun 2004</release_date>
<rating>6.7</rating>
<platform>GameCube, PlayStation 2, Xbox</platform>
<exclusive>No</exclusive>
<titleid>4541004C</titleid>
<overview>The Dementors are coming, and this time Harry needs his friends. From the opening scene on the Hogwarts Express to the climatic finale on the shore of the great lake at Hogwarts, Harry Potter and the Prisoner of Azkaban immerses you in the world of Harry Potter. As Harry, Ron, and Hermione, you'll face the dreaded Azkaban guards, fly the Hippogriff around towers, and explore Hogwarts with the Marauder's Map. Learn spells that allow you to freeze creatures, control dragons, and conjure a Patronus. New two-player minigames include Flying Seahorse Fishing and Dueling Club minigames.</overview>
</synopsis>
