<synopsis>
<sourcename>Dance Dance Revolution Ultramix-MB</sourcename>
<foldername>Dance Dance Revolution Ultramix</foldername>
<title>Dance Dance Revolution Ultramix</title>
<developer>Konami</developer>
<publisher>Konami</publisher>
<features_general>Players 1-4, Dance Pad, Dolby Digital</features_general>
<features_online>System Link, DLC</features_online>
<esrb>E</esrb>
<esrb_descriptors>Mild Lyrics, Suggestive Themes</esrb_descriptors>
<genre>Miscellaneous, Rhythm, Dancing</genre>
<release_date>19 Nov 2003</release_date>
<rating>8.2</rating>
<platform>Xbox</platform>
<exclusive>Yes</exclusive>
<titleid>4B4E0019</titleid>
<overview>The Dance Dance Revolution franchise debuts on the Xbox in an all-new game with new songs, licensed music, and new game modes. Designed especially for the Xbox, the revolution goes online with Xbox Live support, offering a host of new downloadable features. The game also allows you to customize dance steps in Edit mode and exercise in Work Out mode. With robust options, modes, and great music, Dance Dance Revolution Ultramix is a complete dancing package.</overview>
</synopsis>
