<synopsis>
<title>Headhunter Redemption</title>
<developer>Amuze</developer>
<publisher>Sega</publisher>
<features_general>Single-player, Dolby 5.1 Surround</features_general>
<features_online/>
<esrb>M</esrb>
<esrb_descriptors>Blood, Mild Language, Violence</esrb_descriptors>
<genre>Action Adventure, Sci-Fi </genre>
<release_date>21 Sep 2004</release_date>
<rating>5.9</rating>
<platform>PlayStation 2, Xbox</platform>
<exclusive>No</exclusive>
<titleid/>
<overview>Twenty years after the devastation caused by the Bloody Mary Virus, a new order emerged based on two distinct, but totally independent worlds. As veteran headhunter Jack Wade or his sidekick, Lezza X, your job is to maintain law and societal order. Use each character's different abilities and weapons to survive intense combat environments. Headhunter: Redemption places you in two storylines based on two worlds, comprised of unique mission structures and objectives.</overview>
</synopsis>
