<synopsis>
<sourcename>Daemon Vector (JPN)-T</sourcename>
<foldername>Daemon Vector (JPN)</foldername>
<title>Daemon Vector</title>
<developer>XPEC Entertainment</developer>
<publisher>XPEC Entertainment</publisher>
<features_general>Players 1, Dolby Digital</features_general>
<features_online/>
<esrb>Not Rated by ESRB</esrb>
<esrb_descriptors>No Descriptors</esrb_descriptors>
<genre>Action</genre>
<release_date>03 Oct 2003</release_date>
<rating>No Rating</rating>
<platform>Windows PC, Xbox</platform>
<exclusive/>
<titleid>58500001</titleid>
<overview>Daemon Vector is set in medieval times where European adventurers recover artifacts from Asia. Now one of these artifacts turns out to bear a curse and transforms all nearby humans into zombies. The player takes the role of a hero to wipe out the zombies. Daemon Vector is a a classical hack and slash game: The camera is fixed behind the player character which performs hits and combos by using the mouse buttons. Combo attacks can only be used when the player has enough special energy which is earned by performing regular attacks. The basic gameplay structure is that the player has to clear a room of all zombies. Then he receives a key to unlock the next room.</overview>
</synopsis>
