<synopsis>
<sourcename>Nakashima Tetsunari no Othello (JPN)-T</sourcename>
<foldername>Nakashima Tetsunari no Othello (JPN)</foldername>
<title>Nakajima Tetsuya no Othello Seminar</title>
<developer>success</developer>
<publisher>takahashi</publisher>
<features_general>Players 1-2</features_general>
<features_online/>
<esrb>Not Rated by ESRB</esrb>
<esrb_descriptors>No Descriptors</esrb_descriptors>
<genre>Board Game</genre>
<release_date>13 Jun 2002</release_date>
<rating>No Rating</rating>
<platform>Xbox</platform>
<exclusive/>
<titleid>53550002</titleid>
<overview>Japanese Board Game.</overview>
</synopsis>
