<synopsis>
<sourcename>Euro 2004-MB</sourcename>
<foldername>Euro 2004</foldername>
<title>UEFA Euro 2004</title>
<developer>EA Canada</developer>
<publisher>EA Games</publisher>
<features_general>Players 1-4, 480p, Dolby Digital</features_general>
<features_online/>
<esrb>E</esrb>
<esrb_descriptors>Mild Lyrics</esrb_descriptors>
<genre>Sports, Traditional, Soccer, Sim</genre>
<release_date>04 May 2004</release_date>
<rating>7.4</rating>
<platform>Windows PC, PlayStation 2, Xbox</platform>
<exclusive>No</exclusive>
<titleid>4541004A</titleid>
<overview>UEFA Euro 2004 boasts only a fraction of the teams and features found in FIFA 2004, but it's sufficiently different to make it a worthwhile purchase.</overview>
</synopsis>
