<synopsis>
<title>Guy Game, The</title>
<developer>Top Heavy</developer>
<publisher>Gathering</publisher>
<features_general>Single-player, 480p, Dolby 5.1 Surround</features_general>
<features_online/>
<esrb>M</esrb>
<esrb_descriptors>Crude Humor, Nudity, Strong Language, Strong Sexual Content, Use of Alcohol</esrb_descriptors>
<genre>Miscellaneous, Trivia / Game Show </genre>
<release_date>30 Aug 2004</release_date>
<rating>4.7</rating>
<platform>Windows PC, PlayStation 2, Xbox</platform>
<exclusive>No</exclusive>
<titleid/>
<overview>The Guy Game, which was shot live on South Padre Island during spring break, challenges you and your friends to match wits with more than 60 female coeds. Each episode features these attractive college students in a variety of stunts, interviews, and challenges. With a personal cheerleader by your side, you can take on three of your friends in answering more than 1,000 trivia questions from the worlds of sports, movies, TV, and more. The game also includes minigames and a Hottie Challenge.</overview>
</synopsis>
