<synopsis>
<title>Knight's Apprentice: Memorick's Adventures</title>
<developer>Microids</developer>
<publisher>XS Games</publisher>
<features_general>Single-player, 480p</features_general>
<features_online/>
<esrb>T</esrb>
<esrb_descriptors>Fantasy Violence</esrb_descriptors>
<genre>Action Adventure, Fantasy</genre>
<release_date>09 Jun 2004</release_date>
<rating>5.3</rating>
<platform>Xbox</platform>
<exclusive>Yes</exclusive>
<titleid/>
<overview>Based on famous Arthurian legends, Knight's Apprentice, Memorick's Adventures, tells a story of war, magic, and evil forces. You can explore the game's 19 different levels in four different ways--riding a horse, flying a gryphon, sliding down on a shield, and walking or running. Your hero's skills evolve constantly as you progress through a variety of environments. Use your battle skills to defeat all 26 types of monsters that await you.</overview>
</synopsis>
