<synopsis>
<title>Atari Anthology</title>
<developer>Digital Eclipse</developer>
<publisher>Atari</publisher>
<features_general>Single-player, Multiplayer, 480p, 720p, 1080i, 16:9, Dolby 5.1 Surround</features_general>
<features_online>Scoreboard or DLC</features_online>
<esrb>E</esrb>
<esrb_descriptors>Simulated Gambling</esrb_descriptors>
<genre>Miscellaneous, Compilation</genre>
<release_date>16 Nov 2004</release_date>
<rating>6.8</rating>
<platform>PlayStation 2, Xbox</platform>
<exclusive>No</exclusive>
<titleid/>
<overview>Atari puts together its most popular arcade and console games in one massive collection. Now you can play classic arcade hits such as Asteroids, Centipede, Missile Command, Pong, Warlords, Crystal Castle, Gravitar, and much more. The collection also includes 62 Atari 2600 titles, including Adventure, Breakout, Casino, Pong, Star Raiders, and Yars' Revenge. Relive your favorite titles from the early days of video games, and take on new challenges and bonus games.</overview>
</synopsis>
