<synopsis>
<title>Colin McRae Rally 04</title>
<developer>Codemasters</developer>
<publisher>Codemasters</publisher>
<features_general>Single-player, Multiplayer, 480p, 16:9, Dolby 5.1 Surround</features_general>
<features_online>Scoreboard or DLC</features_online>
<esrb>E</esrb>
<esrb_descriptors>No Descriptors</esrb_descriptors>
<genre>Racing</genre>
<release_date>04 Mar 2004</release_date>
<rating>8.4</rating>
<platform>Xbox</platform>
<exclusive>Yes</exclusive>
<titleid/>
<overview>This year's installment in the Colin McRae Rally series features new championships, new single- and multiplayer modes, and different car-part-testing challenges. You can drive any car from the start in the Open Championship mode; you can compete in a full rally season; or you can specialize in a 4- or 2-wheel-drive championship. You can also put together your favorite or themed stages, which can include straights, jumps, or hills. More than 20 vehicles, which exhibit improved physics and handling, are available for play, including the Citroen Xsara, Mitsubishi EVO 7, and Subaru Impreza.</overview>
</synopsis>
