<synopsis>
<title>Full Spectrum Warrior: Ten Hammers</title>
<developer>Pandemic Studios</developer>
<publisher>THQ</publisher>
<features_general>Single-player, Multiplayer, 480p, Dolby 5.1 Surround</features_general>
<features_online>Online</features_online>
<esrb>M</esrb>
<esrb_descriptors>Blood and Gore, Strong Language, Violence</esrb_descriptors>
<genre>Strategy, Real-Time, Military </genre>
<release_date>28 Mar 2006</release_date>
<rating>6.9</rating>
<platform>Windows PC, PlayStation 2, Xbox</platform>
<exclusive>No</exclusive>
<titleid/>
<overview>As squad leader, players coordinate the actions of multiple infantry fire teams, leading them through a variety of hostile environments. An intuitive control scheme allows direction of squads in real-time as players outthink, outmaneuver and outgun enemies through more than 12 levels of intense warfare. Players will utilize authentic battlefield tactics as they confront the enemy with a deadly arsenal of weapons, the latest military equipment, and new Player-controlled mechanized units. With an enhanced multiplayer mode, players can go online and battle friends through a variety of new head-to-head and co-op objective-based missions.</overview>
</synopsis>
