<synopsis>
<sourcename>Far Cry - Instincts-T</sourcename>
<foldername>Far Cry - Instincts</foldername>
<title>Far Cry Instincts</title>
<developer>Ubisoft Montreal</developer>
<publisher>Ubisoft</publisher>
<features_general>Players 1-4, 480p, Dolby Digital</features_general>
<features_online>System Link 2-16, DLC</features_online>
<esrb>M</esrb>
<esrb_descriptors>Blood and Gore Intense Violence Strong Language</esrb_descriptors>
<genre>Action, Shooter, First-Person</genre>
<release_date>27 Sep 2005</release_date>
<rating>8.5</rating>
<platform>Xbox</platform>
<exclusive>Yes</exclusive>
<titleid>55530008</titleid>
<overview>After escorting an inquisitive journalist to a remote tropical island, Jack Carver finds himself stranded in paradise, hunted by an unrelenting team of highly trained mercenaries. As Jack, you must outwit hordes of mercenaries by using a variety of tactics. Make long-range assaults, set traps, commandeer vehicles, and even develop new skills and abilities to outlast the island's evils so that you can escape with your life. Discover new locations in single-player mode or build your own maps in multiplayer modes.</overview>
</synopsis>
