<synopsis>
<title>AFL Live 2004[AUS]</title>
<developer>Acclaim</developer>
<publisher>Acclaim</publisher>
<features_general>Single-player, Multiplayer</features_general>
<features_online/>
<esrb>Not Rated by ESRB</esrb>
<esrb_descriptors>None</esrb_descriptors>
<genre>Sport, Australian Rules Football</genre>
<release_date>01 Aug 2003</release_date>
<rating>Not Rated</rating>
<platform>Xbox</platform>
<exclusive>No</exclusive>
<titleid/>
<overview>Australian Rules Football.</overview>
</synopsis>
