<synopsis>
<title>Colin McRae Rally 2005</title>
<developer>Codemasters</developer>
<publisher>Codemasters</publisher>
<features_general>Single-player, Multiplayer, 480p, 16:9, Dolby 5.1 Surround</features_general>
<features_online>Online, Max Player on System Link: 8</features_online>
<esrb>E</esrb>
<esrb_descriptors>No Descriptors</esrb_descriptors>
<genre>Racing</genre>
<release_date>28 Sep 2004</release_date>
<rating>8.3</rating>
<platform>Windows PC, Xbox</platform>
<exclusive>No</exclusive>
<titleid/>
<overview>Colin McRae Rally 2005 offers more than 300 stages, enhanced vehicles, and the chance to race against the very best in rally racing. At the heart of the game is the all-new Career Challenge, which takes you through a full professional rally career as you drive a diverse selection of rally cars. Through the game's 23 events, you can drive cars including 4-wheel drive, 2-wheel drive, 4-wheel Classics, Super 2-wheel, Rear Wheel, Distinctive and 4x4 classics. Each rally event provides different challenges through a series of Cups, SuperCups, Shields, and Championships. </overview>
</synopsis>
