<synopsis>
<sourcename>Marvel Ultimate Alliance-T</sourcename>
<foldername>Marvel Ultimate Alliance</foldername>
<title>Marvel: Ultimate Alliance</title>
<developer>Raven Software</developer>
<publisher>Activision</publisher>
<features_general>Players 1-4, 480p, 720p, Dolby Digital</features_general>
<features_online>System Link, DLC</features_online>
<esrb>T</esrb>
<esrb_descriptors>Mild Language, Violence</esrb_descriptors>
<genre>Role-Playing, Action RPG</genre>
<release_date>24 Oct 2006</release_date>
<rating>8.3</rating>
<platform>Windows PC, PlayStation 2, PlayStation 3, Wii, Xbox, Xbox 360</platform>
<exclusive>No</exclusive>
<titleid>4156005C</titleid>
<overview>Marvel: Ultimate Alliance is an action/RPG that features the largest roster of comic book characters ever seen in a video game. Players assume the roles of more than 20 Marvel Super Heroes including Spider-Man, Wolverine, Blade and Captain America, and through their actions determine the fate of both planet Earth and the Marvel universe - revealed in one of multiple epilogues. Marvel: Ultimate Alliance offers total team customization, where players create their own team name, icon and vehicle, as well as establish their team reputation as they play throughout the story.</overview>
</synopsis>
