<synopsis>
<sourcename>Fight Night Round 2-MB</sourcename>
<foldername>Fight Night Round 2</foldername>
<title>Fight Night Round 2</title>
<developer>EA Sports</developer>
<publisher>EA Sports</publisher>
<features_general>Players 1-2, 480p, Dolby Digital</features_general>
<features_online/>
<esrb>T</esrb>
<esrb_descriptors>Blood, Mild Language, Suggestive Themes, Violence</esrb_descriptors>
<genre>Sports, Traditional, Boxing</genre>
<release_date>28 Feb 2005</release_date>
<rating>8.8</rating>
<platform>GameCube, Online, PlayStation 2, Xbox</platform>
<exclusive>No</exclusive>
<titleid>45410055</titleid>
<overview>The sequel to EA Sports' Fight Night 2004 maintains the original's analog control scheme and introduces a variety of new features. Now you have access to even more punches, including a new "haymaker" punch that is just powerful enough to knock down your opponent. Every hit counts in this game, as injuries reduce a fighter's ability to defend himself. Your cut man can tend to your injuries in between rounds to help you survive your opponent's devastating punches.</overview>
</synopsis>
