<synopsis>
<sourcename>quake3-T</sourcename>
<foldername>Quake3</foldername>
<title>Quake III Arena</title>
<developer>id Software (Ported by carcharius)</developer>
<publisher>Homebrew</publisher>
<features_general>Single-player, Multiplayer</features_general>
<features_online>Multiplayer</features_online>
<esrb>Not Rated</esrb>
<esrb_descriptors>Not Rated</esrb_descriptors>
<genre>Action, Shooter, First-Person</genre>
<release_date>Mid 2000's</release_date>
<rating>9.3</rating>
<platform>Xbox, Windows, Linux, OS X, Dreamcast, PlayStation 2, Xbox 360, iOS</platform>
<exclusive>No</exclusive>
<titleid>FFF3FAAD</titleid>
<overview>Welcome to the Arena, where high-ranking warriors are transformed into spineless mush. Abandoning every ounce of common sense and any trace of doubt, you lunge onto a stage of harrowing landscapes and veiled abysses. Your new environment rejects you with lava pits and atmospheric hazards as legions of foes surround you, testing the gut reaction that brought you here in the first place. Your new mantra: Fight or be finished.</overview>
</synopsis>
