<synopsis>
<sourcename>Castlevania - Curse of Darkness-T</sourcename>
<foldername>Castlevania - Curse of Darkness</foldername>
<title>Castlevania: Curse of Darkness</title>
<developer>Konami</developer>
<publisher>Konami</publisher>
<features_general>Players 1, Dolby Digital</features_general>
<features_online/>
<esrb>M</esrb>
<esrb_descriptors>Blood, Violence</esrb_descriptors>
<genre>Action-adventure, hack and slash</genre>
<release_date>05 Nov 2005</release_date>
<rating>7</rating>
<platform>PlayStation 2, Xbox</platform>
<exclusive>No</exclusive>
<titleid>4B4E002D</titleid>
<overview>The legendary Castlevania series returns with a new story and a new hero. Hector, one of two Devil Forgemasters who once trained under Dracula, has fled Vallachia disillusioned with the ideals of his mentor. Now, three years after Dracula was defeated in battle at the hands of the Belmonts, Isaac – a former friend and fellow Devil Forgemaster suddenly reappears and orchestrates the execution of Hector's beloved. Fueled by revenge, Hector returns to Vallachia to confront Isaac. Use Devil Forgery skills to develop and enhance "Innocent Devils" allies. RPG elements featuring character growth based on experience points. A deep storyline that unfolds against a backdrop of beautifully environments. Increased number of unlockable features enhances replayability.</overview>
</synopsis>
