<synopsis>
<title>Greg Hastings Tournament Paintball</title>
<developer>WXP</developer>
<publisher>Activision</publisher>
<features_general>Single-player, Multiplayer, 480p, Dolby 5.1 Surround</features_general>
<features_online>Online, Max Player on System Link: 14</features_online>
<esrb>T</esrb>
<esrb_descriptors>Mild Language, Mild Violence</esrb_descriptors>
<genre>Action, Shooter, First-Person, Tactical</genre>
<release_date>16 Nov 2004</release_date>
<rating>7.4</rating>
<platform>Xbox</platform>
<exclusive>Yes</exclusive>
<titleid/>
<overview>Exclusive Xbox® title featuring single and multi-player action with unparalleled gameplay that delivers a thrilling and realistic paintball experience through the integration of more than 21 licensed pro-players, actual tournament fields, top authentic paintball gear, and design input directly from the pros. The game captures all the true nuances of the sport with intense energy, strategy, teamwork, angles, maneuverability, and accuracy.</overview>
</synopsis>
