<synopsis>
<sourcename>Combat Elite - WWII Paratroopers-T</sourcename>
<foldername>Combat Elite - WWII Paratroopers</foldername>
<title>Combat Elite: WWII Paratroopers</title>
<developer>BattleBorne Entertainment</developer>
<publisher>SouthPeak Games</publisher>
<features_general>Players 1-2</features_general>
<features_online/>
<esrb>T</esrb>
<esrb_descriptors>Blood, Mild Language, Violence</esrb_descriptors>
<genre>Action, Shooter, Third-Person, Historic</genre>
<release_date>21 Nov 2005</release_date>
<rating>5.6</rating>
<platform>Windows PC, PlayStation 2, Xbox</platform>
<exclusive>No</exclusive>
<titleid>53500001</titleid>
<overview>Supported by an army of more than 17,000 US and British paratroopers, you must stop the Nazis from occupying Europe during WWII. Fight with authentic weapons and vehicles alongside brave Allied troops through rolling hills, small farms, and war-torn cities throughout France, Holland, and Belgium. More than 40 varied missions re-create the toughest battles of WWII, including D-Day, Operation Market Garden, and the Battle of the Bulge. If you can survive the brutal battlefield of WWII, you'll earn promotions that allow you to customize your soldier with new skills and abilities.</overview>
</synopsis>
