<synopsis>
<sourcename>Madden 2003-MB</sourcename>
<foldername>Madden 2003</foldername>
<title>Madden NFL 2003</title>
<developer>EA Tiburon</developer>
<publisher>EA Sports</publisher>
<features_general>Players 1-4, Dolby Digital</features_general>
<features_online/>
<esrb>E</esrb>
<esrb_descriptors>No Descriptors</esrb_descriptors>
<genre>Sports, Traditional, Football, Sim</genre>
<release_date>12 Aug 2002</release_date>
<rating>9.2</rating>
<platform>GameCube, Windows PC, PlayStation 2, PlayStation, Xbox</platform>
<exclusive>No</exclusive>
<titleid>45410019</titleid>
<overview>The game of football just got more real with Madden NFL 2003. This year's installment of the Madden NFL Football series features more depth, new animation, realistic player AI, and in-depth play modes. Hop on John Madden's Cruiser Tour Bus and travel to all NFL cities to complete skilled tasks in the all-new Mini-Camp mode. The improved graphics and presentation now show sidearm QBs, gang-tackling, stand-still receiver catches, and more than 300 realistic player faces. Madden NFL 2003 gives you more control than ever before, with faster game speed, a more finely tuned passing game, and independent audibles for defensive line, linebackers, and defensive backs.</overview>
</synopsis>
