<synopsis>
<sourcename>Ford Mustang Racing-T</sourcename>
<foldername>Ford Mustang Racing</foldername>
<title>Ford Mustang: The Legend Lives</title>
<developer>Eutechnyx</developer>
<publisher>2K Games</publisher>
<features_general>Players 1-2, 480p, Wheel, Dolby Digital</features_general>
<features_online/>
<esrb>E</esrb>
<esrb_descriptors>No Descriptors</esrb_descriptors>
<genre>Racing</genre>
<release_date>20 Apr 2005</release_date>
<rating>5.5</rating>
<platform>PlayStation 2, Xbox</platform>
<exclusive>No</exclusive>
<titleid>54540077</titleid>
<overview>Since April of 1964 the Ford Mustang has sold over 8 million vehicles and has generated a strong following of enthusiasts, aftermarket manufacturers, websites, and publications - all dedicated to this iconic vehicle. "Ford Mustang" provides incredible graphics and "pick up and play" gameplay - at a value price. Drive the hottest cars from the 40 year history of the Mustang on 22 tracks in 7 U.S. cities. Features 40 incredibly rendered production, concept and racing models from 1964 to 2005. Choose from a diverse set of 22 accurately modeled, lifelike racing environments in 7 cities from across the USA. Arcade-style racing physics and realistic AI, from opponents as well as from obstacle traffic. Compete in "coin-op" style Challenges or Career Mode to unlock new cars, tracks and game modes while testing your skills to the limit. Split screen Multiplayer support for Head-to-Head racing.</overview>
</synopsis>
