<synopsis>
<title>Antz Extreme Racing</title>
<developer>LSP</developer>
<publisher>Empire Interactive</publisher>
<features_general>Single-player, Multiplayer</features_general>
<features_online/>
<esrb>E</esrb>
<esrb_descriptors>No Descriptors</esrb_descriptors>
<genre>Driving, Racing, Kart</genre>
<release_date>02 Sep 2002</release_date>
<rating>3.5</rating>
<platform>Windows PC, PlayStation 2, Xbox</platform>
<exclusive>No</exclusive>
<titleid/>
<overview>Handling dirt is not a rewarding career, but you don't have to follow orders your whole life--think for yourself and Antz Extreme Racing can put you in the fast lane </overview>
</synopsis>
