<synopsis>
<title>FlatOut</title>
<developer>Bugbear Entertainment</developer>
<publisher>Vivendi Universal</publisher>
<features_general>Single-player, Multiplayer, 480p, Dolby 5.1 Surround</features_general>
<features_online>Online, Max Player on System Link: 8</features_online>
<esrb>T</esrb>
<esrb_descriptors>Violence</esrb_descriptors>
<genre>Driving, Demolition Derby </genre>
<release_date>12 Jul 2005</release_date>
<rating>7.1</rating>
<platform>Windows PC, PlayStation 2, Xbox</platform>
<exclusive>No</exclusive>
<titleid>454D0009</titleid>
<overview>Get ready to race one of 16 upgradeable cars on 45 challenging tracks. Each environment in FlatOut is fully destructible, so you'll see all the damage you cause in broken fences, free-rolling trees, and mangled car parts; not to mention your own vehicle. A championship mode lets you battle through a wide variety of races, minigames, and destruction arenas. The game also features online and multiplayer modes, which let you challenge your close friends or the best racers in the world.</overview>
</synopsis>
