<synopsis>
<sourcename>Drihoo (JPN)-T</sourcename>
<foldername>Drihoo (JPN)</foldername>
<title>Drihoo</title>
<developer>Highway Star</developer>
<publisher/>
<features_general>Players 1</features_general>
<features_online/>
<esrb>Not Rated by ESRB</esrb>
<esrb_descriptors>No Descriptors</esrb_descriptors>
<genre/>
<release_date>28 Nov 2002</release_date>
<rating>No Rating</rating>
<platform>Xbox</platform>
<exclusive/>
<titleid>48570001</titleid>
<overview>Drihoo tells the story of a futuristic miner that excaves the ruins of an ancient civilization looking for treasures and other riches.</overview>
</synopsis>
