<synopsis>
<sourcename>ESPN NBA 2K5-M</sourcename>
<foldername>ESPN NBA 2K5</foldername>
<title>NBA 2K5</title>
<developer>Visual Concepts</developer>
<publisher>Sega</publisher>
<features_general>Players 1-4, 480p, Custom Soundtracks, Dolby Digital</features_general>
<features_online>DLC</features_online>
<esrb>E</esrb>
<esrb_descriptors>No Descriptors</esrb_descriptors>
<genre>Sports, Traditional, Basketball, Sim</genre>
<release_date>28 Sep 2004</release_date>
<rating>8.5</rating>
<platform>PlayStation 2, Xbox</platform>
<exclusive>No</exclusive>
<titleid>53450031</titleid>
<overview>This year's installment in the ESPN NBA series features a host of gameplay improvements. Now a player's ability and physical makeup determine how fast he can run up the court on a fast break, how well he can cut to the basket off his opponent, and more. IsoMotion2 gives you more control over dribbling moves and makes it easier to handle overaggressive ball handlers. Develop your created player's career in a revamped 24/7 mode, or take on your friends in new multiplayer games.</overview>
</synopsis>
