<synopsis>
<title>AMF Xtreme Bowling 2006</title>
<developer>Mud Duck Productions</developer>
<publisher>Bethesda Softworks</publisher>
<features_general>Single-player, Multiplayer</features_general>
<features_online/>
<esrb>E</esrb>
<esrb_descriptors>No Descriptors</esrb_descriptors>
<genre>Sports, Alternative, Bowling</genre>
<release_date>21 Jun 2006</release_date>
<rating>3.4</rating>
<platform>PlayStation 2, Xbox</platform>
<exclusive>No</exclusive>
<titleid/>
<overview>Experience the excitement of a night at the lanes with AMF Xtreme Bowling 2006. With six different gameplay modes, nine different enviornments and customizable character creation, the competition is always fresh and fun. Great to play alone or with a group of friends.</overview>
</synopsis>
