<synopsis>
<sourcename>Chessmaster-T</sourcename>
<foldername>Chessmaster</foldername>
<title>Chessmaster 10th Edition</title>
<developer>Ubisoft</developer>
<publisher>Ubisoft</publisher>
<features_general>Players 1-2</features_general>
<features_online/>
<esrb>E</esrb>
<esrb_descriptors>Mild Fantasy Violence</esrb_descriptors>
<genre>Miscellaneous, Board Games</genre>
<release_date>27 Oct 2004</release_date>
<rating>7.9</rating>
<platform>Windows PC, PlayStation 2, Xbox</platform>
<exclusive>No</exclusive>
<titleid>55530039</titleid>
<overview>Chessmaster includes plenty of features to improve your chess skills, no matter what level you are. In Chess School, you can learn basic and advanced tactics before challenging computer-controlled opponents in single-player or multiplayer modes. The game includes a variety of gameplay modes, such as Quick Game, Rated Play, Handicap, Setup Position, and Puzzle. Watch as each piece attacks each other on the checkered battlefield. This immersive environment also features information about your opponent, tournament notifications, and evolving chess personalities.</overview>
</synopsis>
