<synopsis>
<title>Gauntlet: Seven Sorrows</title>
<developer>Midway Games</developer>
<publisher>Midway Games</publisher>
<features_general>Single-player, Multiplayer, 480p, Dolby 5.1 Surround</features_general>
<features_online>Online</features_online>
<esrb>T</esrb>
<esrb_descriptors>Violence</esrb_descriptors>
<genre>Role-Playing, Action RPG</genre>
<release_date>12 Dec 2005</release_date>
<rating>6.1</rating>
<platform>PlayStation 2, Xbox, Xbox 360</platform>
<exclusive>No</exclusive>
<titleid>4D570033</titleid>
<overview>The arcade classic returns with Gauntlet: Seven Sorrows. The game improves upon the old title with a deeper fighting system and light RPG elements. Now you can choose from six heroes, each with their own fighting style, abilities, and backstory. Gauntlet: Seven Sorrows has solo, cooperative, and online play modes. You can go online to join parties of fighters and trade goods. </overview>
</synopsis>
