<synopsis>
<sourcename>Conker Live and Reloaded-T</sourcename>
<foldername>Conker Live and Reloaded</foldername>
<title>Conker: Live and Reloaded</title>
<developer>Rare</developer>
<publisher>Microsoft Game Studios</publisher>
<features_general>Players 1-2, 480p, Dolby Digital</features_general>
<features_online>System Link 2-16</features_online>
<esrb>M</esrb>
<esrb_descriptors>Blood and Gore, Intense Violence, Mature Humor, Sexual Themes, Strong Language, Use of Drugs and Alcohol</esrb_descriptors>
<genre>Action, Shooter, Third-Person, Fantasy</genre>
<release_date>21 Jun 2005</release_date>
<rating>7.8</rating>
<platform>Xbox</platform>
<exclusive>Yes</exclusive>
<titleid>4D530051</titleid>
<overview>The naughty squirrel returns to the Xbox in a new team-based shooter, Conker: Live and Reloaded. This sequel features both multiplayer deathmatch and campaign modes, which can be played via Xbox Live and system link. Now you and your friends can compete as one of six combat specialists across multimission campaigns. Whether you battle in the past or in the future, this game promises more action and humor during warfare. Also included in the game is the original Conker's Bad Fur Day, which has been re-created for the Xbox.</overview>
</synopsis>
