<synopsis>
<title>King of Fighters 2002[JP][EU]</title>
<developer>Eolith</developer>
<publisher>Eolith</publisher>
<features_general>Single-player, Multiplayer</features_general>
<features_online/>
<esrb>Not Rated by ESRB</esrb>
<esrb_descriptors>None</esrb_descriptors>
<genre>Action, Fighting, 2D</genre>
<release_date>2002</release_date>
<rating>Not Rated</rating>
<platform>Xbox</platform>
<exclusive>No</exclusive>
<titleid/>
<overview>The King of Fighters 2002: Challenge to Ultimate Battle (stylized as KOF '02) is a 2002 competitive fighting game produced by Eolith and Playmore for the Neo Geo. It is the ninth game in The King of Fighters series and the second one to be produced by Eolith and developed by Playmore (formerly Brezzasoft). The game was ported to the Dreamcast, PlayStation 2, and the Xbox, wherein the PS2 and Xbox versions were released in North America in a two-in-one bundle with the following game in the series, The King of Fighters 2003. NONA returned to do character artwork, as he had done since the previous installment.</overview>
</synopsis>
