<synopsis>
<sourcename>Batman Begins-MB</sourcename>
<foldername>Batman Begins</foldername>
<title>Batman Begins</title>
<developer>Eurocom</developer>
<publisher>EA Games</publisher>
<features_general>Players 1, 480p, Dolby Digital</features_general>
<features_online/>
<esrb>T</esrb>
<esrb_descriptors>Language, Violence</esrb_descriptors>
<genre>Action, Beat-'Em-Up</genre>
<release_date>14 Jun 2005</release_date>
<rating>6.5</rating>
<platform>GameCube, PlayStation 2, Xbox</platform>
<exclusive>No</exclusive>
<titleid>45410389</titleid>
<overview>Step into the shadows of Gotham City's dangerous criminal underworld as Batman. Based on the movie of the same name, Batman Begins lets you explore both the origins of the "dark knight" and his transformation into a superhero. As Batman, you must use your strength and an array of high-tech gadgets to fight the evil forces that threaten the city, including Scarecrow, Ra's Al Ghul, and Carmine Falcone.</overview>
</synopsis>
