<synopsis>
<title>Bass Pro Shops: Trophy Hunter 2007</title>
<developer>Jarhead Games</developer>
<publisher>Vivendi Universal</publisher>
<features_general>Single-player</features_general>
<features_online/>
<esrb>T</esrb>
<esrb_descriptors>Violence</esrb_descriptors>
<genre>Sport, Fishing</genre>
<release_date>20 Nov 2006</release_date>
<rating>Not Rated</rating>
<platform>Windows PC, PlayStation 2, Xbox</platform>
<exclusive>Yes</exclusive>
<titleid/>
<overview>Equip yourself with the latest hunting equipment including bows, rifles, shotguns, and defensive firearms and take to 10 real-life regions. Stalk 14 animals including wary Whitetales, ferocious Grizzlies, Polar Bears, and even Musk Ox. 10 unique areas from desert to the Rockies to theEquip yourself with the latest hunting equipment including bows, rifles, shotguns, and defensive firearms and take to 10 real-life regions. Stalk 14 animals including wary Whitetales, ferocious Grizzlies, Polar Bears, and even Musk Ox. 10 unique areas from desert to the Rockies to the snow-covered Northwest Territories. Use ATV's or snowmobiles to help get to your stand regardless of rugged conditions. Two modes of play are available: Quick Hunt throws players right into the action and Career Hunt challenges players to various scenarios and objectives. Scalable ballistics system featuring real-time dynamics affected by foliage, wind, bullet type and movement. Use hides, calls, scents, lures, and stands to bring your award-winning Trophy in for the perfect kill.</overview>
</synopsis>
