<synopsis>
<sourcename>NUDE (JPN)-MB</sourcename>
<foldername>NUDE (JPN)</foldername>
<title>N.U.D.E. Natural Ultimate Digital Experiment</title>
<developer>RED Entertainment</developer>
<publisher>Microsoft Game Studios</publisher>
<features_general>Players 1, Dolby Digital</features_general>
<features_online/>
<esrb>Not Rated by ESRB</esrb>
<esrb_descriptors>No Descriptors</esrb_descriptors>
<genre/>
<release_date>24 Apr 2003</release_date>
<rating>No Rating</rating>
<platform>Xbox</platform>
<exclusive>Yes</exclusive>
<titleid>4D53003C</titleid>
<overview>In this game, you meet a robotic girl, named P.A.S.S, and you must teach her how to speak, name things, and teach her new words For example, the chair. Select the chair, and tell her "Chair". She will understand and remember that from then on. You need to be able to speak japanese. There is no nudity in this game.</overview>
</synopsis>
