<synopsis>
<title>All-Star Baseball 2005</title>
<developer>Acclaim</developer>
<publisher>Acclaim</publisher>
<features_general>Single-player, Multiplayer</features_general>
<features_online/>
<esrb>E</esrb>
<esrb_descriptors>No Descriptors</esrb_descriptors>
<genre>Sports, Traditional, Baseball, Sim</genre>
<release_date>23 Mar 2004</release_date>
<rating>7.2</rating>
<platform>Windows PC, PlayStation 2, Xbox</platform>
<exclusive>No</exclusive>
<titleid/>
<overview>All-Star Baseball 2005 features a variety of things that most previous versions did not include, such as classic players like Babe Ruth, Yogi Berra and others. Apart from each of the MLB teams, the game also features MLB legends of different eras and the 2004 American and National league teams. One particular game characteristic is that it includes the Montreal Expos, who relocated from Montreal to Washington D.C. and changed their name to the Washington Nationals for the 2005 MLB season.</overview>
</synopsis>
