<synopsis>
<title>Hunter: The Reckoning</title>
<developer>High Voltage Software</developer>
<publisher>Interplay</publisher>
<features_general>Single-player, co-op Multiplayer, 480p, Dolby 5.1 Surround</features_general>
<features_online/>
<esrb>M</esrb>
<esrb_descriptors>Blood and Gore, Violence</esrb_descriptors>
<genre>Action, Beat-'Em-Up</genre>
<release_date>21 May 2002</release_date>
<rating>7.9</rating>
<platform>GameCube, Xbox</platform>
<exclusive>No</exclusive>
<titleid>56550007</titleid>
<overview>Set in White Wolf's World of Darkness, Hunter: The Reckoning lets you take the role of one of four different hunters--Deuce, a biker ex-con; Father Cortez, a prison chaplain; Kassandra, a raver chick; and Samantha, a tough ex-cop. Armed with a variety of fearsome weaponry--ranging from axes to shotguns--you'll battle it out with hordes of supernatural enemies. Intense action combined with multiplayer support brings the true spirit of Hunter: The Reckoning to life.</overview>
</synopsis>
