<synopsis>
<sourcename>Muzzle Flash (JPN)-MB</sourcename>
<foldername>Muzzle Flash (JPN)</foldername>
<title>Muzzle Flash</title>
<developer>Victor Interactive</developer>
<publisher>Victor Interactive</publisher>
<features_general>Players 1</features_general>
<features_online/>
<esrb>Not Rated by ESRB</esrb>
<esrb_descriptors>No Descriptors</esrb_descriptors>
<genre>Third-person, Real time</genre>
<release_date>27 Feb 2003</release_date>
<rating>No Rating</rating>
<platform>Xbox</platform>
<exclusive>Yes</exclusive>
<titleid>56430001</titleid>
<overview>Playable by up to eight people in the same map online, Muzzle Flash is a simple game at its heart. The object is to find the enemy, flush him out and gun him down. The motif is decidedly military, and campaigns take place everywhere: forests, deserts, polar regions, etc. The left trigger locks on to a target, and A shoots. X reloads. B throws a grenade. Although the characters move slowly, there isn't a function to run. This game is all about positioning, angles and a little bit of luck. There are a lot of places to hide and plot your next move, and that seems to be what the game is about more than anything... tactics.</overview>
</synopsis>
