<synopsis>
<title>Defender</title>
<developer>7 Studios</developer>
<publisher>Midway Games</publisher>
<features_general>Single-player, Multiplayer, 480p, Dolby 5.1 Surround</features_general>
<features_online/>
<esrb>T</esrb>
<esrb_descriptors> Violence</esrb_descriptors>
<genre>Action, Shooter, Third-Person, Sci-Fi </genre>
<release_date>22 Oct 2002</release_date>
<rating>6.9</rating>
<platform>GameCube, PlayStation 2, Xbox</platform>
<exclusive>No</exclusive>
<titleid/>
<overview>Defender undergoes a 3D makeover, featuring fast-paced action, strategy, and an army of aliens. A remake of an arcade classic, Defender sends you on a mission to defend your solar system and save the human race from alien invasion. In addition to space combat action, the game showcases elements of strategy, multiple types of humans to protect and use, ground units for players to defend and position, and bases to build and expand. And now, you can upgrade your Defender ships with special weapons, shields, and other technologies.</overview>
</synopsis>
