<synopsis>
<sourcename>FIFA 2005-MB</sourcename>
<foldername>FIFA 2005</foldername>
<title>FIFA Soccer 2005</title>
<developer>EA Canada</developer>
<publisher>EA Games</publisher>
<features_general>Players 1-4, 480p, Dolby Digital</features_general>
<features_online/>
<esrb>E</esrb>
<esrb_descriptors>No Descriptors</esrb_descriptors>
<genre>Sports, Soccer</genre>
<release_date>12 Oct 2004</release_date>
<rating>8.1</rating>
<platform>GameCube, Online, Windows PC, PlayStation 2, PlayStation, Xbox</platform>
<exclusive>No</exclusive>
<titleid>4541004E</titleid>
<overview>FIFA Soccer 2005 gives you more control than ever with improved button and control sensitivity and an intuitive Off the Ball Control. Now you can take command of players not in possession of the ball by calling in tackles, jostling for space, and sending your teammates on runs as you control the pitch. With more than 350 official team and league licenses from around the world, an enhanced Career mode, and an improved broadcast, FIFA Soccer 2005 gives you a complete and authentic soccer experience.</overview>
</synopsis>
