<synopsis>
<title>BlowOut</title>
<developer>Terminal Reality</developer>
<publisher>Majesco Entertainment</publisher>
<features_general>Single-player, 480p, 16:9, Dolby 5.1 Surround</features_general>
<features_online/>
<esrb>T</esrb>
<esrb_descriptors>Blood, Violence</esrb_descriptors>
<genre>Action, Shooter, Third-Person, Sci-Fi</genre>
<release_date>30 Jan 2004</release_date>
<rating>5.5</rating>
<platform>GameCube, Windows PC, PlayStation 2, Xbox, Xbox 360</platform>
<exclusive>No</exclusive>
<titleid>4D4A0008</titleid>
<overview>As Major John "Dutch" Cane, you'll lead an elite platoon of mercenary commandos, outfitted with the most deadly experimental weaponry, into the pit of evil. It's your job to rid the world of mutated beasts and alien insects through 10 levels of intense action. To ensure your team'sAs Major John "Dutch" Cane, you'll lead an elite platoon of mercenary commandos, outfitted with the most deadly experimental weaponry, into the pit of evil. It's your job to rid the world of mutated beasts and alien insects through 10 levels of intense action. To ensure your team's success, the military has given you access to a variety of weapons, including a 20mm pump-action shotgun, eight-meter flamethrower, plasma rifle, machine gun, and an eight-inch nailgun. Blast through walls, ceilings, and floors to discover secrets and power-ups that enhance your weapons.</overview>
</synopsis>
