<synopsis>
<sourcename>Fable - The Lost Chapters-MB</sourcename>
<foldername>Fable - The Lost Chapters</foldername>
<title>Fable: The Lost Chapters</title>
<developer>Lionhead Studios</developer>
<publisher>Microsoft Game Studios</publisher>
<features_general>Players 1, 480p, Dolby Digital</features_general>
<features_online/>
<esrb>M</esrb>
<esrb_descriptors>Blood, Sexual Themes, Strong Language, Violence</esrb_descriptors>
<genre>Role-Playing, Action RPG</genre>
<release_date>18 Oct 2005</release_date>
<rating>8.3</rating>
<platform>Windows PC, Xbox</platform>
<exclusive>Yes</exclusive>
<titleid>4D5300D1</titleid>
<overview>In this role-playing adventure game from Lionhead Studios, every action determines a character's skills, appearance and morality. A character's life story is created from childhood through adulthood and on to old age. One can grow from an inexperienced child into the most powerful being in the world, spoken of by all and immortalized in legend. As additional story and side quests await, so too does the path of righteousness, as well as the life of evil. With every choice, a character transforms into a reflection of his actions and decisions. Age leaves characters wizened and battle leaves characters scarred in the world of Fable: The Lost Chapters.</overview>
</synopsis>
