<synopsis>
<title>Incredible Hulk: Ultimate Destruction</title>
<developer>Radical Entertainment</developer>
<publisher>Vivendi Games</publisher>
<features_general>Single-player, Multiplayer, 720p, 16:9, Dolby 5.1 Surround</features_general>
<features_online/>
<esrb>T</esrb>
<esrb_descriptors>Language, Violence</esrb_descriptors>
<genre>Action Adventure, Sci-Fi</genre>
<release_date>23 Aug 2005</release_date>
<rating>8.4</rating>
<platform>GameCube, PlayStation 2, Xbox</platform>
<exclusive>No</exclusive>
<titleid/>
<overview>The Incredible Hulk: Ultimate Destruction is an action game that lets you play as The Incredible Hulk, one of the most powerful Marvel superheroes. Now you can use the Hulk's strength to run, jump, and climb anywhere across landscapes from the comic series. You can increase your strength and unlock more moves by completing more than 30 story missions and 40 side missions. The game's destructible environments can help you fight bosses, gain weapons, and destroy buildings.</overview>
</synopsis>
