<synopsis>
<title>Advent Rising</title>
<developer>GlyphX Games</developer>
<publisher>Majesco Entertainment</publisher>
<features_general>Single-player, 480p, 16:9, Dolby 5.1 Surround</features_general>
<features_online/>
<esrb>T</esrb>
<esrb_descriptors>Blood, Mild Language, Violence</esrb_descriptors>
<genre>Action Adventure, Sci-Fi</genre>
<release_date>31 May 2005</release_date>
<rating>6.8</rating>
<platform>Xbox</platform>
<exclusive>Yes</exclusive>
<titleid>4D4A0009</titleid>
<overview>In Advent Rising, a common legend pervades the galaxy--that one day humans will deliver the universe. Many view humans as the messiah, a symbol of hope, or fantastical creatures, but the Seekers view them as enemies that must be destroyed. In third- and first-person points of view, you'll realize what it means to be truly human as you delve into an intergalactic saga. Advent Rising sets you on an action-packed adventure where you'll develop superhuman powers, wield an arsenal of high-tech weapons, and command a vast array of futuristic vehicles.</overview>
</synopsis>
