<synopsis>
<sourcename>Xored Mini-M</sourcename>
<foldername>Xored Mini</foldername>
<title>Xored Mini</title>
<developer>Unknown</developer>
<publisher>Homebrew</publisher>
<features_general>Xbox Game Cheats Application</features_general>
<features_online>None</features_online>
<esrb>Not Rated by ESRB</esrb>
<esrb_descriptors>Not Rated by ESRB</esrb_descriptors>
<genre>Application</genre>
<release_date>Unknown</release_date>
<rating>5</rating>
<platform>Modified Xbox</platform>
<exclusive>Yes</exclusive>
<titleid>FAFC0000</titleid>
<overview>An application for Xbox game trainers (cheats).</overview>
</synopsis>
