<synopsis>
<sourcename>Freedom Fighters-MT</sourcename>
<foldername>Freedom Fighters</foldername>
<title>Freedom Fighters</title>
<developer>IO Interactive</developer>
<publisher>EA Games</publisher>
<features_general>Players 1-4, 480p, 720p, Dolby Digital</features_general>
<features_online/>
<esrb>T</esrb>
<esrb_descriptors>Violence</esrb_descriptors>
<genre>Action, Shooter, Third-Person, Tactical</genre>
<release_date>01 Oct 2003</release_date>
<rating>8.2</rating>
<platform>GameCube, Windows PC, PlayStation 2, Xbox</platform>
<exclusive>No</exclusive>
<titleid>4541002E</titleid>
<overview>With fierce conflict unfolding in the streets of America, it's your patriotic duty to fight back. Take on the role of Christopher Stone, and evolve from an average New Yorker into a fearless patriot who recruits and leads an army of freedom fighters in the streets of New York City. Freedom Fighters combines the depth of a squad-based game with the intensity of an action-packed war game, all of which unfolds in the streets, subways, and buildings of a modern-day urban battleground.</overview>
</synopsis>
