<synopsis>
<foldername>Zelda Oni Link Begins</foldername>
<title>Zelda Oni Link Begins</title>
<developer>Vincent Jouillat (Ported by freakdave)</developer>
<publisher>Homebrew</publisher>
<features_general>Single-player</features_general>
<features_online>None</features_online>
<esrb>Not Rated</esrb>
<esrb_descriptors>Not Rated</esrb_descriptors>
<genre>Adventure</genre>
<release_date>Mid 2000's</release_date>
<rating>8.0</rating>
<platform>Xbox, Windows</platform>
<exclusive>No</exclusive>
<titleid>0</titleid>
<overview>Brought down by a terrible curse since his recent victory on the Dark Lord, Link is changing, day by day, into a powerful creature with a destructive nature named Oni-Link. Bannished from Hyrule, the young hylian asks the princess Zelda some help. She shows him his last hope: a portal to a secret world.</overview>
</synopsis>
