<synopsis>
<sourcename>Smw-1.8-Hwe-Xbe-T</sourcename>
<foldername>Smw-1.8-Hwe-Xbe</foldername>
<title>Super Mario War Halloween Edition</title>
<developer>Florian Hufsky, Two52 and contributors</developer>
<publisher>Homebrew</publisher>
<features_general>Single-player, Multiplayer</features_general>
<features_online>None</features_online>
<esrb>Not Rated</esrb>
<esrb_descriptors>Not Rated</esrb_descriptors>
<genre>Platform, Party</genre>
<release_date>Mid 2000's</release_date>
<rating>7.5</rating>
<platform>Xbox, Windows, OS X, Linux, Wii</platform>
<exclusive>No</exclusive>
<titleid>HBI64005</titleid>
<overview>This is a mod of Super Mario War called "Ghost House War", it is also known as "Super Mario War: Halloween Edition" as that is when it was released. It contains the same fun as Super Mario War, but with a little spookier of a tone. Ghost House War is a game for up to four players with many different modes of play. The basic goal of the game is to be the last player standing, and to accomplish this goal you must jump on your opponents' heads to kill them. There's a fiendish array of items you can use to help you kill your opponents, as well. In addition, there are several variations on this basic gameplay mechanic which you can try, such as Bone Chicken, Graverobbers, and so on.</overview>
</synopsis>
