<synopsis>
<sourcename>Aftershock Pool Sx-T</sourcename>
<foldername>Aftershock Pool Sx</foldername>
<title>AfterShock Pool SX</title>
<developer>SHiZNO</developer>
<publisher>SHiZNO</publisher>
<features_general>Single-Player, Multiplayer</features_general>
<features_online>None</features_online>
<esrb>E</esrb>
<esrb_descriptors>none</esrb_descriptors>
<genre>Sports Simulation</genre>
<release_date>Apr 24, 2012</release_date>
<rating>5.0</rating>
<platform>Xbox</platform>
<exclusive>Yes</exclusive>
<titleid>07398CDC</titleid>
<overview>Aftershock Pool SX is an original homebrew pool game for the Xbox. It features solid gameplay, and a nice table editor. No AI in this though, so grab some friends before you play. Game Types include 8 Ball, 9 Ball, Cut Throat (3 players), Red Vs Blue© and Mini-Golf-Pool©. This Homebrew was developed by SHiZNO and utilizes Lantus' SDLx library</overview>
</synopsis>
