<synopsis>
<sourcename>Atari Lynx-T</sourcename>
<foldername>Atari Lynx</foldername>
<title>Atari Lynx</title>
<developer>Atari, Epyx</developer>
<publisher>Atari</publisher>
<features_general>Handheld</features_general>
<features_online>N/A</features_online>
<esrb>Not Rated</esrb>
<esrb_descriptors>Not Rated</esrb_descriptors>
<genre>Video Games</genre>
<release_date>01 Sep 1989</release_date>
<rating>6.5</rating>
<platform>Handheld Game Console</platform>
<exclusive>N/A</exclusive>
<titleid>N/A</titleid>
<overview>The Atari Lynx is a 16-bit handheld game console that was released by Atari Corporation in September 1989 in North America, and in Europe and Japan in 1990. It was the world's first handheld electronic game with a color LCD. It was also notable for its advanced graphics and ambidextrous layout. The Lynx competed with the Game Boy (released two months earlier), as well as the Game Gear and TurboExpress, both released the following year. It was discontinued in 1995. During 1990, the Lynx had moderate sales. In July 1991, Atari Corporation introduced the Lynx II with a new marketing campaign, new packaging, slightly improved hardware, better battery life and a new sleeker look. The new system (referred to within Atari as the "Lynx II") featured rubber hand grips and a clearer backlit color screen with a power save option (which turned off the LCD panel's backlighting). It also replaced the monaural headphone jack of the original Lynx with one wired for stereo. The new packaging made the Lynx available without any accessories, dropping the price to $99. Although sales improved, Nintendo still dominated the handheld market. In 1995, Atari started shifting its focus away from the Lynx and put more focus on the Atari Jaguar, in competition with Super NES and Genesis. A few games were released during this time, including Battlezone 2000. In 1996, Atari shut down its internal game development.</overview>
</synopsis>
