<synopsis>
<sourcename>Destroy all humans-T</sourcename>
<foldername>Destroy all humans</foldername>
<title>Destroy All Humans</title>
<developer>Pandemic Studios</developer>
<publisher>THQ</publisher>
<features_general>Players 1, 480p, Dolby Digital</features_general>
<features_online/>
<esrb>T</esrb>
<esrb_descriptors>Language, Sexual Themes, Violence</esrb_descriptors>
<genre>Action Adventure, Sci-Fi</genre>
<release_date>21 Jun 2005</release_date>
<rating>7.6</rating>
<platform>PlayStation 2, Xbox, Xbox 360</platform>
<exclusive>No</exclusive>
<titleid>54510026</titleid>
<overview>This is your chance to experience the other side of an alien invasion. In Destroy All Humans, you play as an alien who must use a UFO, advanced weaponry, and special abilities to take over all of humanity. You'll terrorize the people of Earth with a variety of alien weaponry--the Ion Detonator, the Zap-O-Matic, and the Sonic Boom, or even the Quantum Deconstructor--on land or in the air.</overview>
</synopsis>
