<synopsis>
<sourcename>Brute Force-MB</sourcename>
<foldername>Brute Force</foldername>
<title>Brute Force</title>
<developer>Digital Anvil</developer>
<publisher>Microsoft Game Studios</publisher>
<features_general>Players 1-4, Dolby Digital</features_general>
<features_online>System Link 1-8. DLC</features_online>
<esrb>M</esrb>
<esrb_descriptors>Blood, Violence</esrb_descriptors>
<genre>Third-person shooter, Tactical shooter</genre>
<release_date>27 May 2003</release_date>
<rating>7.7</rating>
<platform>Xbox</platform>
<exclusive>Yes</exclusive>
<titleid>4D53001E</titleid>
<overview>Take control of any one of four highly specialized super-commandos in Brute Force, an action-packed sci-fi, squad-based shooter game. Whether the encounter requires stealth, tactics, sniping, or just brute force, the team is ready and able. The game combines the intensity of a shooter game with the cunning strategies of team-based tactical combat. Play solo through six worlds in the extensive single-player campaign, or play co-operatively with up to three friends via split-screen or System Link. A multitude of competitive death-match modes with up to eight players; and downloadable new content, including campaigns, mission, and maps; keep the game fresh for replayability.</overview>
</synopsis>
