<synopsis>
<title>Manhunt</title>
<developer>Rockstar North</developer>
<publisher>Rockstar Games</publisher>
<features_general>Single-player, 480p, 16:9, Dolby Pro Logic II</features_general>
<features_online/>
<esrb>M</esrb>
<esrb_descriptors>Blood and Gore, Intense Violence, Strong Language</esrb_descriptors>
<genre>Action Adventure, Modern</genre>
<release_date>20 Apr 2004</release_date>
<rating>7.4</rating>
<platform>Windows PC, PlayStation 2, Xbox</platform>
<exclusive>No</exclusive>
<titleid/>
<overview>The year's darkest and most terrifying videogame experience has arrived courtesy of Rockstar Games, makers of the controversial Grand Theft Auto series. Walk in the shoes of James Earl Cash, a man sentenced to death only to find himself given an unexpected and sinister reprieve. Forced to fight and outwit hordes of bloodthirsty gang members vying for his head on a platter. All orchestrated for pleasure and profit by the voice of an unseen Director. This is a brutal bloodsport.</overview>
</synopsis>
