<synopsis>
<sourcename>Enter the Matrix-M</sourcename>
<foldername>Enter the Matrix</foldername>
<title>Enter the Matrix</title>
<developer>Shiny</developer>
<publisher>Atari</publisher>
<features_general>Players 1, 480p, 720p, 1080i, Dolby Digital</features_general>
<features_online/>
<esrb>T</esrb>
<esrb_descriptors>Mild Language, Suggestive Themes, Violence</esrb_descriptors>
<genre>Action, Shooter, Third-Person, Sci-Fi</genre>
<release_date>14 May 2003</release_date>
<rating>6.5</rating>
<platform>GameCube, Windows PC, PlayStation 2, Xbox</platform>
<exclusive>No</exclusive>
<titleid>49470022</titleid>
<overview>Enter the Matrix features awesome gunplay and spectacular martial arts that bend the rules of the Matrix, insane driving and stunts, and the chance to pilot the fastest hovercraft in the fleet. This game isn't just set in the Matrix universe--it's an integral part of the entire Matrix experience, with a story that weaves in and out of The Matrix: Reloaded, the second chapter of the movie trilogy. Enter the Matrix is the story behind the story.</overview>
</synopsis>
