<synopsis>
<sourcename>Cabelas Dangerous Hunts 2-T</sourcename>
<foldername>Cabelas Dangerous Hunts 2</foldername>
<title>Cabela's Dangerous Hunts 2</title>
<developer>Sand Grain Studios</developer>
<publisher>Activision</publisher>
<features_general>Players 1, 480p, Dolby Digital</features_general>
<features_online/>
<esrb>T</esrb>
<esrb_descriptors>Blood, Violence</esrb_descriptors>
<genre>Action, Sports, Hunting Simulation</genre>
<release_date>16 Nov 2005</release_date>
<rating>6.3</rating>
<platform>GameCube, Windows PC, PlayStation 2, Xbox</platform>
<exclusive>No</exclusive>
<titleid>41560052</titleid>
<overview>Cabela's® Dangerous Hunts 2™ features savage animal encounters and a true adrenaline-pumping experience. Expert regional guides lead you on 12 epic adventures to exotic locations around the globe in search of the world's most dangerous animals. Through a traumatic change of events, the hunters become the hunted, and you must use your skills and survival instincts. Watch out, not everyone is going to make it back to the lodge alive.</overview>
</synopsis>
