<synopsis>
<sourcename>ESPN Winter X-Games Snowboarding 2002-M</sourcename>
<foldername>ESPN Winter X-Games Snowboarding 2002</foldername>
<title>Winter X-Games Snowboarding 2002</title>
<developer>Konami</developer>
<publisher>Konami</publisher>
<features_general>Players 1-2</features_general>
<features_online/>
<esrb>T</esrb>
<esrb_descriptors>Mild Lyrics, Suggestive Themes</esrb_descriptors>
<genre>Sports, Alternative, Snowboarding</genre>
<release_date>24 Mar 2002</release_date>
<rating>7.1</rating>
<platform>PlayStation 2, Xbox</platform>
<exclusive>No</exclusive>
<titleid>4B4E0009</titleid>
<overview>The most authentic snowboarding game returns Winter X Games Snowboarding 2002 features more arcade fun and snowboarding action. Win a gold medal in on of four authentic Winter X Games events, or go anywhere in the free ride mode, where you can pull off big kickers and twisted rails to your heart's content.</overview>
</synopsis>
