<synopsis>
<sourcename>Aggressive Inline-M</sourcename>
<foldername>Aggressive Inline</foldername>
<title>Aggressive Inline</title>
<developer>Z-Axis</developer>
<publisher>Acclaim</publisher>
<features_general>Players 1-2</features_general>
<features_online/>
<esrb>T</esrb>
<esrb_descriptors>Blood, Strong Language, Suggestive Themes</esrb_descriptors>
<genre>Sports, Alternative, Skating</genre>
<release_date>29 Jul 2002</release_date>
<rating>8.5</rating>
<platform>GameCube, PlayStation 2, Xbox</platform>
<exclusive>No</exclusive>
<titleid>41430007</titleid>
<overview>Aggressive Inline pushes your inline skating skills to the limit with a new Juice Meter, challenging objectives, and expansive levels. You can choose from an array of professional inline skaters--including Jaren Grob, Chris Edwards, and Shane Yost--and showcase your talent in various interactive skate parks. Perform a variety of manuals, grinds, big-air tricks, wall flips, hand plants, and more, to build up your Juice Meter and avoid elimination. Aggressive Inline also includes a Park Editor that lets you design your own skate park, complete with rails, ramps, and pipes.</overview>
</synopsis>
