<synopsis>
<sourcename>Bionicle - The Game-T</sourcename>
<foldername>Bionicle - The Game</foldername>
<title>Bionicle: The Game</title>
<developer>Argonaut Games</developer>
<publisher>EA Games</publisher>
<features_general>Players 1, Dolby Digital</features_general>
<features_online/>
<esrb>E</esrb>
<esrb_descriptors>Fantasy Violence</esrb_descriptors>
<genre>Action, Platformer, 3D</genre>
<release_date>20 Oct 2003</release_date>
<rating>4.9</rating>
<platform>GameCube, Windows PC, PlayStation 2, Xbox</platform>
<exclusive>No</exclusive>
<titleid>45410039</titleid>
<overview>Bionicle puts the elemental powers of the Toa at your fingertips to battle the forces of evil. Summon blasts of fire, ice, water, stone, earth, and air in six island environments. With Toa energy, you can snowboard down Mount Ihu, surf through lava rapids, and race through Pohatu's desert. Your path takes you through jungles, mountains, and lakes, and ends in Makuta's lair. It's up to you to defeat the evil spirit and stop his Bohrok from devouring all of the island's resources.</overview>
</synopsis>
