<synopsis>
<sourcename>Men of Valor-T</sourcename>
<foldername>Men of Valor</foldername>
<title>Men of Valor</title>
<developer>2015</developer>
<publisher>Vivendi Games</publisher>
<features_general>Players 1-2, 480p, Dolby Digital</features_general>
<features_online>System Link 2-12</features_online>
<esrb>M</esrb>
<esrb_descriptors>Blood, Drug Reference, Strong Language, Violence</esrb_descriptors>
<genre>Action, Shooter, First-Person, Historic</genre>
<release_date>19 Oct 2004</release_date>
<rating>7.3</rating>
<platform>Windows PC, Xbox</platform>
<exclusive>Yes</exclusive>
<titleid>56550019</titleid>
<overview>Men of Valor follows an American marine through the early stages of the conflict in Vietnam to the Tet Offensive. In historically accurate scenarios, you must play a variety of roles in which you'll man the door gun on a Huey helicopter, steer a riverboat along enemy-infested shores, battle your way through enemy tunnel complexes, and call down fire as a forward observer. Mission types include pilot rescues, recon patrols, POW rescue, and search-and-destroy ops.</overview>
</synopsis>
