<synopsis>
<title>4x4 EVO 2</title>
<developer>Terminal Reality</developer>
<publisher>Gathering</publisher>
<features_general>Single-player, Multiplayer, 480p, 16:9</features_general>
<features_online/>
<esrb>E</esrb>
<esrb_descriptors>No Descriptors</esrb_descriptors>
<genre>Driving, Racing, Rally / Offroad</genre>
<release_date>14 Nov 2001</release_date>
<rating>5.9</rating>
<platform>Dreamcast, Macintosh, Windows PC, PlayStation 2</platform>
<exclusive>No</exclusive>
<titleid/>
<overview>Professional drivers get paid by winning races and in career mode so do you. Win fast money and deck out your truck from over 125 upgrades like performance shocks, race tires, brush guards, roll bars, snorkels, working winches and performance exhaust to increase vehicle power and speed.</overview>
</synopsis>
