<synopsis>
<sourcename>Deathrow-T</sourcename>
<foldername>Deathrow</foldername>
<title>Deathrow</title>
<developer>Southend Interactive</developer>
<publisher>Ubisoft</publisher>
<features_general>Players 1-4, Widescreen, Dolby Digital</features_general>
<features_online>System Link 2-8</features_online>
<esrb>M</esrb>
<esrb_descriptors>Strong Language, Use of Drugs, Violence</esrb_descriptors>
<genre>Sports, Alternative, Futuristic</genre>
<release_date>22 Oct 2002</release_date>
<rating>7.9</rating>
<platform>Xbox</platform>
<exclusive>Yes</exclusive>
<titleid>55530004</titleid>
<overview>Enter a brutal fighting sport where only the fastest and toughest players are victorious. Deathrow combines the fast gameplay of third-person action games, the intensity of fighting games, and the cooperative team play and gritty roughness of rugby. The object of Deathrow is to win matches by any means necessary, either by scoring as many points as possible before time runs out or by severely injuring your opponents and removing them from the field of combat. Engage in fierce hand-to-hand combat against your friends, enemies, or intelligent AI opponents that don't just get mad--they get even.</overview>
</synopsis>
