<synopsis>
<sourcename>DVD2Xbox 0.7.8-T</sourcename>
<foldername>DVD2Xbox 0.7.8</foldername>
<title>DVD2Xbox 0.7.8</title>
<developer>Unknown</developer>
<publisher>Homebrew</publisher>
<features_general>Rip Xbox Games to HDD</features_general>
<features_online>None</features_online>
<esrb>Not Rated by ESRB</esrb>
<esrb_descriptors>Not Rated by ESRB</esrb_descriptors>
<genre>Application</genre>
<release_date>Unknown</release_date>
<rating>9</rating>
<platform>Modified Xbox</platform>
<exclusive>Yes</exclusive>
<titleid>0FACFAC0</titleid>
<overview>DVD2Xbox is an application for backing up Xbox game discs to a modded Xbox HDD. Includes ACL patches.</overview>
</synopsis>
