<synopsis>
<title>Fight Night: Round 3</title>
<developer>EA Chicago</developer>
<publisher>EA Sports</publisher>
<features_general>Single-player, Multiplayer, 480p, Dolby 5.1 Surround</features_general>
<features_online/>
<esrb>T</esrb>
<esrb_descriptors>Blood, Mild Language, Suggestive Themes, Violence</esrb_descriptors>
<genre>Sports, Traditional, Boxing</genre>
<release_date>23 Feb 2006</release_date>
<rating>8.3</rating>
<platform>PlayStation 2, Xbox, Xbox 360</platform>
<exclusive>No</exclusive>
<titleid/>
<overview>You can build a boxer and take him into the ring in Fight Night Round 3. The game features improved graphics, which let you see in detail the effect of your punches on licensed boxers who fight in a variety of boxing styles. You can generate rivalries leading up to a fight by trash-talking and also by fighting during weigh-ins and press conferences. Fight Night Round 3 also includes ESPN footage of classic boxing rivalries. You can challenge other gamers in online multiplayer matches.</overview>
</synopsis>
