<synopsis>
<title>England International Football[EU]</title>
<developer>Codemasters</developer>
<publisher>Codemasters</publisher>
<features_general>Single-player, Multiplayer</features_general>
<features_online/>
<esrb>Not Rated by ESRB</esrb>
<esrb_descriptors>None</esrb_descriptors>
<genre>Sport, Soccer</genre>
<release_date>30 Apr 2004</release_date>
<rating>Not Rated</rating>
<platform>Xbox</platform>
<exclusive>No</exclusive>
<titleid/>
<overview>Soccer game in the theme of the England International team.</overview>
</synopsis>
