<synopsis>
<sourcename>Nintendo NES-T</sourcename>
<foldername>NES</foldername>
<title>Nintendo Entertainment System</title>
<developer>Nintendo</developer>
<publisher>Nintendo</publisher>
<features_general>Joypad, Light Gun</features_general>
<features_online>N/A</features_online>
<esrb>Not Rated</esrb>
<esrb_descriptors>Not Rated</esrb_descriptors>
<genre>Video Games</genre>
<release_date>18 Oct 1985</release_date>
<rating>8.5</rating>
<platform>Home Video Game Console</platform>
<exclusive>N/A</exclusive>
<titleid>N/A</titleid>
<overview>The Nintendo Entertainment System (NES) is an 8-bit third-generation home video game console produced, released, and marketed by Nintendo. It is a remodelled export version of the company's Family Computer (FC) platform in Japan, commonly known as the Famicom, which was launched on July 15, 1983. The NES was launched in a test market of New York City on October 18, 1985, followed by Los Angeles as a second test market in February 1986, followed by Chicago and San Francisco, then other top 12 American markets, followed by a full launch across North America and some countries in Europe in September 1986, followed by Australia and other countries in Europe in 1987. Brazil saw only unlicensed clones until the official local release in 1993. In South Korea, it was packaged as the Hyundai Comboy and distributed by Hyundai Electronics which is now SK Hynix; the Comboy was released in 1989. As the best-selling gaming console of its time, the NES helped revitalize the US video game industry following the Video game crash of 1983. With the NES, Nintendo introduced a now-standard business model of licensing third-party developers, authorizing them to produce and distribute games for Nintendo's platform. It had been preceded by Nintendo's first home video game console, the Color TV-Game, and was succeeded by the Super Nintendo Entertainment System (SNES). The NES was released two years after the North American video game crash of 1983, when many retailers and adult consumers regarded electronic games as a passing fad, so many believed at first that the NES would soon fade. Before the NES and Famicom, Nintendo was known as a moderately successful Japanese toy and playing card manufacturer, but the consoles' popularity helped the company grow into an internationally recognized name almost synonymous with video games as Atari had been, and set the stage for Japanese dominance of the video game industry. With the NES, Nintendo also changed the relationship between console manufacturers and third-party software developers by restricting developers from publishing and distributing software without licensed approval. This led to higher-quality games, which helped change the attitude of a public that had grown weary from poorly produced games for earlier systems. The NES hardware design is also very influential. Nintendo chose the name "Nintendo Entertainment System" for the US market and redesigned the system so it would not give the appearance of a child's toy. The front-loading cartridge input allow it to be used more easily in a TV stand with other entertainment devices, such as a videocassette recorder.</overview>
</synopsis>
