<synopsis>
<sourcename>Metroid-T</sourcename>
<foldername>Metroid Collection</foldername>
<title>Metroid Collection</title>
<developer>CoinOps Team</developer>
<publisher>Smithis</publisher>
<features_general>Single Player</features_general>
<esrb>E</esrb>
<esrb_descriptors>No Descriptors</esrb_descriptors>
<genre>Action Adventure</genre>
<release_date>06 June 2019</release_date>
<rating>9.9</rating>
<platform>Ninja</platform>
<exclusive>Yes</exclusive>
<titleid>HBI64010</titleid>
<overview>This is a standalone Metroid Collection using NINJA for the original xbox. This Collection Contains 5 Original Games from "Zero" to "Fusion" holds 72* prepped mods/hacks. This pack is loaded with custom artwork and media designed for Ninja.</overview>
</synopsis>
