<synopsis>
<title>Backyard Wrestling 2: There Goes the Neighborhood</title>
<developer>Paradox Development</developer>
<publisher>Eidos Interactive</publisher>
<features_general>Single-player, Multiplayer</features_general>
<features_online/>
<esrb>M</esrb>
<esrb_descriptors>Blood, Intense Violence, Sexual Themes, Strong Language</esrb_descriptors>
<genre>Action, Fighting, Wrestling</genre>
<release_date>16 Nov 2004</release_date>
<rating>4.3</rating>
<platform>PlayStation 2, Xbox</platform>
<exclusive>No</exclusive>
<titleid/>
<overview>Delve deep into the heart of Small Town America, USA, with Backyard Wrestling 2. Backyard Wrestling Inc. has put a million-dollar cash prize on the line for the wrestler who can win the unified BYW championship. Defeating the most hardcore backyard wrestlers is not enough, however, as the lure of "easy money" has attracted the attention of professional wrestlers as well. With new submission holds, body damage, and defensive moves, you must prove you have what it takes to destroy every obstacle in your path.</overview>
</synopsis>
