<synopsis>
<title>Conflict: Global Terror</title>
<developer>Pivotal Games</developer>
<publisher>SCi / 2K Games</publisher>
<features_general>Single-player, Multiplayer, 480p, 16:9, Dolby 5.1 Surround</features_general>
<features_online>Max Player on System Link: 4-coop</features_online>
<esrb>M</esrb>
<esrb_descriptors>Blood, Language, Violence</esrb_descriptors>
<genre>Action, Shooter, Third-Person, Tactical</genre>
<release_date>04 Oct 2005</release_date>
<rating>6.2</rating>
<platform>Windows PC, PlayStation 2, Xbox</platform>
<exclusive>No</exclusive>
<titleid/>
<overview>In Conflict: Global Terror, you can try to recover a team member who has gone MIA at the hands of the terrorist organization March 33. You join a five man counter-terrorism team dispatched to stop the terrorists from creating a new world order. You can assume the role of any of the team members during a mission and use their unique abilities and weapons to fight the enemy. Global Terror adds improved physics, better AI, and an improved aiming system. </overview>
</synopsis>
