<synopsis>
<title>Metal Dungeon</title>
<developer>Panther Software</developer>
<publisher>Xicat Interactive</publisher>
<features_general>Single-player, 480p</features_general>
<features_online/>
<esrb>T</esrb>
<esrb_descriptors>Blood, Violence</esrb_descriptors>
<genre>Role-Playing, Action RPG </genre>
<release_date>06 Dec 2002</release_date>
<rating>4.4</rating>
<platform>Xbox</platform>
<exclusive>Yes</exclusive>
<titleid/>
<overview>In the futuristic world of Alansas, magic and technology are one. Plagued by war and famine, Alansas has become a post-apocalyptic playground. In the vast underground weapons complex of Force Valley, monstrous cyborg armies are created to wage war on the fields above. In a moment of folly, an experimental cyborg known as 'Magin', escapes and takes over the weapons laboratory and facility. Creating an army of enhanced weapon monsters, Magin entombs the Gods of magic, turning Force Valley into a Metal Dungeon. Now, a group of Cyborgs known as the Enforcers are enlisted to take back the facility, plunge into its depths and root out the evil that awaits. So gear up, level up, and get ready for a horror-filled, futuristic RPG adventure in the Metal Dungeon.</overview>
</synopsis>
