<synopsis>
<title>Leisure Suit Larry: Magna Cum Laude</title>
<developer>High Voltage Software</developer>
<publisher>Sierra Entertainment</publisher>
<features_general>Single-player</features_general>
<features_online/>
<esrb>M</esrb>
<esrb_descriptors>Mature Humor, Nudity, Strong Language, Strong Sexual Content, Use of Alcohol</esrb_descriptors>
<genre>Adventure, Third-Person</genre>
<release_date>05 Oct 2004</release_date>
<rating>6.2</rating>
<platform>Windows PC, PlayStation 2, Xbox</platform>
<exclusive>No</exclusive>
<titleid/>
<overview>When a TV dating show comes to campus, Larry Lovage, a typical college student, gets a chance for national exposure. If he can make any girl on campus swoon, he will become a campus legend. Follow Larry's exploits and misadventures as he attempts to develop relationships with female characters. Take a break from your conversations in a variety of minigames, including Quarters, Tapper, Trampoline, and Whack-a-mole. Leisure Suit Larry: Magna Cum Laude lets you explore 25 different locations around the college campus and adjoining parts of town. </overview>
</synopsis>
