<synopsis>
<sourcename>Cabelas Dangerous Hunts-B</sourcename>
<foldername>Cabelas Dangerous Hunts</foldername>
<title>Cabela's Dangerous Hunts</title>
<developer>Fun Labs</developer>
<publisher>Activision</publisher>
<features_general>Players 1, Dolby Digital</features_general>
<features_online/>
<esrb>T</esrb>
<esrb_descriptors>Blood, Violence</esrb_descriptors>
<genre>Action, Sports, Hunting Simulation</genre>
<release_date>11 Nov 2003</release_date>
<rating>8.7</rating>
<platform>Windows PC, PlayStation 2, Xbox</platform>
<exclusive>No</exclusive>
<titleid>41560019</titleid>
<overview>Cabela's® Dangerous Hunts™ delivers intense hunting action in exotic locations throughout the world. Encounter some of the world's most ferocious animals, such as Grizzlies, Leopards, Rhinos, and Cape Buffaloes in palm-sweating, heart-pounding hunting action. Equipped with authentic gear including rifles, handguns, crossbows, and knives, and scopes, you have everything you need to go against Mother Nature's fiercest creatures. You'll soon realize first-hand what every hunter fears most in terrifying "kill or be killed" hunting action.</overview>
</synopsis>
