<synopsis>
<sourcename>Amped Freestyle Snowboarding-T</sourcename>
<foldername>Amped Freestyle Snowboarding</foldername>
<title>Amped: Freestyle Snowboarding</title>
<developer>Indie Built</developer>
<publisher>Microsoft Game Studios</publisher>
<features_general>Players 1-4, Dolby Digital</features_general>
<features_online/>
<esrb>E</esrb>
<esrb_descriptors>Mild Lyrics</esrb_descriptors>
<genre>Sports, Alternative, Snowboarding</genre>
<release_date>19 Nov 2001</release_date>
<rating>7.8</rating>
<platform>Xbox</platform>
<exclusive>Yes</exclusive>
<titleid>4D530005</titleid>
<overview>Rip the ultimate line on wide-open, real mountains packed with challenges. Whether you hit the cliffs, grind fallen trees, jib the rainbow tree rail, or take the hidden paths, you decide where and how you go down. While you pull off insane tricks on rails, kickers, and half pipes, remember to pose for roaming photographers and camera crews. With enough exposure, you'll find your face on magazine covers and videos and even become an international media superstar.</overview>
</synopsis>
