<synopsis>
<title>Madden NFL 08</title>
<developer>EA Tiburon</developer>
<publisher>EA Sports</publisher>
<features_general>Single-player, Multiplayer, 480p, 720p, 1080i, Dolby Pro Logic II</features_general>
<features_online/>
<esrb>E</esrb>
<esrb_descriptors>No Descriptors</esrb_descriptors>
<genre>Sports, Traditional, Football, Sim</genre>
<release_date>14 Aug 2007</release_date>
<rating>7.6</rating>
<platform>GameCube, Macintosh, Windows PC, PlayStation 2, Xbox</platform>
<exclusive>No</exclusive>
<titleid/>
<overview>Feel what it's like to be a field general making key personnel decisions on both sides of the ball during the game's biggest moments in Madden NFL 08. Quickly identify your strongest players on the field before every snap then move them into position to make game-changing, momentum-altering plays. Play to your team's strengths by immediately reading your opponent's schemes and reacting to the action as soon as the ball is snapped.</overview>
</synopsis>
