<synopsis>
<sourcename>Final Fight X Streetwise-M</sourcename>
<foldername>Final Fight X Streetwise</foldername>
<title>Final Fight: Streetwise</title>
<developer>Secret Level</developer>
<publisher>Capcom</publisher>
<features_general>Players 1-2, Dolby Digital</features_general>
<features_online/>
<esrb>M</esrb>
<esrb_descriptors>Blood and Gore, Intense Violence, Sexual Themes, Strong Language, Use of Drugs and Alcohol</esrb_descriptors>
<genre>Action, Beat-'Em-Up</genre>
<release_date>28 Feb 2006</release_date>
<rating>4.2</rating>
<platform>PlayStation 2, Xbox</platform>
<exclusive>No</exclusive>
<titleid>43430013</titleid>
<overview>The long-running Final Fight series returns for another go with Final Fight: Streetwise. You can play as Kyle, the brother of Cody from the original series. When you find that Cody is in trouble, you must roam the streets of Metro City until the mystery is solved. Final Fight: Streetwise is a third-person game that stays true to its beat-'em-up roots but adds light role-playing elements and minigames to the fray as well. A respect system has been added so that your decisions affect how characters in the world react and relate to you.</overview>
</synopsis>
