<synopsis>
<sourcename>Enclave-T</sourcename>
<foldername>Enclave</foldername>
<title>Enclave</title>
<developer>Starbreeze</developer>
<publisher>Conspiracy Entertainment</publisher>
<features_general>Players 1, Dolby Digital</features_general>
<features_online/>
<esrb>M</esrb>
<esrb_descriptors>Blood, Violence</esrb_descriptors>
<genre>Action Adventure, Fantasy</genre>
<release_date>29 Jul 2002</release_date>
<rating>6.6</rating>
<platform>PlayStation 2, Xbox</platform>
<exclusive>Yes</exclusive>
<titleid>5655000E</titleid>
<overview>In the fantasy world of Enclave, a bottomless rift divides the people of the Celenheim and the Outlands. Skirmishes along the border have become more and more frequent and it's only a matter of time before these altercations turn into a full-scale war. Now you must choose whether to lead the desperate people of Celenheim and save them from destruction, or ally with the dark hordes of the Outlands and overrun the Enclave. Whatever you decision, get ready for intense medieval combat featuring different playable characters, five mighty end bosses, and dozens of weapons, objects, and magical items.</overview>
</synopsis>
