<synopsis>
<foldername>ConfigMagic-T</foldername>
<title>ConfigMagic v1.6.1</title>
<developer>Unknown</developer>
<publisher>Unknown</publisher>
<features_general>HDD Utility</features_general>
<features_online>None</features_online>
<esrb>Not Rated by ESRB</esrb>
<esrb_descriptors>Not Rated by ESRB</esrb_descriptors>
<genre>Application</genre>
<release_date>Unknown</release_date>
<rating>7.0</rating>
<platform>Modified Xbox</platform>
<exclusive>Yes</exclusive>
<titleid>00000000</titleid>
<overview>This is Rocky5's updated ConfigMagic that fixes a few of the niggles v1.6 final had and also added a new skin and features.</overview>
</synopsis>
