<synopsis>
<sourcename>Madden 2004-MB</sourcename>
<foldername>Madden 2004</foldername>
<title>Madden NFL 2004</title>
<developer>EA Tiburon</developer>
<publisher>EA Sports</publisher>
<features_general>Players 1-4, 480p, Custom Soundtracks, Dolby Digital</features_general>
<features_online/>
<esrb>E</esrb>
<esrb_descriptors>No Descriptors</esrb_descriptors>
<genre>Sports, Traditional, Football, Sim</genre>
<release_date>11 Aug 2003</release_date>
<rating>9.2</rating>
<platform>GameCube, Windows PC, PlayStation 2, PlayStation, Xbox</platform>
<exclusive>No</exclusive>
<titleid>45410036</titleid>
<overview>In its 14th season, Madden NFL Football isn't showing signs of slowing down. Madden NFL 2004 adds new features such as Playmaker Control and Owner Mode to it's deepen its football simulation. This year, players can make adjustments after the snap and create championship caliber plays with the easy-to-use Playmaker Control. The new Owner mode allows you build and manage your own stadium in addition to your own team. Compete against other players through EA Sports Online Tournaments. With new plays, modes, and online play, Madden NFL 2004 is the most complete, authentic installment in the series yet.</overview>
</synopsis>
