<synopsis>
<title>Championship Manager: Season 01/02 [EU]</title>
<developer>Sports Interactive</developer>
<publisher>Eidos Interactive</publisher>
<features_general>Single-player</features_general>
<features_online/>
<esrb>Not Rated by ESRB</esrb>
<esrb_descriptors>None</esrb_descriptors>
<genre>Sport, Soccer Management Simulator</genre>
<release_date>14 Apr 2002</release_date>
<rating>Not Rated</rating>
<platform>Xbox</platform>
<exclusive>No</exclusive>
<titleid/>
<overview>Championship Manager: Season 01/02 is a football management computer game in the Sports Interactive's Championship Manager series. It was released in October 2001 exclusively for PC and for Mac in November 2001. It was also later released on Xbox in April 2002. It was released as freeware in 2008.</overview>
</synopsis>
