<synopsis>
<title>Midway Arcade Treasures 3</title>
<developer>Midway Games</developer>
<publisher>Midway Games</publisher>
<features_general>Single-player, Multiplayer, 480p, Dolby 5.1 Surround</features_general>
<features_online>Scoreboard or DLC</features_online>
<esrb>E</esrb>
<esrb_descriptors>Cartoon Violence</esrb_descriptors>
<genre>Miscellaneous, Compilation </genre>
<release_date>26 Sep 2005</release_date>
<rating>6.8</rating>
<platform>GameCube, Windows PC, PlayStation 2, Xbox</platform>
<exclusive>No</exclusive>
<titleid/>
<overview>Relive eight of Midway's classic arcade games in Midway Arcade Treasures 3. The game includes both single-player and multiplayer action. You can post your high scores via Xbox Live to see if you measure up to the best in the world. The games include: Badlands, Hydro Thunder, Off Road Thunder: Mud, Sweat, N' Gears, Race Drivin', San Francisco Rush The Rock: Alcatraz Edition, San Francisco Rush 2049, S.T.U.N. Runner, and Super Off Road with the Bonus Tracks Pack.</overview>
</synopsis>
