<synopsis>
<sourcename>Break Nine Billiards (JPN)-MB</sourcename>
<foldername>Break Nine Billiards (JPN)</foldername>
<title>Break Nine: World Billiards Tournament</title>
<developer>ASK</developer>
<publisher>ASK</publisher>
<features_general>Players 1-2</features_general>
<features_online/>
<esrb>Not Rated by ESRB</esrb>
<esrb_descriptors>No Descriptors</esrb_descriptors>
<genre>Sports, Billiards</genre>
<release_date>25 Jul 2002</release_date>
<rating>No Rating</rating>
<platform>Xbox</platform>
<exclusive>Yes</exclusive>
<titleid>41530001</titleid>
<overview>World Billiards Tournament: Break Nine is a Sports game, developed and published by ASK, which was released in Japan in 2002.</overview>
</synopsis>
