<synopsis>
<foldername>Playstation</foldername>
<title>Playstation</title>
<developer>Sony Computer Entertainment</developer>
<publisher>Sony Computer Entertainment</publisher>
<features_general>Joypad</features_general>
<features_online>N/A</features_online>
<esrb>Not Rated</esrb>
<esrb_descriptors>Not Rated</esrb_descriptors>
<genre>Video Games</genre>
<release_date>09 Sep 1995</release_date>
<rating>9.0</rating>
<platform>Home Video Game Console</platform>
<exclusive>N/A</exclusive>
<titleid>N/A</titleid>
<overview>The PlayStation (officially abbreviated as PS and commonly known as the PS1 or its codename PSX) is a home video game console developed and marketed by Sony Computer Entertainment. It was first released on 3 December 1994 in Japan, on 9 September 1995 in North America, on 29 September 1995 in Europe, and on 15 November 1995 in Australia, and was the first of the PlayStation lineup of video game consoles. As a fifth generation console, the PlayStation primarily competed with the Nintendo 64 and the Sega Saturn. The PlayStation was the first "computer entertainment platform" to ship over 100 million units, which it had reached nine years after its initial launch. In July 2000, a redesigned, slim version called the PS one was released, replacing the original grey console and named appropriately to avoid confusion with its successor, the PlayStation 2. The PlayStation's success was partially due to Sony's approach to third party developers. While Sega and Nintendo took an isolationist approach, focusing primarily on first party development while generally ignoring the concerns of third party developers, Sony streamlined game production by providing a range of online programming libraries that were constantly updated. They also organised third party technical support teams, and in some cases gave direct development support to third parties. At the close of 1996, approximately 400 games were being developed for the PlayStation, compared to approximately 200 and 60 games being developed for the Saturn and the Nintendo 64 respectively. While the Sega Saturn was marketed towards 18 to 34 year-olds, the PlayStation was marketed roughly, but not exclusively, towards 12 to 24 year-olds. Both Sony and Sega reasoned that because younger players typically look up to older, more experienced players, advertising targeted at teens and adults would draw them in too. Additionally, Sony found that adults react best to advertising geared towards teenagers; according to Lee Clow, "One of the first things we resolved early on was that everyone is 17 when they play video games. The young people look up to the best gamer who is usually a little older and more practiced and talented. Then there are people who start working and grow up, but when they go into their room and sit down with their video games, they're regressing and becoming 17 again." Initially, PlayStation demographics were skewed towards adults, but the audience broadened after the first price drop. The inception of what would become the released PlayStation dates back to 1986 with a joint venture between Nintendo and Sony. Nintendo had already produced floppy disk technology to complement cartridges, in the form of the Family Computer Disk System, and wanted to continue this complementary storage strategy for the Super Famicom. Nintendo approached Sony to develop a CD-ROM add-on, tentatively titled the "Play Station" or "SNES-CD".</overview>
</synopsis>
