<synopsis>
<sourcename>FIFA World Cup 2002-T</sourcename>
<foldername>FIFA World Cup 2002</foldername>
<title>2002 FIFA World Cup</title>
<developer>EA Sports</developer>
<publisher>EA Sports</publisher>
<features_general>Players 1-4, Dolby Digital</features_general>
<features_online/>
<esrb>E</esrb>
<esrb_descriptors>No Descriptors</esrb_descriptors>
<genre>Sports, Traditional, Soccer, Sim</genre>
<release_date>22 Apr 2002</release_date>
<rating>7.9</rating>
<platform>GameCube, Windows PC, PlayStation 2, PlayStation, Xbox</platform>
<exclusive>No</exclusive>
<titleid>4541000B</titleid>
<overview>Kick off the FIFA World Cup season with 2002 FIFA World Cup, which captures every moment of glory, every emotion, and every sound of the global event. The game boasts licenses from the official FIFA World Cup, insignia, mascots, and the 20 new World Cup stadiums in Japan and Korea. Another enhancement includes Air Play, a new control scheme that delivers intuitive one-button headers, volleys, scissors kicks, juggling, and more. Choose your team and then compete in a seven-game series beginning with round-robin play, followed by playoffs that lead to the final match.</overview>
</synopsis>
