<synopsis>
<sourcename>Xstreetsofrageupdate1-MB</sourcename>
<foldername>Xstreetsofrageupdate1</foldername>
<title>Streets of Rage Remake</title>
<developer>BoMbErLiNk (Ported by A600)</developer>
<publisher>Homebrew</publisher>
<features_general>Single-player, Multiplayer</features_general>
<features_online>None</features_online>
<esrb>Not Rated</esrb>
<esrb_descriptors>Not Rated</esrb_descriptors>
<genre>Beat'em up</genre>
<release_date>Mid 2000's</release_date>
<rating>8.5</rating>
<platform>Xbox, Windows</platform>
<exclusive>No</exclusive>
<titleid>HBI64014</titleid>
<overview>Streets of Rage Remake is a tribute to the entire saga of the Sega Megadrive/Genesis series. It is a side-scrolling beat 'em up, centering on the efforts of several heroes trying to rid a city from the rule of a crime syndicate. The original trilogy of games were developed and published by Sega for the Sega Genesis in the 1990s, and have since been ported and re-released on various platforms and now for the first time on the Original Xbox. It started as a private project by BoMbErLiNk (creator and developer of the game) on March 17 2003. Over twenty contributors have worked on the project, both designers and musicians.</overview>
</synopsis>
