<synopsis>
<title>Gotcha[EU]</title>
<developer>Sixteen Tons Entertainment</developer>
<publisher>Global Star Software</publisher>
<features_general>Single-player, Multiplayer</features_general>
<features_online/>
<esrb>Not Rated by ESRB</esrb>
<esrb_descriptors>None</esrb_descriptors>
<genre>First-person shooter, Sport, Paintballing</genre>
<release_date>30 Jul 2004</release_date>
<rating>Not Rated</rating>
<platform>Xbox</platform>
<exclusive>Yes</exclusive>
<titleid/>
<overview>Gotcha is a non violent first person ego shooter. The scenario is you and your team are playing Gotcha (a.k.a. Paintball). You can play in a league with 28 teams and compete in 17 different locations. There are 12 different markers and also colored grenades you can use and equip you team with. Multiplayer modes include (Team-) Deathmatch, Capture the Flag, Flag Elimination, Team Elimination, Last Man Standing, and (Team-) Kill the King.</overview>
</synopsis>
