<synopsis>
<sourcename>Petit Copter (JPN)-B</sourcename>
<foldername>Petit Copter (JPN)</foldername>
<title>Petite Copter</title>
<developer>Aqua Systems</developer>
<publisher>Aqua Systems</publisher>
<features_general>Players 1</features_general>
<features_online/>
<esrb>Not Rated by ESRB</esrb>
<esrb_descriptors>No Descriptors</esrb_descriptors>
<genre>Remote controlled Helicopter Simulator, Flight</genre>
<release_date>30 May 2002</release_date>
<rating>No Rating</rating>
<platform>Windows PC, PlayStation 2, Xbox</platform>
<exclusive>No</exclusive>
<titleid>41510001</titleid>
<overview>Petit Copter is a remote-control simulation video game for the PlayStation 2, Xbox and PC that involves piloting a helicopter. GameCube and PlayStation Portable versions were planned, but were cancelled.</overview>
</synopsis>
