<synopsis>
<sourcename>Ghost Recon Island Thunder-MB</sourcename>
<foldername>Ghost Recon Island Thunder</foldername>
<title>Tom Clancy's Ghost Recon: Island Thunder</title>
<developer>Red Storm Entertainment</developer>
<publisher>Ubisoft</publisher>
<features_general>Players 1-2, Dolby Digital</features_general>
<features_online>System Link 1-16, DLC</features_online>
<esrb>M</esrb>
<esrb_descriptors>Blood and Gore, Violence</esrb_descriptors>
<genre>Action, Shooter, First-Person, Tactical</genre>
<release_date>01 Aug 2003</release_date>
<rating>8.1</rating>
<platform>Windows PC, PlayStation 2, Xbox</platform>
<exclusive>No</exclusive>
<titleid>55530007</titleid>
<overview>Ghost Recon just got an all-new jungle warfare experience. In Tom Clancy's Ghost Recon: Island Thunder, you lead an elite team of U.S. Army Green Berets in a mission to stop a drug-funded warlord from sabotaging Cuba's free elections. Island Thunder takes you deep into the heart of Cuba with eight missions, plus five desert missions you can download via Xbox Live. Compete in 12 expansive maps against your friends on split-screen multiplayer, system link, and enhanced Xbox Live play.</overview>
</synopsis>
