<synopsis>
<sourcename>Greg Hastings Tournament Paintball Max'd-T</sourcename>
<foldername>Greg Hastings Tournament Paintball Max'd</foldername>
<title>Greg Hastings' Tournament Paintball Max'd</title>
<developer>WXP</developer>
<publisher>Activision</publisher>
<features_general>Players 1, 480p, Custom Soundtracks, Dolby Digital</features_general>
<features_online>System Link</features_online>
<esrb>E</esrb>
<esrb_descriptors>Mild Lyrics, Mild Violence</esrb_descriptors>
<genre>Action, Shooter, First-Person, Tactical</genre>
<release_date>18 Oct 2005</release_date>
<rating>6.9</rating>
<platform>GBA, GameCube, Nintendo DS, Online, PlayStation 2, PSP, Xbox</platform>
<exclusive>No</exclusive>
<titleid>41560057</titleid>
<overview>Build Your Field - Design and play your own custom fields with the Field Editor. Selecting from three field sizes, thirty-seven different object/bunker types, and ten object textures/skins just gets you started. Now feature yourself in your own MAX'D world by placing your bunkers in an almost infinite number of positions and layouts on the field. You're the MAX'D designer, and the field is your gaming universe. Take the opportunity to angle your bunkers using the Rotate feature, tap the Mirror feature for the quick ability to add bunker symmetry to both sides of the field, and use the Size Editor to bring each bunker to your desired scale. Ready to pimp it to the world? Upload your custom fields on Xbox LIVE to stake your reputation as an online field designer. Control Your Team - Mastermind your teammates' movements at the start of the game with the ground-breaking FPS feature - Breakout Manager. You can direct your AI teammates to break for specific bunkers, select teammates to ether run or shoot, and identify the critical Sweet Spot for your Break Shooters to target the other team and take them out early. Split Screen and Co-Op - Play up to four players on the same Xbox. Career Mode Co-Op lets you join with friends to bust up the pros. Or make them bow to your skills first-hand by taking them on head-to-head.</overview>
</synopsis>
