<synopsis>
<title>FIFA 07 Soccer</title>
<developer>EA Canada</developer>
<publisher>EA Games</publisher>
<features_general>Single-player, Multiplayer, 480p, 720p, 16:9, Dolby 5.1 Surround</features_general>
<features_online/>
<esrb>E</esrb>
<esrb_descriptors>No Descriptors</esrb_descriptors>
<genre>Sports, Soccer</genre>
<release_date>03 Oct 2006</release_date>
<rating>8.5</rating>
<platform>GameCube, Macintosh, Windows PC, PlayStation 2, Xbox</platform>
<exclusive>No</exclusive>
<titleid/>
<overview>FIFA 07 delivers complete authenticity with licenses for all the world's top leagues, including MLS and Mexican 1st Division in North America, and 26 others from over 20 nations. This year, you have the power to shape your club's destiny in the EA Sports Interactive Leagues, a new online mode that enables you to pit your club against supporters of your real-world opponents. The online interactive leagues feature the F.A. Premier League, Bundesliga, French League and the Mexican 1st Division. Experience the future of online gaming as you play your games according to the real-world schedule. When they play, you play. Track your team's progress as the aggregate results determine your club's position in the league table. This year, new intelligent A.I. ensures that your 11 men on the pitch make realistic decisions, finding space and passing like professionals. A complete overhaul of the game engine now means that you have to employ real world tactics, make split-second decisions and think like a player in order to win matches. Watch as your players jostle and collide realistically while trying to win balls. Experience the realism of the world's superstars, who come to life with signature moves and authentic playing styles and a more sophisticated shooting mechanic that gives you greater control to produce finesse shots. Plus you now have the ability to apply topspin or backspin to the ball for more creative set-pieces.</overview>
</synopsis>
