<synopsis>
<sourcename>Destroy all humans 2-T</sourcename>
<foldername>Destroy all humans 2</foldername>
<title>Destroy All Humans 2</title>
<developer>Pandemic Studios</developer>
<publisher>THQ</publisher>
<features_general>Players 1-2, 480p, Dolby Digital</features_general>
<features_online/>
<esrb>T</esrb>
<esrb_descriptors>Crude Humor, Sexual Themes, Strong Language, Violence</esrb_descriptors>
<genre>Action Adventure, Sci-Fi</genre>
<release_date>17 Oct 2006</release_date>
<rating>7.4</rating>
<platform>PlayStation 2, Xbox</platform>
<exclusive>No</exclusive>
<titleid>54510106</titleid>
<overview>Destroy All Humans 2 Players have access to an upgraded arsenal of weapons and enhanced mental abilities while they battle a variety of new enemies from secret agents and giant creatures to Soviet Forces and ninja warriors.</overview>
</synopsis>
