<synopsis>
<sourcename>Thousand Land (JPN)-M</sourcename>
<foldername>Thousand Land (JPN)</foldername>
<title>Thousand Land</title>
<developer>From Software</developer>
<publisher>From Software</publisher>
<features_general>Players 1</features_general>
<features_online/>
<esrb>Not Rated by ESRB</esrb>
<esrb_descriptors>No Descriptors</esrb_descriptors>
<genre/>
<release_date>20 Mar 2003</release_date>
<rating>No Rating</rating>
<platform>Xbox</platform>
<exclusive/>
<titleid>46530003</titleid>
<overview>In Thousand Land, you can build your own Geo map, and then challenge your friends in real-time battle. Win matches to earn special items and move up the rankings.</overview>
</synopsis>
