<synopsis>
<sourcename>Hummer Badlands-T</sourcename>
<foldername>Hummer Badlands</foldername>
<title>Hummer Badlands</title>
<developer>Eutechnyx</developer>
<publisher>2K Games</publisher>
<features_general>Players 1-2, 480p, Wheel, Dolby Digital</features_general>
<features_online/>
<esrb>E</esrb>
<esrb_descriptors>No Descriptors</esrb_descriptors>
<genre>Driving, Racing, Rally / Offroad</genre>
<release_date>14 Apr 2006</release_date>
<rating>4.4</rating>
<platform>PlayStation 2, Xbox</platform>
<exclusive>No</exclusive>
<titleid>5454009C</titleid>
<overview>Swap paint like never before as you drive every Hummer vehicle available, customized with incredible add-ons Features include being able to drive every Hummer available, multiple game modes, racing on or off-road, as well as many others for hours of enjoyment.</overview>
</synopsis>
