<synopsis>
<title>Fable</title>
<developer>Lionhead Studios</developer>
<publisher>Microsoft Game Studios</publisher>
<features_general>Single-player, 480p, 16:9, Dolby 5.1 Surround</features_general>
<features_online/>
<esrb>M</esrb>
<esrb_descriptors>Blood, Sexual Themes, Strong Language, Violence</esrb_descriptors>
<genre>Role-Playing, Action RPG</genre>
<release_date>14 Sep 2004</release_date>
<rating>8.5</rating>
<platform>Xbox, Xbox 360</platform>
<exclusive>Yes</exclusive>
<titleid/>
<overview>In Fable, every action determines your skill, appearance, and reputation. From childhood to death, you'll age and evolve a hero or villain through the actions you choose and the path you follow--be it good, evil, or in between. Your muscles expand with each feat of strength; your body becomes fatter with gluttony; your skin tans with exposure to sunlight; and your battle wounds turn into scars. Competitive and cooperative heroes, deadly creatures, dynamic weather systems, and deformable environments all exist in the ever-changing land of Fable. </overview>
</synopsis>
