<synopsis>
<sourcename>Maximum Chase-T</sourcename>
<foldername>Maximum Chase</foldername>
<title>Maximum Chase</title>
<developer>Genki</developer>
<publisher>Majesco</publisher>
<features_general>Players 1, Dolby Digital</features_general>
<features_online/>
<esrb>T</esrb>
<esrb_descriptors>Strong Language, Violence</esrb_descriptors>
<genre>Driving, Mission-based</genre>
<release_date>06 Nov 2003</release_date>
<rating>5.6</rating>
<platform>Xbox</platform>
<exclusive>Yes</exclusive>
<titleid>4D53002E</titleid>
<overview>The chase is on as gangsters pursue you through the streets and into the desert. In Maximum Chase, you are LA cop Rick Summer, who begins to uncover a sinister plot to destroy Los Angeles. As you move closer to the truth, you'll find yourself outrunning the police and enemies, shooting out the tires of pursuers, and taking down enemy helicopters. Thankfully, you'll have multiple weapons and vehicles to choose from. Combine driving and shooting to push through 10 levels on the traffic-snarled streets of Los Angeles.</overview>
</synopsis>
