<synopsis>
<title>Monster 4X4: World Circuit</title>
<developer>Ubisoft</developer>
<publisher>Ubisoft</publisher>
<features_general>Single-player, Multiplayer, 480p</features_general>
<features_online/>
<esrb>E</esrb>
<esrb_descriptors>Violence</esrb_descriptors>
<genre>Driving, Racing, Rally / Offroad </genre>
<release_date>23 Mar 2006</release_date>
<rating>4.7</rating>
<platform>PlayStation 2, Wii, Xbox</platform>
<exclusive>No</exclusive>
<titleid/>
<overview>Monster 4x4 World Circuit lets players control the world's most powerful trucks and go head-to-head in pulse-pounding off-road competitions all over the world. Whether you're grinding through the desert of Egypt, crunching up snowy mountains in Russia, or smashing up trees in California to make the ride a little bumpier for the guy behind you, keep your eyes on the prize: The cash you earn on the circuit goes to customize your trucks and build up your ultimate Monster machine. Personalize your truck's appearance with sweet paint jobs and decals and soup up its performance by maxing out its speed, jumping and destruction capabilities. Win races, unleash spectacular stunts and jumps, and demolish everything in sight to win cash and upgrade your Monster truck to the ultimate stomping machine. Tear through 40 Monster events in the hairiest off-road circuits your tires have ever seen. Smoke the competition as you blaze through exciting new locations all over the world, such as Egypt, Moscow, Barcelona, San Francisco, South Dakota and more. Master your tricks in Quick Race mode as you taste all of the thrills, spills, twists and rolls of Monster Truck racing. Then turn up the heat in Single Race or Monster League Championship mode and leave your opponents choking. Demolish friends in four-player split-screen races or crush their hopes of domination in four intense new mini-games.</overview>
</synopsis>
