<synopsis>
<sourcename>Triangle Again (JPN)-B</sourcename>
<foldername>Triangle Again (JPN)</foldername>
<title>Triangle Again</title>
<developer>Kiki Co.</developer>
<publisher>MIG Records</publisher>
<features_general>Players 1, Dolby Digital</features_general>
<features_online/>
<esrb>Not Rated by ESRB</esrb>
<esrb_descriptors>No Descriptors</esrb_descriptors>
<genre/>
<release_date>27 Jun 2002</release_date>
<rating>No Rating</rating>
<platform>Xbox</platform>
<exclusive/>
<titleid>4B4B0001</titleid>
<overview>Triangle Again is an Adventure game, developed and published by Production I.G., which was released in Japan in 2002.</overview>
</synopsis>
