<synopsis>
<title>Guilty Gear Isuka[1]</title>
<developer>Sammy</developer>
<publisher>Sammy</publisher>
<features_general>Single-player</features_general>
<features_online/>
<esrb>T</esrb>
<esrb_descriptors>Suggestive Themes, Violence</esrb_descriptors>
<genre>Action, Fighting, 2D </genre>
<release_date>17 Jan 2006</release_date>
<rating>6.6</rating>
<platform>Windows PC, PlayStation 2, Xbox</platform>
<exclusive>No</exclusive>
<titleid/>
<overview>Guilty Gear Isuka introduces new characters, new arenas, and several new franchise firsts. Now, four players can brawl in two-on-two fighting or cooperatively against the computer AI. A new mode lets you customize your own character's appearance, moves, and combos with points earned during matches. Guilty Gear Isuka also features three new characters, all-new arenas, and a side-scrolling Action Game mode. Prove that you're skilled enough to win the tournament, and save humans from the Gear threat.</overview>
</synopsis>
