<synopsis>
<sourcename>Shikigami no Shiro II (JPN)-B</sourcename>
<foldername>Shikigami no Shiro II (JPN)</foldername>
<title>Shikigami no Shiro II</title>
<developer>Alfa System</developer>
<publisher>MediaQuest</publisher>
<features_general>Players 1-2</features_general>
<features_online/>
<esrb>Not Rated by ESRB</esrb>
<esrb_descriptors>No Descriptors</esrb_descriptors>
<genre>Scrolling Shooter</genre>
<release_date>15 Apr 2004</release_date>
<rating>No Rating</rating>
<platform>Arcade, Windows PC, PlayStation 2, Xbox</platform>
<exclusive>No</exclusive>
<titleid>4B490002</titleid>
<overview>Castle Shikigami 2 (Shikigami no Shiro II) is a vertical scrolling shooter arcade game developed by Alfa System for the Sega NAOMI arcade system board.[8] It was subsequently ported in Japan to the Nintendo GameCube, and then later to Dreamcast, PlayStation 2, Xbox and Windows PCs. The game was released in North America on the PlayStation 2 by XS Games as Castle Shikigami 2, and in Europe as Castle Shikigami 2: War of the Worlds. XS Games also published the first game in the series in North America and Europe, but under the name of Mobile Light Force 2.</overview>
</synopsis>
