<synopsis>
<sourcename>Fantastic Four-T</sourcename>
<foldername>Fantastic Four</foldername>
<title>Fantastic 4</title>
<developer>7 Studios</developer>
<publisher>Activision</publisher>
<features_general>Players 1-2, 480p, Dolby Digital</features_general>
<features_online/>
<esrb>T</esrb>
<esrb_descriptors>Mild Language, Violence</esrb_descriptors>
<genre>Action, Beat-'Em-Up</genre>
<release_date>27 Jun 2005</release_date>
<rating>6.2</rating>
<platform>GameCube, Windows PC, PlayStation 2, Xbox</platform>
<exclusive>No</exclusive>
<titleid>4156001A</titleid>
<overview>Based on the 2005 movie of the same name, Fantastic Four lets you control the team of superheroes known as the Fantastic 4. Each character possesses a unique set of abilities that you can use and combine in the hunt for Doctor Doom. The game includes single-player, cooperative, and two-player versus modes.</overview>
</synopsis>
