<synopsis>
<title>Cabela's Deer Hunt: 2005 Season</title>
<developer>Fun Labs</developer>
<publisher>Activision</publisher>
<features_general>Single-player, 480p, Dolby 5.1 Surround</features_general>
<features_online>Online</features_online>
<esrb>T</esrb>
<esrb_descriptors>Blood, Violence</esrb_descriptors>
<genre>Action, Sports, Hunting Simulation</genre>
<release_date>31 Aug 2004</release_date>
<rating>5.9</rating>
<platform>PlayStation 2, Xbox</platform>
<exclusive>No</exclusive>
<titleid/>
<overview>This year's installment in Cabela's Deer Hunt series offers a new adventure with 18 action-packed missions, numerous deer models, private game ranches, authentic Cabela's gear, and four vehicle types. Now you can hunt nine different deer species, including exotic and rare deer, in 27This year's installment in Cabela's Deer Hunt series offers a new adventure with 18 action-packed missions, numerous deer models, private game ranches, authentic Cabela's gear, and four vehicle types. Now you can hunt nine different deer species, including exotic and rare deer, in 27 expansive areas across North America. Also, for the first time in the Cabela's Deer Hunt series, you can participate in trap, skeet, and sporting-clay shooting events. Before you head out for the hunt, be sure to equip yourself with any combination of Cabela's equipment.</overview>
</synopsis>
