<synopsis>
<sourcename>Shin Megami Tensei - NINE (JPN)-T</sourcename>
<foldername>Shin Megami Tensei - NINE (JPN)</foldername>
<title>Shin Megami Tensei Nine</title>
<developer>Next Entertainment</developer>
<publisher>Atlus</publisher>
<features_general>Players 1</features_general>
<features_online/>
<esrb>Not Rated by ESRB</esrb>
<esrb_descriptors>No Descriptors</esrb_descriptors>
<genre>Third-person, Turn based</genre>
<release_date>05 Dec 2002</release_date>
<rating>No Rating</rating>
<platform>Xbox</platform>
<exclusive>Yes</exclusive>
<titleid>41540002</titleid>
<overview>This is not the ninth Shin Megami Tensei game; "nine" is the number of character attributes and alignments used in the game: Law, Chaos, Light, Dark, Neutral, and their variants. The game is set in the future. Tokyo, Japan's capital, was destroyed in a nuclear explosion early in the 21th century. But some years later the Tokyo of the nineties was digitally recreated. People live in a virtual world, and everything is ruled by computer programs. But some programs don't work correctly, and one day, a pop concert is disrupted by a terrible demonic vision. A special agency recruits the hero of the game, Kei (which can be either female or male, depending on your choice), to travel through the virtual world and to confront the hackers who might pull the strings behind the scene.</overview>
</synopsis>
