<synopsis>
<foldername>Zelda Time to Triumph</foldername>
<title>Zelda Time to Triumph</title>
<developer>Vincent Jouillat (Ported by Neobomb)</developer>
<publisher>Homebrew</publisher>
<features_general>Single-player</features_general>
<features_online>None</features_online>
<esrb>Not Rated</esrb>
<esrb_descriptors>Not Rated</esrb_descriptors>
<genre>Adventure</genre>
<release_date>Mid 2000's</release_date>
<rating>7.5</rating>
<platform>Xbox, Windows</platform>
<exclusive>No</exclusive>
<titleid>0</titleid>
<overview>After the events that occured in Termina and the victory of the hero on his evil alter-ego, Zelda and Link knew that, from the bottom of hell, Ganon the immortal drawed his power from his wish to the Triforce, and rounded up his army with a view to invade Hyrule. Until the day when, after months spent watching out for an attack, an event came up and put an end to this endless waiting.</overview>
</synopsis>
