<synopsis>
<sourcename>Futurama-T</sourcename>
<foldername>Futurama</foldername>
<title>Futurama</title>
<developer>Unique Development Studios</developer>
<publisher>VU Games, Fox Interactive</publisher>
<features_general>Players 1</features_general>
<features_online/>
<esrb>T</esrb>
<esrb_descriptors>Comic Mischief, Suggestive Themes, Violence</esrb_descriptors>
<genre>Action, Platformer, 3D</genre>
<release_date>13 Aug 2003</release_date>
<rating>5.8</rating>
<platform>GameCube, PlayStation, Xbox</platform>
<exclusive>No</exclusive>
<titleid>46490002</titleid>
<overview>Futurama begins when Professor Farnsworth sells his delivery ship to Mom, an evil businesswoman, giving her ownership of more than 50 percent of Earth. Now, with Mom threatening to enslave humanity, it's up to you to travel back in time to stop the deal from taking place. You can play as Fry, Bender, Leela, and Dr. Zoidberg, each with unique fighting skills and weapons. With each character, you must master their power-ups and complete their tasks to emerge victorious against Mom and her death bot troopers. Includes an episode of Futurama exclusive to the game.</overview>
</synopsis>
