<synopsis>
<sourcename>Mame-T</sourcename>
<foldername>MAME</foldername>
<title>MAME</title>
<developer>Nicola Salmoria</developer>
<publisher>N/A</publisher>
<features_general>N/A</features_general>
<features_online>N/A</features_online>
<esrb>Not Rated</esrb>
<esrb_descriptors>Not Rated</esrb_descriptors>
<genre>Video Games</genre>
<release_date>05 Feb 1997</release_date>
<rating>9</rating>
<platform>Arcade</platform>
<exclusive>N/A</exclusive>
<titleid>N/A</titleid>
<overview>MAME (an acronym for Multiple Arcade Machine Emulator) is a multi-platform, open-source, multi-system emulator written in C++. The philosophy behind the project is to recreate the workings of machines through emulation, and thus the ability to actually play the games is "a nice side effect". MAME is incredibly large, supporting thousands of machines and ROM sets, though what is supported is not what's playable; your mileage may vary. In the event you don't like MAME's own interface, there are many alternative front-ends available. Much like the name says, MAME was supposed to be for arcade machines like Pac-Man back when it was released in 1997. A similar project called MESS was made to do essentially the same thing for home consoles and other esoteric devices that never got emulated, but it has since been merged into MAME by the end of May 2015 in version 0.162, and now it supports a whole lot more than arcade machines.</overview>
</synopsis>
