<synopsis>
<sourcename>Dungeons and Dragons Heroes-M</sourcename>
<foldername>Dungeons and Dragons Heroes</foldername>
<title>Dungeons and Dragons: Heroes</title>
<developer>Atari</developer>
<publisher>Atari</publisher>
<features_general>Players 1-4, 480p, 720p, Dolby Digital</features_general>
<features_online/>
<esrb>T</esrb>
<esrb_descriptors>Blood and Gore, Violence</esrb_descriptors>
<genre>Role-Playing, Action RPG</genre>
<release_date>17 Sep 2003</release_date>
<rating>7.2</rating>
<platform>GameCube, PlayStation 2, Xbox</platform>
<exclusive>Yes</exclusive>
<titleid>49470013</titleid>
<overview>Dungeons and Dragons Heroes is the first Dungeons and Dragons-branded experience created for the Xbox. Built from the ground up, this action RPG takes you on journey through a world filled with magic and monsters, treasures and traps, and good and evil. Your perilous quests take you through alternate planes of existence with dungeons and gemstones. Improve your skills as one of four distinct characters: Fighter, Wizard, Cleric, or Thief. The game offers both single-player or cooperative multiplayer gameplay with up to four players. Dungeons and Dragons Heroes gives you a chance to taste victory as only a true hero can.</overview>
</synopsis>
