<synopsis>
<title>Jade Empire</title>
<developer>BioWare</developer>
<publisher>Microsoft Game Studios</publisher>
<features_general>Single-player, 480p, Dolby 5.1 Surround</features_general>
<features_online/>
<esrb>M</esrb>
<esrb_descriptors>Blood and Gore, Violence</esrb_descriptors>
<genre>Role-Playing, Action RPG</genre>
<release_date>12 Apr 2004</release_date>
<rating>8.9</rating>
<platform>Xbox, Xbox 360</platform>
<exclusive>Yes</exclusive>
<titleid/>
<overview>Set in an ancient world inspired by mythical China, Jade Empire lets you train under your master's watchful eye as you learn powerful martial arts and mystical powers. When danger threatens, you'll travel across the world, from the harsh mountains of the Land of Howling Spirits to the lush gardens of the Imperial City. In your adventures, you must face powerful human and supernatural foes, learn the exotic and magical martial arts, and discover the darkest secrets of the world. Practice the greatest fighting styles and defeat the most powerful enemies to become a master of martial arts.</overview>
</synopsis>
