<synopsis>
<sourcename>Alias-B</sourcename>
<foldername>Alias</foldername>
<title>Alias</title>
<developer>Acclaim</developer>
<publisher>Acclaim</publisher>
<features_general>Players 1, Dolby Digital</features_general>
<features_online/>
<esrb>T</esrb>
<esrb_descriptors>Violence</esrb_descriptors>
<genre>Action-adventure</genre>
<release_date>05 Apr 2004</release_date>
<rating>6.4</rating>
<platform>Windows PC, PlayStation 2, Xbox</platform>
<exclusive>No</exclusive>
<titleid>41430016</titleid>
<overview>Alias is a third-person action adventure containing a unique blend of action and stealth that puts you under fire and under pressure. Whether you're up against the clock or being hunted by the enemy, fighting against the odds, or fleeing for your life, the action is relentless. Utilize your incredible spyware, deadly moves, and array of disguises to complete the most dangerous covert missions across the globe. All the heart-stopping action and tension of the TV series is now under your control.</overview>
</synopsis>
