<synopsis>
<sourcename>The Wild Rings (JPN)-MT</sourcename>
<foldername>The Wild Rings (JPN)</foldername>
<title>The Wild Rings</title>
<developer>Microsoft Game Studios</developer>
<publisher>Microsoft Game Studios</publisher>
<features_general>Players 1-4, 480p, Dolby Digital</features_general>
<features_online/>
<esrb>Not Rated by ESRB</esrb>
<esrb_descriptors>No Descriptors</esrb_descriptors>
<genre>Wrestling, Fighting</genre>
<release_date>10 Apr 2003</release_date>
<rating>No Rating</rating>
<platform>Xbox</platform>
<exclusive>Yes</exclusive>
<titleid>4D530048</titleid>
<overview>Microsoft in 2002 at TGS announced a lineup of titles ranging from Jockeys Road to True Fantasy Live Online...One of the most anticipated, but overlooked games was The Wild Rings. The Wild Rings is a Mixed Martial Arts/ Pro Wrestling game that was set for release in 2003. The Wild Rings was Microsofts first attempt at a good MMA/ Wrestling game for the Xbox...did it succeed? Honestly given the game another month or two to maybe deepen the gameplay more than it is...Microsoft would have had a Perfect Game on their hands.</overview>
</synopsis>
