<synopsis>
<sourcename>Madden 2007-B</sourcename>
<foldername>Madden 2007</foldername>
<title>Madden NFL 07</title>
<developer>EA Tiburon</developer>
<publisher>EA Sports</publisher>
<features_general>Players 1-4, 480p, Custom Soundtracks, Dolby Digital</features_general>
<features_online>DLC</features_online>
<esrb>E</esrb>
<esrb_descriptors>No Descriptors</esrb_descriptors>
<genre>Sports, Traditional, Football, Sim</genre>
<release_date>22 Aug 2006</release_date>
<rating>8.3</rating>
<platform>GameCube, Macintosh, Windows PC, PlayStation 2, Xbox</platform>
<exclusive>No</exclusive>
<titleid>4541009F</titleid>
<overview>With the exclusive video game license of the NFL and its players, and currently in its 17th installment, Madden NFL 07 puts you in control the running game like never before. For the first time ever, step up as the lead blocker to create a hole, and then take control of the tailback and smash through, overpower, or slash away from would-be tacklers as you fight for every yard. Innovative rushing controls give you a game-breaking ground attack featuring all-new jukes, cutbacks, and the distinct running styles of your favorite backs.</overview>
</synopsis>
