<synopsis>
<title>America's Army: Rise of a Soldier</title>
<developer>Secret Level</developer>
<publisher>Ubisoft</publisher>
<features_general>Single-player, co-op Multiplayer, Dolby 5.1 Surround</features_general>
<features_online/>
<esrb>T</esrb>
<esrb_descriptors>Blood, Violence</esrb_descriptors>
<genre>Action, Shooter, First-Person, Tactical</genre>
<release_date>17 Nov 2005</release_date>
<rating>7</rating>
<platform>PlayStation 2, Xbox</platform>
<exclusive>Yes</exclusive>
<titleid/>
<overview>America's Army: Rise of a Soldier is the Xbox version of the tactical first-person shooter developed in conjunction with the US Army. You can create a soldier and advance him or her through an army career from recruit to leader of a Special Forces team. America's Army: Rise of a Soldier also includes online multiplayer, so you can battle up to 16 players over the Internet.</overview>
</synopsis>
