<synopsis>
<sourcename>Takahashi Junko no Mah-jong Seminar (JPN)-T</sourcename>
<foldername>Takahashi Junko no Mah-jong Seminar (JPN)</foldername>
<title>Takahashi no Junko Seminar</title>
<developer>Success</developer>
<publisher>Mediarium</publisher>
<features_general>Players 1</features_general>
<features_online/>
<esrb>Not Rated by ESRB</esrb>
<esrb_descriptors>No Descriptors</esrb_descriptors>
<genre/>
<release_date>13 Jun 2002</release_date>
<rating>No Rating</rating>
<platform>Xbox</platform>
<exclusive/>
<titleid>53550005</titleid>
<overview>Takahashi Akiko no Mahjong Seminar is a Board game, published by Success, which was released in Japan in 2002.</overview>
</synopsis>
