<synopsis>
<sourcename>Rent A Hero No. 1 (JPN)-B</sourcename>
<foldername>Rent A Hero No. 1 (JPN) [E]</foldername>
<title>Rent-A-Hero No. 1</title>
<developer>Sega</developer>
<publisher>AIA Games</publisher>
<features_general>Players 1, Dolby Digital</features_general>
<features_online/>
<esrb>Not Rated by ESRB</esrb>
<esrb_descriptors>No Descriptors</esrb_descriptors>
<genre>Action, Role-playing</genre>
<release_date>04 Sep 2003</release_date>
<rating>No Rating</rating>
<platform>Xbox</platform>
<exclusive>No</exclusive>
<titleid>00000002</titleid>
<overview>Rent A Hero is an action role-playing video game series released by Sega for the Mega Drive console in 1991 with a large emphasis on humor. The game features the same graphic engine previously used in the development of Sword of Vermilion. However, Rent A Hero has an unusual innovation for the genre. Instead of using standard turn-based battles, fights are in a similar format to 2D fighting games.</overview>
</synopsis>
