<synopsis>
<title>Magic the Gathering: Battlegrounds</title>
<developer>Secret Level</developer>
<publisher>Atari</publisher>
<features_general>Single-player, Multiplayer, 480p, Dolby 5.1 Surround</features_general>
<features_online/>
<esrb>T</esrb>
<esrb_descriptors>Fantasy Violence</esrb_descriptors>
<genre>Strategy, Real-Time, Fantasy </genre>
<release_date>18 Nov 2003</release_date>
<rating>7.2</rating>
<platform>Windows PC, Xbox</platform>
<exclusive>No</exclusive>
<titleid/>
<overview>Magic: The Gathering - Battlegrounds brings the Magic world to life, as a real-time game that combines fighting and strategy. As one of 17 powerful warriors competing in epic one-on-one battles, use your strength and sorcery to survive. You can acquire over 70 different spells throughout your journey, which provide a variety of fighting combinations. With single-player quests, downloadable content, 16 epic arenas, and intense multiplayer action via Xbox Live, experience the world of Magic like never before.</overview>
</synopsis>
