<synopsis>
<sourcename>ESPN NBA 2Night 2002-B</sourcename>
<foldername>ESPN NBA 2Night 2002</foldername>
<title>NBA 2Night 2002</title>
<developer>Konami</developer>
<publisher>Konami</publisher>
<features_general>Players 1-4</features_general>
<features_online/>
<esrb>E</esrb>
<esrb_descriptors>No Descriptors</esrb_descriptors>
<genre>Sports, Traditional, Basketball, Sim</genre>
<release_date>16 Apr 2002</release_date>
<rating>5.2</rating>
<platform>PlayStation 2, Xbox</platform>
<exclusive>No</exclusive>
<titleid>4B4E0006</titleid>
<overview>Blow by defenders and drive through the lane by utilizing ESPN NBA 2Night's new turbo function. The game features new rim-shattering dunks and championship defense including backboard pins, blocked jump shots and steals in the open court. Includes commentary from Brent Musberger, ESPN's.</overview>
</synopsis>
