<synopsis>
<sourcename>NKPatcher Settings-M</sourcename>
<foldername>NKPatcher Settings</foldername>
<title>NKPatcher Settings</title>
<developer>Rocky5</developer>
<publisher>Homebrew</publisher>
<features_general>Edit softmod functions, change partition types, force progressive video, null EEPROM HDD Key and more</features_general>
<features_online>None</features_online>
<esrb>Not Rated by ESRB</esrb>
<esrb_descriptors>Not Rated by ESRB</esrb_descriptors>
<genre>Application</genre>
<release_date>Unknown</release_date>
<rating>5</rating>
<platform>Modified Xbox</platform>
<exclusive>Yes</exclusive>
<titleid>21585554</titleid>
<overview>To be used in conjunction with Rocky5s softmod. This application allows you to configure your Xbox Softmodding Tool Softmod.</overview>
</synopsis>
