<synopsis>
<sourcename>Castlevania-T</sourcename>
<foldername>Castlevania Collection</foldername>
<title>Castlevania Collection</title>
<developer>CoinOps Team</developer>
<publisher>Smithis and Randyslim76</publisher>
<features_general>Single Player</features_general>
<esrb>T</esrb>
<esrb_descriptors>No Descriptors</esrb_descriptors>
<genre>Action Adventure</genre>
<release_date>16 Jan 2017</release_date>
<rating>9.9</rating>
<platform>xbox premium/Ninja/Dragon</platform>
<exclusive>Yes</exclusive>
<titleid>HBI64009</titleid>
<overview>An amazing collection of 40 Castlevania games from multiple platforms, preconfigured for Premium 8R5, and compatible with Ninja and Dragon.  This standalone pack was meticulously crafted with heavy customization to the UI.  This project was lead by Smiths and Randyslim76, with assistance from Avant (for nearly all of his CoinOps pack, listening, advice, and help), BritneysPAIRS (Author and lead developer of CoinOps, Visionary, Premium, Dragon, &amp; Ninja), Jonny555 (artwork, help &amp; support), and Pipmick (for various tools and assistance along the way).</overview>
</synopsis>
