<synopsis>
<sourcename>College Hoops 2K6-MB</sourcename>
<foldername>College Hoops 2K6</foldername>
<title>College Hoops 2K6</title>
<developer>Visual Concepts</developer>
<publisher>2K Sports</publisher>
<features_general>Players 1-4, 480p, Custom Soundtracks, Dolby Digital</features_general>
<features_online/>
<esrb>E</esrb>
<esrb_descriptors>No Descriptors</esrb_descriptors>
<genre>Sports</genre>
<release_date>01 Nov 2005</release_date>
<rating>8.2</rating>
<platform>PlayStation 2, Xbox 360</platform>
<exclusive>No</exclusive>
<titleid>54540091</titleid>
<overview>College Hoops 2K6 is the latest entry in the 2K series of NCAA basketball simulations. New to the game this year is the Coach's Clipboard feature, which lets you instantly change your tactics during the game. Recruiting has also been changed with the addition of recruiting camps. Coaching is the main focus of the changes, with real coaches having been added in. Also, teamwork and focus have been made more vital to team success. All other game modes from past iterations of the series have been included.</overview>
</synopsis>
