<synopsis>
<title>187 Ride or Die</title>
<developer>Ubisoft</developer>
<publisher>Ubisoft</publisher>
<features_general>Single-player, Multiplayer, 480p, 16:9, Dolby 5.1 Surround</features_general>
<features_online>Scoreboard or DLC, Max Player on System Link: 4</features_online>
<esrb>M</esrb>
<esrb_descriptors>Blood, Strong Language, Violence</esrb_descriptors>
<genre>Driving, Car Combat</genre>
<release_date>23 Aug 2005</release_date>
<rating>5.1</rating>
<platform>Online, PlayStation 2, Xbox</platform>
<exclusive>No</exclusive>
<titleid/>
<overview>Fully strapped with firepower, you'll make a mad dash for power by racing against ruthless street crews, murdering your opponents, and building an empire of cash money. In Notorious: Die to Drive, you can choose from more than 30 different vehicles, ranging from vintage roadsters to modern models. Then equip yourself with more than 20 weapons, including pistols, machine guns, shotguns, and Molotov Cocktails. High-priced women, jewelry, and houses are just some of the rewards for the few who can survive this dangerous game.</overview>
</synopsis>
