<synopsis>
<sourcename>Sega VMU-MB</sourcename>
<foldername>Sega Dreamcast VMU</foldername>
<title>Sega Dreamcast VMU</title>
<developer>Sega</developer>
<publisher>Sega</publisher>
<features_general>Handheld</features_general>
<features_online>N/A</features_online>
<esrb>Not Rated</esrb>
<esrb_descriptors>Not Rated</esrb_descriptors>
<genre>Video Games</genre>
<release_date>30 Jul 1998</release_date>
<rating>7</rating>
<platform>Game Console Addon</platform>
<exclusive>N/A</exclusive>
<titleid>N/A</titleid>
<overview>The Visual Memory Unit (VMU), also referred to as the Visual Memory System (VMS) in Japan and Europe, is the primary memory card produced by Sega for the Dreamcast home video game console. The device features a monochrome liquid crystal display (LCD), multiplayer gaming capability (via connectors at the top), second screen functionality, a real-time clock, file manager, built-in flash memory, and sound capability. Prior to the launch of the Dreamcast, a special Godzilla edition VMU, preloaded with a virtual pet game, was released on July 30, 1998 in Japan. While its most basic function is as a removable storage device, the VMU may also serve as an auxiliary display during normal gameplay and, through the use of additional software (distributed as extras on Dreamcast GD-ROMs), acts as a handheld game console. Console-like features of the VMU include a screen, speaker, proper directional pad, four action buttons, the ability to connect and interact with other VMUs, and the ability to download additional games. While the standard VMU is white, colors were expanded to include many variations. Japan even saw the release of branded VMUs, such as those by Sonic Team, Capcom and Hello Kitty.</overview>
</synopsis>
