<synopsis>
<title>Micro Machines</title>
<developer>Atari</developer>
<publisher>Infogrames</publisher>
<features_general>Single-player, Multiplayer</features_general>
<features_online/>
<esrb>Not Rated by ESRB</esrb>
<esrb_descriptors>None</esrb_descriptors>
<genre>Driving, Racing, Top down</genre>
<release_date>08 Nov 2002</release_date>
<rating>Not Rated</rating>
<platform>Gamecube, Playstation 2, Xbox</platform>
<exclusive/>
<titleid/>
<overview>In this 3D remake of the original miniature racing game, players can compete on 24 different race tracks with 48 vehicles including toy cars, motorcycles, boats and more, using one of 8 difference characters. As in the original, four vehicles are on track at a time. Each track features unique terrain with ramps, tunnels, obstacles and hazards. Hidden weapons and power-ups let drivers use rockets, time warps, mines, giant frying pans and fireballs against each other to take the lead. There are several different racing modes. In GP mode the player must reach each checkpoint within a set time limit, while Bomb Tag involves drivers being threatened with exploding unless they can hit another car in order to 'tag' the bomb onto it. In the main Championship there are four cups, each featuring four races.</overview>
</synopsis>
