<synopsis>
<sourcename>Call of Duty 3-T</sourcename>
<foldername>Call of Duty 3</foldername>
<title>Call of Duty 3</title>
<developer>Treyarch, Pi Studios</developer>
<publisher>Activision</publisher>
<features_general>Players 1, 480p, Dolby Digital</features_general>
<features_online>System Link 2-16</features_online>
<esrb>T</esrb>
<esrb_descriptors>Blood, Language, Violence</esrb_descriptors>
<genre>First-person shooter</genre>
<release_date>07 Nov 2006</release_date>
<rating>8.3</rating>
<platform>PlayStation 2, PlayStation 3, Wii, Xbox, Xbox 360</platform>
<exclusive>No</exclusive>
<titleid>4156005D</titleid>
<overview>Call of Duty 3 delivers the intensity of being closer than ever to the fury of combat during the battle for the Liberation of Paris, the most harrowing campaign of WWII, known as The Normandy Breakout. Through a seamless narrative, Call of Duty 3 delivers the rush of unrelenting battle and breathtaking action of the Allied offensive that changed the fate of the world.</overview>
</synopsis>
