<synopsis>
<sourcename>Nintendo Game Boy Color-T</sourcename>
<foldername>Gameboy Color</foldername>
<title>Gameboy Color</title>
<developer>Nintendo</developer>
<publisher>Nintendo</publisher>
<features_general>Handheld</features_general>
<features_online>N/A</features_online>
<esrb>Not Rated</esrb>
<esrb_descriptors>Not Rated</esrb_descriptors>
<genre>Video Games</genre>
<release_date>18 Nov 1998</release_date>
<rating>9</rating>
<platform>Handheld Game Console</platform>
<exclusive>N/A</exclusive>
<titleid>N/A</titleid>
<overview>The Game Boy Color (GBC) is a handheld game console manufactured by Nintendo, which was released in Japan on October 21, 1998, and later released in November of the same year to international markets. It is the successor of the Game Boy and continued in the Game Boy family. The GBC features a color screen rather than monochrome, but it is not backlit. It is slightly thicker and taller and features a slightly smaller screen than the Game Boy Pocket, its immediate predecessor in the Game Boy line. As with the original Game Boy, it has a custom 8-bit processor made by Sharp that is considered a hybrid between the Intel 8080 and the Zilog Z80. The spelling of the system's name, Game Boy Color, remains consistent throughout the world, with its American English spelling of "color". The Game Boy Color was part of the fifth generation of home consoles. The GBC's primary competitors in Japan were the grayscale 16-bit handhelds, Neo Geo Pocket and the WonderSwan, though the Game Boy Color outsold these by a wide margin. SNK and Bandai countered with the Neo Geo Pocket Color and the Wonderswan Color, respectively, but this did little to change Nintendo's sales dominance. With Sega discontinuing the Game Gear in 1997, the Game Boy Color's only competitor in the United States was its predecessor, the Game Boy, until the short-lived Neo Geo Pocket Color was released in August 1999. The Game Boy and the Game Boy Color combined have sold 118.69 million units worldwide making it the 3rd best-selling system of all time, a metric that includes Game Boy units. It was discontinued on March 23, 2003, shortly after the release of the Game Boy Advance SP. Its best-selling game was Pokemon Gold and Silver, which shipped approximately 14.51 million combined in Japan and the US.</overview>
</synopsis>
