<synopsis>
<sourcename>Ford vs Chevy-T</sourcename>
<foldername>Ford vs Chevy</foldername>
<title>Ford vs. Chevy</title>
<developer>2K Games</developer>
<publisher>Global Star Software</publisher>
<features_general>Players 1, 480p, Dolby Digital</features_general>
<features_online>System Link 2-6</features_online>
<esrb>E</esrb>
<esrb_descriptors>No Descriptors</esrb_descriptors>
<genre>Racing</genre>
<release_date>09 Nov 2005</release_date>
<rating>6.0</rating>
<platform>PlayStation 2, Xbox</platform>
<exclusive>No</exclusive>
<titleid>54540089</titleid>
<overview>When Washington was settled way back in the 1800s, the two rival families of the Baker and the Williamsons nearly wiped each other out in the quest for gold. When the rush was over, they had nothing to fight over. That changed when Tyrone Baker bought his first automobile, a Ford Model T. Eddie Williamson went out and got himself a Chevrolet 490 and the feud was reborn. Now you can't cruise the streets of Westington in a Ford or a Chevy without being challenged to a race. It is time to defend your pride. Race to earn points by drafting, drifting, catching air or just from just good ol clean drivin. It is furious fun as you smash through barriers, avoid obstacles, and get airborne. Feature 50 upgradeable Ford and Chevy Classic Contemporary vehicles meticulously rendered with realistic damage modeling. Choose from over 20 upgrade parts manufactures and 150+ parts to turn your ride into the ultimate racing machine. Performance Degradation: As your vehicle takes damage, you lose top speed and acceleration. Take on driving missions in the city, on the freeways and in the hills and desert surrounding Wesington. Compete in the race modes including; circuit, point to point, mile drag racing, time trial and slalom.</overview>
</synopsis>
