<synopsis>
<sourcename>Carmen Sandiego-T</sourcename>
<foldername>Carmen Sandiego</foldername>
<title>Carmen Sandiego: The Secret of the Stolen Drums</title>
<developer>A2M</developer>
<publisher>BAM Entertainment</publisher>
<features_general>Players 1</features_general>
<features_online/>
<esrb>E</esrb>
<esrb_descriptors>Fantasy Violence</esrb_descriptors>
<genre>Action Adventure, Platformer</genre>
<release_date>13 Sep 2004</release_date>
<rating>5.3</rating>
<platform>GameCube, PlayStation 2, Xbox</platform>
<exclusive>No</exclusive>
<titleid>424D0006</titleid>
<overview>Join A.C.M.E. agent-in-training, Cole Gannon, along with Jules Argent and Shadow Hawkins, in an all-new action adventure on the trail of Carmen Sandiego--the world's greatest thief. This case takes Cole around the world: from a museum in New York and the beaches of New Zealand to the IncanJoin A.C.M.E. agent-in-training, Cole Gannon, along with Jules Argent and Shadow Hawkins, in an all-new action adventure on the trail of Carmen Sandiego--the world's greatest thief. This case takes Cole around the world: from a museum in New York and the beaches of New Zealand to the Incan ruins of Machu Picchu. While on the case, you'll need to use acrobatics, stealth, martial arts, and most of all, your wit, to stop Carmen from unearthing the drums and making off with the lost treasure.</overview>
</synopsis>
