<synopsis>
<title>Blitz: The League</title>
<developer>Midway Games</developer>
<publisher>Midway Games</publisher>
<features_general>Single-player, Multiplayer, 480p, Dolby 5.1 Surround</features_general>
<features_online/>
<esrb>M</esrb>
<esrb_descriptors>Blood, Strong Language, Suggestive Themes, Use of Drugs, Violence</esrb_descriptors>
<genre>Sports, Traditional, Football, Arcade</genre>
<release_date>17 Oct 2005</release_date>
<rating>7.8</rating>
<platform>Online, PlayStation 2, PSP, Xbox, Xbox 360</platform>
<exclusive>No</exclusive>
<titleid/>
<overview>Blitz: The League brings you more Blitz-style play, but with more content and harder hits. The League includes on-field injuries, ranging from snapping bones to bloody, career-ending hits. Now you can control the entire franchise, dealing with personnel decisions and front-office politics.Blitz: The League brings you more Blitz-style play, but with more content and harder hits. The League includes on-field injuries, ranging from snapping bones to bloody, career-ending hits. Now you can control the entire franchise, dealing with personnel decisions and front-office politics. New visual game modes let you view crucial game moments and moves in slow motion. In addition to traditional multiplayer, you can also play the no-holds-barred style of Blitz football online.</overview>
</synopsis>
