<synopsis>
<sourcename>Full spectrum warrior-T</sourcename>
<foldername>Full spectrum warrior</foldername>
<title>Full Spectrum Warrior</title>
<developer>Pandemic Studios</developer>
<publisher>THQ</publisher>
<features_general>Players 1-2, 480p, Dolby Digital</features_general>
<features_online>DLC</features_online>
<esrb>M</esrb>
<esrb_descriptors>Blood, Strong Language, Violence</esrb_descriptors>
<genre>Strategy, Real-Time, Military</genre>
<release_date>01 Jun 2004</release_date>
<rating>8.4</rating>
<platform>Windows PC, PlayStation 2, Xbox</platform>
<exclusive>No</exclusive>
<titleid>54510022</titleid>
<overview>Full Spectrum Warrior is based on a game commissioned by the US Army to train light infantry troops in urban combat situations. The game places soldiers in a tense, hostile, and claustrophobic environment where they must complete a variety of military objectives. As the squad leader, you are in charge of providing direction to Alpha and Bravo fire teams. The successful Squad Leader effectively uses cover in the environment and moves his fire teams in a coordinated fashion so they can protect themselves from possible attacks that could come from any direction.</overview>
</synopsis>
