<synopsis>
<sourcename>Cold fear-T</sourcename>
<foldername>Cold fear</foldername>
<title>Cold Fear</title>
<developer>Darkworks</developer>
<publisher>Ubisoft</publisher>
<features_general>Players 1, 480p, 720p, Dolby Digital</features_general>
<features_online/>
<esrb>M</esrb>
<esrb_descriptors>Blood and Gore, Intense Violence, Language</esrb_descriptors>
<genre>Survival horror, third-person shooter</genre>
<release_date>15 Mar 2005</release_date>
<rating>7.1</rating>
<platform>Windows PC, PlayStation 2, Xbox</platform>
<exclusive>No</exclusive>
<titleid>5553004B</titleid>
<overview>Cold Fear introduces a new kind of horror experience in a constantly shifting environment out at sea. You'll play as Tom Hansen, a US Coast Guard crewman whose team is sent to investigate an abandoned Russian whaling ship. As you delve deeper beneath the ship's bloodstained decks, you'll encounter hordes of evil creatures. To survive, you must eliminate your enemies, avoid traps, and get helpful information from other characters on the ship.</overview>
</synopsis>
