<synopsis>
<title>Disney's Extreme Skate Adventure</title>
<developer>Toys for Bob</developer>
<publisher>Activision</publisher>
<features_general>Single-player, 480p, 720p, 16:9, Dolby 5.1 Surround</features_general>
<features_online/>
<esrb>E</esrb>
<esrb_descriptors>No Descriptors</esrb_descriptors>
<genre>Sports, Alternative, Skateboarding</genre>
<release_date>03 Sep 2003</release_date>
<rating>7.6</rating>
<platform>GameCube, PlayStation 2, Xbox</platform>
<exclusive>No</exclusive>
<titleid/>
<overview>Disney characters step out of the movies and onto skateboards in Disney's Extreme Skate Adventure. You can play as your favorite Disney and Pixar characters, such as Buzz Lightyear and Woody from Toy Story 2, Simba and Rafiki from The Lion King, and Young Tarzan and Terk from Tarzan. Now you can skate, pull off tricks, and solve puzzles in all the exciting places you've seen in the movies, including Pride Rock, the Jungle Treehouse, and Pizza Planet. </overview>
</synopsis>
