<synopsis>
<sourcename>UIX Dash-X</sourcename>
<foldername>UIX Dash</foldername>
<title>User Interface-X</title>
<developer>Unknown</developer>
<publisher>Homebrew</publisher>
<features_general>Xbox Dashboard</features_general>
<features_online>None</features_online>
<esrb>Not Rated by ESRB</esrb>
<esrb_descriptors>Not Rated by ESRB</esrb_descriptors>
<genre>Dashboard</genre>
<release_date>Unknown</release_date>
<rating>5</rating>
<platform>Modified Xbox</platform>
<exclusive>Yes</exclusive>
<titleid>0FFEEFF0</titleid>
<overview>User Interface X, usually abbreviated UIX is a replacement Dashboard for the Xbox.</overview>
</synopsis>
