<synopsis>
<sourcename>Kakuto  Chojin-MB</sourcename>
<foldername>Kakuto  Chojin</foldername>
<title>Kakuto Chojin</title>
<developer>Dream Publishing</developer>
<publisher>Microsoft Game Studios</publisher>
<features_general>Players 1-4, 480p, Arcade Stick, Dolby Digital</features_general>
<features_online/>
<esrb>T</esrb>
<esrb_descriptors>Blood, Suggestive Themes, Violence</esrb_descriptors>
<genre>Action, Fighting, 3D</genre>
<release_date>11 Nov 2002</release_date>
<rating>4.6</rating>
<platform>Xbox</platform>
<exclusive>Yes</exclusive>
<titleid>4D53000C</titleid>
<overview>From the burned out warehouses, darkened alleys, and gritty streets of Drasuka, Kakuto masters gather to prove themselves in the ultimate fight club. Enter Fist of Fire, the brutal underground tournament whose members erupt in savage fury to kick, gouge, and pummel their way to the top.</overview>
</synopsis>
