<synopsis>
<title>Midnight Club II</title>
<developer>Rockstar San Diego</developer>
<publisher>Rockstar Games</publisher>
<features_general>Single-player, Multiplayer, 480p, 16:9, Dolby 5.1 Surround</features_general>
<features_online>Online, Max Player on System Link: 8</features_online>
<esrb>T</esrb>
<esrb_descriptors>Mild Lyrics, Violence</esrb_descriptors>
<genre>Driving, Racing, GT / Street </genre>
<release_date>03 Jun 2003</release_date>
<rating>8.6</rating>
<platform>Windows PC, PlayStation 2, Xbox</platform>
<exclusive>No</exclusive>
<titleid/>
<overview>Rockstar is poised to once again set a new benchmark in the racing genre. In Midnight Club 2 you are an elite, illegal street racer, more dangerous and skilled than ever racing throughout the cities of Paris, Los Angeles, and Tokyo. Choose from the latest performance enhanced cars and bikes and compete head-to-head to make a name for yourself. There are no rules--drive anywhere in the city and just find the fastest route to win. The cops know you are out there - don't get caught.</overview>
</synopsis>
