<synopsis>
<title>Godzilla: Save the Earth</title>
<developer>Pipeworks Software</developer>
<publisher>Atari</publisher>
<features_general>Single-player, Multiplayer, 480p, Dolby 5.1 Surround</features_general>
<features_online>Online, Max Player on System Link: 4</features_online>
<esrb>T</esrb>
<esrb_descriptors>Violence</esrb_descriptors>
<genre>Action, Fighting, 3D </genre>
<release_date>02 Nov 2004</release_date>
<rating>6.3</rating>
<platform>PlayStation 2, Xbox</platform>
<exclusive>No</exclusive>
<titleid/>
<overview>The planet is under siege and it's up you to protect it. You must roam the earth, battling giant monsters, an alien invasion, and ongoing military attacks. This sequel to Godzilla: Destroy All Monsters Melee lets you rampage through the city as Godzilla, SpaceGodzilla, Mothra, Jet Jaguar, and one of 15 other monsters. This time, you can take your rage online in four-player melees. In Save the Earth, the fate of Tokyo, San Francisco, New York, and other locations is in your hands.</overview>
</synopsis>
