<synopsis>
<sourcename>Legend of Spyro A New Beginning-T</sourcename>
<foldername>Legend of Spyro A New Beginning</foldername>
<title>Legend of Spyro: A New Beginning</title>
<developer>Krome Studios</developer>
<publisher>Sierra Entertainment</publisher>
<features_general>Players 1, Dolby Digital</features_general>
<features_online/>
<esrb>E</esrb>
<esrb_descriptors>Cartoon Violence</esrb_descriptors>
<genre>Action, Platformer, 3D</genre>
<release_date>10 Oct 2006</release_date>
<rating>6.9</rating>
<platform>GameCube, PlayStation 2, Xbox, Xbox 360</platform>
<exclusive>No</exclusive>
<titleid>5655004A</titleid>
<overview>The Legend of Spyro: A New Beginning explores the true origins of Spyro as you embark on a dangerous, combat-driven quest that will bring you face to face with the Dark Master's ultimate creation, Cynder. Experience the true power of the purple dragon as you unleash devastating fury attacks, upgradeable breaths and ground to aerial melee combos in a frenzied battle with hordes of menacing enemies and bone-chilling bosses. It's an epic and cinematic gameplay experience.</overview>
</synopsis>
