<synopsis>
<title>Crusty Demons</title>
<developer>Evolved Games, Climax</developer>
<publisher>SouthPeak Games</publisher>
<features_general>Single-player, 480p, Dolby 5.1 Surround</features_general>
<features_online/>
<esrb>M</esrb>
<esrb_descriptors>Blood, Sexual Themes, Strong Language, Violence</esrb_descriptors>
<genre>Driving, Racing, Motorcycle, Motocross </genre>
<release_date>27 Jun 2006</release_date>
<rating>5.1</rating>
<platform>PlayStation 2, Xbox</platform>
<exclusive>No</exclusive>
<titleid/>
<overview>The Crusty Demons are a gang of bikers who tour the world performing outrageous bike stunts and participating in all manner of crazy skits with motorized vehicles. In a pact with the Devil, they are offered immortality - the ability to crash time and time again, yet still live to walk away - at the cost of signing over their souls. Only by winning the 'damnation game' and entertaining Lucifer do they have a chance to win back their souls.</overview>
</synopsis>
