<synopsis>
<title>Inside Pitch 2003</title>
<developer>Microsoft Game Studios</developer>
<publisher>Microsoft Game Studios</publisher>
<features_general>Single-player, Multiplayer, 480p, Dolby 5.1 Surround</features_general>
<features_online>Scoreboard or DLC, Max Player on System Link: 2</features_online>
<esrb>E</esrb>
<esrb_descriptors>No Descriptors</esrb_descriptors>
<genre>Sports, Traditional, Baseball, Sim</genre>
<release_date>20 May 2003</release_date>
<rating>5.8</rating>
<platform>Xbox</platform>
<exclusive>Yes</exclusive>
<titleid/>
<overview>Inside Pitch 2003 delivers all the hard slides, bare-handed grabs, and grand slams of a Major League Baseball game. Choose your favorite team and go head-to-head against players that reflect the talent, technique, and style of their real-life counterparts. Realistic players, authentic stadiums, and animated scoreboards immerse you into each ballgame. With Championship Challenges, you can reproduce the most impressive feats of the past season and become the hero. And with a headset, you can talk up your game with Xbox Live's online voice communication.</overview>
</synopsis>
