<synopsis>
<sourcename>007 - Everything Or Nothing-T</sourcename>
<foldername>007 - Everything Or Nothing</foldername>
<title>007: Everything or Nothing</title>
<developer>EA Games</developer>
<publisher>EA Games</publisher>
<features_general>Players 1-2, 480p, Dolby Digital</features_general>
<features_online/>
<esrb>T</esrb>
<esrb_descriptors>Suggestive Themes, Violence</esrb_descriptors>
<genre>Action, Shooter, Third-Person</genre>
<release_date>17 Feb 2004</release_date>
<rating>8.3</rating>
<platform>GameCube, Online, PlayStation 2, Xbox</platform>
<exclusive>No</exclusive>
<titleid>45410042</titleid>
<overview>Think like Bond, act like Bond, and experience an entirely new Bond adventure. James Bond, the world's greatest secret agent, returns in Everything or Nothing with new guns and gadgets, combat skills, and clever tricks--and it's up to you to put them to good use. Travel through four exciting continents including the Valley of the Kings in Egypt and the French Quarter in New Orleans. The game also features two-player co-op missions and four-player multiplayer arena modes.</overview>
</synopsis>
