<synopsis>
<title>Grooverider: Slot Car Thunder</title>
<developer>King of the Jungle</developer>
<publisher>Encore</publisher>
<features_general>Single-player, 480p</features_general>
<features_online/>
<esrb>E</esrb>
<esrb_descriptors>No Descriptors</esrb_descriptors>
<genre>Driving, Racing, Arcade </genre>
<release_date>26 Sep 2003</release_date>
<rating>4.5</rating>
<platform>GameCube, Xbox</platform>
<exclusive>No</exclusive>
<titleid/>
<overview>Slot car racing isn't just for kids anymore. Set in a fantasy penthouse, Grooverider: Slot Car Thunder lets you experience quick lane changes, 360-degree loops, and crazy twists and turns on 20 slot car tracks. If you're a smart racer, you'll be sure to grab extra power-ups for a boost or blasting power. If you're not, then the tracks' spikes, mines, and other booby traps will surely be your downfall. In single- or multiplayer modes, you can get behind the wheel of any racecar, ranging from 1920s British cars to American stock cars. </overview>
</synopsis>
