<synopsis>
<sourcename>High Heat Baseball 2004-MB</sourcename>
<foldername>High Heat Baseball 2004</foldername>
<title>High Heat Major League Baseball 2004</title>
<developer>3DO</developer>
<publisher>3DO</publisher>
<features_general>Players 1-2, 480p</features_general>
<features_online>DLC</features_online>
<esrb>E</esrb>
<esrb_descriptors>No Descriptors</esrb_descriptors>
<genre>Sports, Traditional, Baseball, Arcade</genre>
<release_date>05 Mar 2003</release_date>
<rating>8.3</rating>
<platform>GBA, GameCube, Windows PC, PlayStation 2, PlayStation/PS one, Xbox</platform>
<exclusive>No</exclusive>
<titleid>54440006</titleid>
<overview>High Heat™ Major League Baseball® 2004 combines new graphics and animations with a deep Franchise mode, a highly acclaimed A.I., and unsurpassed baseball realism. In Two On Two Showdown™, one of the game's eleven modes, pick a pitcher and a batter, and square off in a single-inning battle.</overview>
</synopsis>
