<synopsis>
<sourcename>Charlie and the Chocolate Factory-T</sourcename>
<foldername>Charlie and the Chocolate Factory</foldername>
<title>Charlie and the Chocolate Factory</title>
<developer>High Voltage Software</developer>
<publisher>Global Star Software</publisher>
<features_general>Players 1, 480p, 720p, Dolby Digital</features_general>
<features_online/>
<esrb>E</esrb>
<esrb_descriptors>No Descriptors</esrb_descriptors>
<genre>Action-adventure</genre>
<release_date>15 Jul 2005</release_date>
<rating>3.9</rating>
<platform>GameCube, PlayStation 2, Xbox</platform>
<exclusive>No</exclusive>
<titleid>54540081</titleid>
<overview>Step inside the magical world of Willy Wonka's famous chocolate factory. Based on the Warner Bros. film and the classic novel by Roald Dahl, Charlie and the Chocolate Factory lets you delve deep inside the factory to relive the classic story as Charlie Bucket. Find a golden ticket and, along with four other children, win a personal tour of Willy Wonka's factory as guided by the notorious and reclusive candy maker himself. Discover what happens after the other children, greed-driven and unrestrained, wreak havoc throughout the factory.</overview>
</synopsis>
