<synopsis>
<title>Breakdown</title>
<developer>Namco</developer>
<publisher>Namco</publisher>
<features_general>Single-player, 480p, Dolby 5.1 Surround</features_general>
<features_online/>
<esrb>M</esrb>
<esrb_descriptors>Blood and Gore, Intense Violence</esrb_descriptors>
<genre>Action Adventure, Horror</genre>
<release_date>16 Mar 2004</release_date>
<rating>7.1</rating>
<platform>Xbox</platform>
<exclusive>Yes</exclusive>
<titleid/>
<overview>Trapped inside a mysterious laboratory and unable to remember his past, Derrick Cole discovers his extraordinary powers as he fights for survival against a determined military faction and a legion of seemingly invincible superhuman warriors. Breakdown is a science fiction thriller combining the best elements of shooters and fighters into a comprehensive first-person action adventure game. </overview>
</synopsis>
