<synopsis>
<sourcename>Knockout Kings 2002-B</sourcename>
<foldername>Knockout Kings 2002</foldername>
<title>Knockout Kings 2002</title>
<developer>EA Games</developer>
<publisher>EA Sports</publisher>
<features_general>Players 1-2, Dolby Digital</features_general>
<features_online/>
<esrb>T</esrb>
<esrb_descriptors>Blood, Mild Lyrics, Violence</esrb_descriptors>
<genre>Sports, Traditional, Boxing</genre>
<release_date>04 Mar 2002</release_date>
<rating>7.8</rating>
<platform>PlayStation 2, Xbox</platform>
<exclusive>No</exclusive>
<titleid>4541000A</titleid>
<overview>Knockout Kings 2002 features an all-new game engine with the fastest, most intense boxing action in the series. Lace up the gloves, throw in the mouthpiece, and experience the thrills of boxing's biggest moments, most devastating combinations, dazzling footwork, crushing blows and the best looking boxers ever. A long list of champions allows fight fans to create countless dream bouts with such legendary fighters as Muhammad Ali, Joe Frazier, Roberto Duran, and Sugar Ray Leonard along with current greats--Felix Trinidad, Lennox Lewis, Oscar De La Hoya, and many more.</overview>
</synopsis>
