<synopsis>
<title>Kung Fu Chaos</title>
<developer>Just Add Monsters</developer>
<publisher>Microsoft Game Studios</publisher>
<features_general>Single-player, Multiplayer, Dolby 5.1 Surround</features_general>
<features_online/>
<esrb>T</esrb>
<esrb_descriptors>Blood, Mature Humor, Mild Language, Violence</esrb_descriptors>
<genre>Action, Fighting, 3D</genre>
<release_date>24 Feb 2003</release_date>
<rating>6.8</rating>
<platform>Xbox</platform>
<exclusive>Yes</exclusive>
<titleid/>
<overview>Kung Fu Chaos is an entertaining brawler game inspired by the 70s Kung Fu movie era. You fight as one of nine characters--three of which are unlockable--with looks, moves, and taunts based on kung-fu movie icons. Your quest for movie stardom places you on a dynamic movie set, and when the director yells "Action" you fight against multiple enemies either by yourself or with three friends. Perform over-the-top, Hong-Kong-style combat--including leaps, and flying kicks--and you'll become a star in no time.</overview>
</synopsis>
