<?xml version="1.0" encoding="UTF-8" standalone="yes"?>
<data-set xmlns:xsi="http://www.w3.org/2001/XMLSchema-instance">

     <synopsis>

        <title>Advent Rising</title>
        <developer>Demiurge Studios</developer>
        <publisher>Majesco Entertainment</publisher>
        <features_general>Players: 1, Dolby 5.1 Surround</features_general>
        <features_online>Content Download, Friends</features_online>
        <esrb>T</esrb>
        <esrb_descriptors>Blood, Mild Language, Violence</esrb_descriptors>
        <genre>Action-adventure, third-person shooter Action-adventure</genre>
        <release_date>May 31, 2005</release_date>
        <rating>7.8</rating>
        <platform>Xbox</platform>
        <exclusive>No</exclusive>
        <titleid>4D4A0009</titleid>
        <overview>In Advent Rising, a common legend pervades the galaxy--that one day humans will deliver the universe. Many view humans as the messiah, a symbol of hope, or fantastical creatures, but the Seekers view them as enemies that must be destroyed. In third- and first-person points of view, you'll realize what it means to be truly human as you                   delve into an intergalactic saga. Advent Rising sets you on an action-packed adventure where you'll develop superhuman powers, wield an arsenal of high-tech weapons, and                   command a vast array of futuristic vehicles.</overview>

</synopsis>
<synopsis>

        <title>Advent Rising</title>
        <developer>Demiurge Studios</developer>
        <publisher>Majesco Entertainment</publisher>
        <features_general>Players: 1, Dolby 5.1 Surround</features_general>
        <features_online>Content Download, Friends</features_online>
        <esrb>T</esrb>
        <esrb_descriptors>Blood, Mild Language, Violence</esrb_descriptors>
        <genre>Action-adventure, third-person shooter Action-adventure</genre>
        <release_date>May 31, 2005</release_date>
        <rating>7.8</rating>
        <platform>Xbox</platform>
        <exclusive>No</exclusive>
        <titleid>4D4A0009</titleid>
        <overview>In Advent Rising, a common legend pervades the galaxy--that one day humans will deliver the universe. Many view humans as the messiah, a symbol of hope, or fantastical creatures, but the Seekers view them as enemies that must be destroyed. In third- and first-person points of view, you'll realize what it means to be truly human as you                   delve into an intergalactic saga. Advent Rising sets you on an action-packed adventure where you'll develop superhuman powers, wield an arsenal of high-tech weapons, and                   command a vast array of futuristic vehicles.</overview>

</synopsis>
</data-set>