<?xml version="1.0" encoding="UTF-8" standalone="no" ?>
<xsd:schema xmlns:xsd="http://www.w3.org/2001/XMLSchema">
    <xsd:element name="synopsis_Map">
        <xsd:complexType>
            <xsd:sequence>
                <xsd:element ref="synopsis" minOccurs="0" maxOccurs="unbounded"/>
            </xsd:sequence>
        </xsd:complexType>  
    </xsd:element>
    <xsd:element name="synopsis">
        <xsd:complexType>
            <xsd:sequence>
                <xsd:element name="title" type="xsd:string"/>
                <xsd:element name="developer" type="xsd:string"/>
                <xsd:element name="publisher" type="xsd:string"/>
                <xsd:element name="features_general" type="xsd:string"/>  
                <xsd:element name="features_online" type="xsd:string"/>
                <xsd:element name="esrb" type="xsd:string"/>
                <xsd:element name="esrb_descriptors" type="xsd:string"/>
                <xsd:element name="genre" type="xsd:string"/> 
                <xsd:element name="release_date" type="xsd:string"/>
                <xsd:element name="rating" type="xsd:string"/>
                <xsd:element name="platform" type="xsd:string"/>
                <xsd:element name="exclusive" type="xsd:string"/> 
                <xsd:element name="titleid" type="xsd:string"/>
                <xsd:element name="overview" type="xsd:string"/>
                  
            </xsd:sequence>
        </xsd:complexType>
    </xsd:element>
</xsd:schema>
