<synopsis>
<sourcename>Sharp X68000-T</sourcename>
<foldername>Sharp X68000</foldername>
<title>Sharp X68000</title>
<developer>Sharp Corporation</developer>
<publisher>Sharp Corporation</publisher>
<features_general>Keyboard and Mouse</features_general>
<features_online>N/A</features_online>
<esrb>Not Rated</esrb>
<esrb_descriptors>Not Rated</esrb_descriptors>
<genre>Video Games</genre>
<release_date>28 Mar 1978</release_date>
<rating>8</rating>
<platform>Home Video Game Console</platform>
<exclusive>N/A</exclusive>
<titleid>N/A</titleid>
<overview>The X68000 is a home computer created by Sharp Corporation, first released in 1987, sold only in Japan. The first model features a 10 MHz Motorola 68000 CPU (hence the name), 1 MB of RAM, and no hard drive; the last model was released in 1993 with a 25 MHz Motorola 68030 CPU, 4 MB of RAM, and optional 80 MB SCSI hard drive. RAM in these systems is expandable to 12 MB, though most games and applications do not require more than 2 MB.
In terms of hardware, the X68K was very similar to arcade machines of the time, and served as the Capcom CPS system development machine. It supports separate text RAM, graphic RAM and hardware sprites. Sound is produced internally via Yamaha's then top-of-the-line YM2151 FM synthesizer and a single channel OKI MSM6258V for PCM. Due to this and other similarities, it played host to many arcade game ports in its day. Games made for this system include Ghouls 'n Ghosts, Strider, Final Fight, Alien Syndrome, Street Fighter II Dash, Akumajo Dracula (Castlevania in other regions, the X68000 version was ported to the PlayStation as Castlevania Chronicles), Cho Ren Sha 68k (which has a Windows port) and many others. Many games also supported the Roland SC-55 and MT-32 MIDI modules for sound as well as mixed-mode internal/external output.</overview>
</synopsis>
