<synopsis>
<title>Bicycle Casino</title>
<developer>Leaping Lizard</developer>
<publisher>Activision Value</publisher>
<features_general>Single-player, 480p, Dolby 5.1 Surround</features_general>
<features_online>Online</features_online>
<esrb>E</esrb>
<esrb_descriptors>Simulated Gambling</esrb_descriptors>
<genre>Miscellaneous, Parlor, Gambling</genre>
<release_date>26 Oct 2004</release_date>
<rating>4.9</rating>
<platform>Xbox</platform>
<exclusive>Yes</exclusive>
<titleid/>
<overview>Bicycle Casino 2005 captures all of the glamour and excitement of high-stakes gaming and brings it straight from the Vegas Strip to your PC. Play your favorite games of chance--including Blackjack, Poker, Roulette, and Slots--at Treasure Island, the Mirage, and the Bellagio, one of the Strip's most beautiful and romantic resort casinos. Earn "comp" awards through 21 of your favorite casino games or try the Ultimate Casino Challenge. This is your chance to be a virtual high roller. </overview>
</synopsis>
