<synopsis>
<title>Mercenaries: Playground of Destruction</title>
<developer>Pandemic Studios</developer>
<publisher>LucasArts</publisher>
<features_general>Single-player, 480p, 16:9, Dolby 5.1 Surround</features_general>
<features_online/>
<esrb>T</esrb>
<esrb_descriptors> Mild Language, Violence</esrb_descriptors>
<genre>Action Adventure</genre>
<release_date>11 Jan 2005</release_date>
<rating>8.6</rating>
<platform>PlayStation 2, Xbox</platform>
<exclusive>No</exclusive>
<titleid/>
<overview>Inspired by real-world events, Mercenaries begins the search for the leader of a North Korean military coup who threatens the world with nuclear war. As one of the top operatives for a private mercenaries company, you have been called in to execute the general and his top military and scientific advisors. Hunt down all 52 targets--depicted on a deck of playing cards--with a variety of military weapons and vehicles. Earn cash from different missions to buy better weapons and vehicles, or sell your vehicles and weapons on the black market.</overview>
</synopsis>
