<synopsis>
<sourcename>ESPN NFL 2K5-M</sourcename>
<foldername>ESPN NFL 2K5</foldername>
<title>NFL 2K5</title>
<developer>Visual Concepts</developer>
<publisher>Sega</publisher>
<features_general>Players 1-4, 480p, Custom Soundtracks, Dolby Digital</features_general>
<features_online>DLC</features_online>
<esrb>E</esrb>
<esrb_descriptors>No Descriptors</esrb_descriptors>
<genre>Sports, Traditional, Football, Sim</genre>
<release_date>20 Jul 2004</release_date>
<rating>9.2</rating>
<platform>PlayStation 2, Xbox</platform>
<exclusive>No</exclusive>
<titleid>53450030</titleid>
<overview>ESPN NFL 2K5 kicks off the football season with an improved ESPN presentation, a variety of player moves, and more. Now you can perform all-new moves during an entire season, while earning points to customize your crib with different items. The game also features new modes, including ESPN 25th Anniversary mode, where you can play in classic NFL situations over the past 25 years. First-Person Football mode returns with new camera switching, improved audio, passing control options, and more.</overview>
</synopsis>
