<synopsis>
<title>Metal Slug 3</title>
<developer>Playmore, SNK</developer>
<publisher>SNK NeoGeo</publisher>
<features_general>Single-player, 480p</features_general>
<features_online>Scoreboard or DLC</features_online>
<esrb>T</esrb>
<esrb_descriptors>Animated Blood, Violence</esrb_descriptors>
<genre>Action, Shooter, Scrolling</genre>
<release_date>26 May 2004</release_date>
<rating>7.6</rating>
<platform>Xbox, Xbox 360, Xbox One</platform>
<exclusive>No</exclusive>
<titleid/>
<overview>Not merely an arcade port, Metal Slug 3 for the Xbox sports brand-new features and original missions. Now you can choose from more than 10 new slug vehicles, including the Slug Copter and the Elephant Slug, and go head-to-head against submarines, large locusts, and giant bosses. Use handguns, power-up grenades, cannons, and more to battle evil forces. Fight alone or cooperatively with a friend in such locations as a deserted island in the South Seas, an underwater bioweapons factory, and outer space. </overview>
</synopsis>
