<synopsis>
<title>AFL Live Premiership</title>
<developer>Acclaim</developer>
<publisher>Acclaim</publisher>
<features_general>Single-player, Multiplayer</features_general>
<features_online>Max Player on System Link: 4</features_online>
<esrb>Not Rated by ESRB</esrb>
<esrb_descriptors>None</esrb_descriptors>
<genre>Sport, Australian Rules Football</genre>
<release_date>29 Apr 2004</release_date>
<rating>Not Rated</rating>
<platform>Xbox</platform>
<exclusive>No</exclusive>
<titleid/>
<overview>AFL Live Premiership was released for Microsoft Windows, PlayStation 2 and Xbox on 29 April 2004. The game is based on the 2004 AFL season with team rosters based on that year. It was developed by IR Gurus and was the final AFL game to be published by Acclaim Entertainment, before their bankruptcy on 1 September 2004.</overview>
</synopsis>
