<synopsis>
<sourcename>Drake of the 99 Dragons-T</sourcename>
<foldername>Drake of the 99 Dragons</foldername>
<title>Drake of the 99 Dragons</title>
<developer>Idol FX</developer>
<publisher>Majesco</publisher>
<features_general>Players 1</features_general>
<features_online/>
<esrb>Not Rated by ESRB</esrb>
<esrb_descriptors>No Descriptors</esrb_descriptors>
<genre>Action</genre>
<release_date>03 Nov 2003</release_date>
<rating>2.2</rating>
<platform>Xbox</platform>
<exclusive>Yes</exclusive>
<titleid>4D4A000B</titleid>
<overview>The clan of the 99 Dragons has been wiped out and the artifact they had been guarding has fallen into the wrong hands. One of the clan members, Drake, is brought back from the dead to avenge his clan and recover the lost treasure. Dubbed as an interactive comic book of sorts, this 3rd person shooter has the player utilize a series of violent means to achieve his goals, which effectively equals to shooting at everything that moves with Drake's dual guns.</overview>
</synopsis>
