<synopsis>
<title>Melbourne Cup Challenge / Frankie Detorri Racing</title>
<developer>Sidhe Interactive</developer>
<publisher>Tru Blu Games</publisher>
<features_general>Single-player, Multiplayer</features_general>
<features_online/>
<esrb>Not Rated by ESRB</esrb>
<esrb_descriptors>None</esrb_descriptors>
<genre>Sport, Horse racing</genre>
<release_date>08 Dec 2006</release_date>
<rating>Not Rated</rating>
<platform>Xbox, PlayStation 2</platform>
<exclusive>No</exclusive>
<titleid/>
<overview>Multiplayer online play for all platforms, allowing competitive and friendly play over the Internet. Multiple game modes including, career mode, jockey challenge, betting party. In depth Career Mode including auctions, horse breeding, training, and stable management. Highly detailed graphics including realistic horses and jockeys, weather effects, and accurately modeled international race courses. Lifelike horse and jockey animation, motion captured by Weta Digital, the VFX wizards behind The Lord of the Rings movie trilogy.</overview>
</synopsis>
