<synopsis>
<title>Great Escape, The</title>
<developer>Pivotal Games</developer>
<publisher>Gotham Games</publisher>
<features_general>Single-player, 480p, Dolby 5.1 Surround</features_general>
<features_online/>
<esrb>T</esrb>
<esrb_descriptors>Blood, Violence</esrb_descriptors>
<genre>Action Adventure, Historic </genre>
<release_date>23 Jul 2003</release_date>
<rating>5.5</rating>
<platform>Windows PC, PlayStation 2, Xbox</platform>
<exclusive>No</exclusive>
<titleid/>
<overview>Imprisoned in a tough German war camp during WWII, you must coordinate a daring escape and wreak havoc in the heart of the Nazi empire. Use your wits to elude your captors through stealth and espionage episodes as you equip your secret Allies army with the tools needed for this secret plot. Once you've broken through to freedom, draw your guns and blast your way through the gut of the Nazi war machine. Finally, you'll take to the highways in chases through the enemy lines--and on to freedom.</overview>
</synopsis>
