<synopsis>
<title>Da Vinci Code, The</title>
<developer>The Collective, Inc.</developer>
<publisher>2K Games</publisher>
<features_general>Single-player, 480p, Dolby 5.1 Surround</features_general>
<features_online/>
<esrb>T</esrb>
<esrb_descriptors>Blood, Language, Violence</esrb_descriptors>
<genre>Action, General </genre>
<release_date>19 May 2006</release_date>
<rating>5.2</rating>
<platform>Windows PC, PlayStation 2, PSP, Xbox</platform>
<exclusive>No</exclusive>
<titleid/>
<overview>The Da Vinci Code game is based on the "The Da Vinci Code" film by director Ron Howard, which is based on Dan Brown's novel -- the best-selling novel of all time which has spent more than two years on the New York Times best-seller list. It has also been translated into 42 languages. To date, there are more than 38.6 million copies of the novel in print, averaging more than two million copies sold each month.</overview>
</synopsis>
