<synopsis>
<sourcename>Legends of Wrestling 2-M</sourcename>
<foldername>Legends of Wrestling 2</foldername>
<title>Legends of Wrestling II</title>
<developer>Acclaim Entertainment</developer>
<publisher>Acclaim Entertainment</publisher>
<features_general>Players 1-4, Custom Soundtracks, Dolby Digital</features_general>
<features_online/>
<esrb>T</esrb>
<esrb_descriptors>Blood, Violence</esrb_descriptors>
<genre>Action, Fighting, Wrestling</genre>
<release_date>05 Dec 2002</release_date>
<rating>6.2</rating>
<platform>GameCube, PlayStation 2, Xbox</platform>
<exclusive>No</exclusive>
<titleid>4143000F</titleid>
<overview>Legends of Wrestling II takes you through the wrestling hall of fame with the top grapplers that are battling for squared-circle supremacy. Play as your favorite wrestler--including Hulk Hogan, Andre "The Giant," and Bret "Hitman" Hart--each with signature entrances, taunts, and moves. A new storyline and career mode let you battle for the respect of promoters and fans while fighting for the heavyweight championship crown. The game also features tag-team tournaments, a $15,000 Body Slam Challenge, and a variety of match types.</overview>
</synopsis>
