<synopsis>
<title>Grabbed by the Ghoulies</title>
<developer>Rare</developer>
<publisher>Microsoft Game Studios</publisher>
<features_general>Single-player, 480p, Dolby 5.1 Surround</features_general>
<features_online/>
<esrb>E</esrb>
<esrb_descriptors>Violence</esrb_descriptors>
<genre>Action, Beat-'Em-Up </genre>
<release_date>21 Oct 2003</release_date>
<rating>6.6</rating>
<platform>Xbox, Xbox 360</platform>
<exclusive>Yes</exclusive>
<titleid/>
<overview>Do you dare step into a haunted house full of dancing zombies, cursed mummies, and boxing skeletons? Grabbed by the Ghoulies tests your courage as you play as Cooper, a kid on a mission to rescue his kidnapped girlfriend. She's trapped somewhere in the ominous Ghoulhaven Hall, which is rife with monsters, traps, and scares. But don't worry--you'll have more than 100 household objects, including chairs, pool cues, and fire extinguishers, to bash the ghoulies with. But be careful--if you fail to get through Ghoulhaven Hall, you'll become a prisoner there forever. </overview>
</synopsis>
