<synopsis>
<sourcename>Doom 3-MB</sourcename>
<foldername>Doom 3</foldername>
<title>Doom 3</title>
<developer>id Software, Vicarious Visions</developer>
<publisher>Activision</publisher>
<features_general>Players 1, 480p, Dolby Digital</features_general>
<features_online>System Link 2-4, DLC</features_online>
<esrb>M</esrb>
<esrb_descriptors>Blood and Gore, Intense Violence</esrb_descriptors>
<genre>Action, Shooter, First-Person, Sci-Fi</genre>
<release_date>03 Apr 2005</release_date>
<rating>8.8</rating>
<platform>Windows PC, Xbox</platform>
<exclusive>Yes</exclusive>
<titleid>41560020</titleid>
<overview>A massive demonic invasion has overwhelmed the Union Aerospace Corporation's (UAC) Mars Research Facility, leaving only chaos and horror in its wake. As one of only a few survivors, you must fight your way to hell and back against a horde of evil monsters. The path is dark and dangerous, but you'll have an array of weapons--including a pistol, a chainsaw, grenades, and more--to use for protection.</overview>
</synopsis>
