<synopsis>
<sourcename>Sega SG-1000-T</sourcename>
<foldername>Sega SG-1000</foldername>
<title>Sega SG-1000</title>
<developer>Sega</developer>
<publisher>Sega</publisher>
<features_general>Joystick</features_general>
<features_online>N/A</features_online>
<esrb>Not Rated</esrb>
<esrb_descriptors>Not Rated</esrb_descriptors>
<genre>Video Games</genre>
<release_date>15 Jul 1983</release_date>
<rating>4.5</rating>
<platform>Home Video Game Console</platform>
<exclusive>N/A</exclusive>
<titleid>N/A</titleid>
<overview>The SG-1000 is a home video game console manufactured by Sega and released in Japan, Australia, New Zealand, and other regions. It was Sega's first entry into the home video game hardware business. Introduced in 1983, the SG-1000 was released on the same day that Nintendo released the Family Computer in Japan. The SG-1000 was released in several forms, including the SC-3000 computer and the redesigned SG-1000 II released in 1984. A third iteration of the console, the Sega Mark III, was released in 1985. It provided a custom video display processor over previous iterations and served as the basis for the Master System in 1986, Sega's first internationally-released console. Developed in response to a downturn in arcades in 1982, the SG-1000 was created on the advice of Hayao Nakayama, president of Sega Enterprises, Ltd. Shortly after the release, Sega Enterprises was sold to CSK Corporation, which was followed by the release of the SG-1000 II. The SC-3000 and the SG-1000 line both support a library of 76 ROM cartridge games and 29 Sega My Card games, all of which are fully compatible with the Mark III and the Japanese version of the Master System. The SG-1000 made little impact on the video game industry, but has been recognized for being Sega's first video game console. Retro Gamer writer Damien McFerran said it was an "abject failure", but called it and the SG-1000 II "the Japanese forefathers of the Master System". Writing for Wired, Chris Kohler criticized the poor response of the controller's joystick and the lack of an RCA output. He said the release timing hurt its success; "although its graphics were of better quality than most consoles on the market, it had the bad luck to be released in the same month as Nintendo's world-changing Famicom, which had killer apps like Donkey Kong and could run circles around Sega's hardware." Of its legacy, Kohler said, "Few have heard of it, even fewer have played it, and the games weren't that great anyway." By contrast, Luke Plunkett of Kotaku recognized that "while all this makes it sound like the SG-1000 was a bit of a misfire, it was still important in the development of Sega's home console business.</overview>
</synopsis>
