<synopsis>
<title>Crimson Sea</title>
<developer>Koei</developer>
<publisher>Koei</publisher>
<features_general>Single-player, 480p, Dolby 5.1 Surround</features_general>
<features_online>Online</features_online>
<esrb>T</esrb>
<esrb_descriptors>Suggestive Themes, Violence</esrb_descriptors>
<genre>Action, Beat-'Em-Up </genre>
<release_date>16 Dec 2002</release_date>
<rating>7.8</rating>
<platform>Xbox</platform>
<exclusive>Yes</exclusive>
<titleid>4B4F0002</titleid>
<overview>Travel thousands of years into the future to the galaxy Theophilus. As Sho, your job is to solve the mystery of countless murders that have been committed by an invading alien force. Along the way, you'll decimate hordes of alien creatures and liquid-morphing enemies with customized blaster rifles and plasma swords. Summon the power of Neo-Psionics to blast through hordes of alien menaces in a single move. Now, with Crimson Sea's Phantom Sensor System, use sound and touch to discover the hidden enemy.</overview>
</synopsis>
