<synopsis>
<sourcename>Dinosaur Hunting (JPN)-B</sourcename>
<foldername>Dinosaur Hunting (JPN)</foldername>
<title>Dinosaur Hunting</title>
<developer>Scarab</developer>
<publisher>Metro 3D</publisher>
<features_general>Players 1, 480p, 720p, Dolby Digital</features_general>
<features_online/>
<esrb>Not Rated by ESRB</esrb>
<esrb_descriptors>Mild Language Violence</esrb_descriptors>
<genre>Action, Shooter, Third-Person, Historic</genre>
<release_date>02 Aug 2004</release_date>
<rating>5</rating>
<platform>Xbox</platform>
<exclusive>Yes</exclusive>
<titleid>4D530069</titleid>
<overview>Dinosaurs were recently discovered on the islands of Guiana, but they may soon suffer the same fate as their ancestors. In the Amazon interior, you'll join a large rescue operation to save dinosaurs from an impending volcano eruption. You'll have pistols, shotguns, and sniper rifles loaded with tranquilizers to ready dinosaurs for transportation, but be careful--some dinosaurs become angry when shot. As you hunt a wide variety of dinosaurs in different environments, you can keep a record of your captures in a diary.</overview>
</synopsis>
