<synopsis>
<sourcename>Gungriffon Allied Strike-T</sourcename>
<foldername>Gungriffon Allied Strike</foldername>
<title>GunGriffon: Allied Strike</title>
<developer>Game Arts</developer>
<publisher>Tecmo</publisher>
<features_general>Players 1, 480p, Dolby Digital</features_general>
<features_online>System Link 2-8</features_online>
<esrb>T</esrb>
<esrb_descriptors>Violence</esrb_descriptors>
<genre>Simulation, Sci-Fi, Mech</genre>
<release_date>14 Dec 2004</release_date>
<rating>5.5</rating>
<platform>Xbox</platform>
<exclusive>Yes</exclusive>
<titleid>54430009</titleid>
<overview>GunGriffon takes place in a futuristic world where human factions fight for what's left of the earth's resources. As a renegade soldier, you are part of a group whose prime mission is to take down armored tanks. You'll have your own war machine, a "High Mac" (High-Mobility Armored Combat System) to help you fight ground machines and a battery of armed soldiers. This mech action game boasts full Xbox Live compatibility with a multiplayer online mode and a variety of intense missions.</overview>
</synopsis>
