<synopsis>
<title>Justice League Heroes</title>
<developer>Snowblind Studios</developer>
<publisher>Eidos Interactive</publisher>
<features_general>Single-player, Multiplayer, 480p, 720p, 16:9, Dolby 5.1 Surround</features_general>
<features_online/>
<esrb>T</esrb>
<esrb_descriptors>Fantasy Violence, Mild Language</esrb_descriptors>
<genre>Role-Playing, Action RPG</genre>
<release_date>17 Oct 2006</release_date>
<rating>6.8</rating>
<platform>PlayStation 2, Xbox</platform>
<exclusive>No</exclusive>
<titleid/>
<overview>Justice League Heroes is an action adventure game with role-playing customization featuring Superman, Batman, Green Lantern, The Flash, Wonder Woman, Martian Manhunter, Zatanna and other unlockable Justice League super heroes. Each hero possesses an array of character-specific, upgradeable superpowers resulting in unique controls and fighting-styles. Engaging in one-to-two player cooperative combat, gamers are be able to customize and master these superpowers as they travel through interactive and destructible environments spanning the farthest corners of the universe.</overview>
</synopsis>
