<synopsis>
<sourcename>Blinx - The Time Sweeper-T</sourcename>
<foldername>Blinx - The Time Sweeper</foldername>
<title>Blinx: The Time Sweeper</title>
<developer>Artoon</developer>
<publisher>Microsoft Game Studios</publisher>
<features_general>Players 1, Dolby Digital</features_general>
<features_online/>
<esrb>E</esrb>
<esrb_descriptors>Mild Violence</esrb_descriptors>
<genre>Action, Platformer, 3D</genre>
<release_date>07 Oct 2002</release_date>
<rating>7.1</rating>
<platform>Xbox</platform>
<exclusive>Yes</exclusive>
<titleid>4D530013</titleid>
<overview>Blinx is a cat on a mission to fix glitches in time. With the aid of his trusty and powerful Time Sweeper, Blinx must recover lost time crystals, fight Time Monsters, and ultimately rescue a kidnapped princess. Visit nearly 40 levels in warped-reality worlds inspired by Venice, canyons, caves, ancient ruins, and even the works of artist MC Escher. You can also buy gear and power-ups, which enhance gameplay performance, or you can purchase enhanced versions of the Time Sweeper.</overview>
</synopsis>
