<synopsis>
<sourcename>Yonega Kunio no Shogi Seminar-T</sourcename>
<foldername>Yonega Kunio no Shogi Seminar</foldername>
<title>Yonega Kunio no Shogi Seminar</title>
<developer>success</developer>
<publisher>Arioka</publisher>
<features_general>Players 1-2</features_general>
<features_online/>
<esrb>Not Rated by ESRB</esrb>
<esrb_descriptors>No Descriptors</esrb_descriptors>
<genre/>
<release_date>13 Jun 2002</release_date>
<rating>No Rating</rating>
<platform>Xbox</platform>
<exclusive/>
<titleid>53550004</titleid>
<overview>Yonenaga Kunio no Shogi Seminar is a Party game, published by Success, which was released in Japan in 2002.</overview>
</synopsis>
