<synopsis>
<title>David Beckham Soccer</title>
<developer>Rage Games</developer>
<publisher>Rage Games</publisher>
<features_general>Single-player, Multiplayer</features_general>
<features_online/>
<esrb>Not Rated by ESRB</esrb>
<esrb_descriptors>None</esrb_descriptors>
<genre>Sport, Soccer</genre>
<release_date>2002</release_date>
<rating>Not Rated</rating>
<platform>Playstation, Playstation 2, Xbox</platform>
<exclusive/>
<titleid/>
<overview>Endorsed by the then England and Manchester United captain and international superstar, David Beckham Soccer is the last of Rage long tradition in developing soccer games. It includes both national and club teams (from England, France, Germany, Italy and Spain), plus the ability to create custom teams, with details ranging from the usual name, strips and colours to the stadium. Other than Beckham himself, no player is licensed (likeness is preserved, but names are replaced with phonetic equivalents, such as “Owin” or “Zanetee”), but the editor also allows the player to customize each player and team. Game modes include friendly, club season, several international cups (including the defunct Home Championship), Classic Matches (some featuring the highlights of Beckham's career, others just classic matches), Beat Brazil, where the player starts with France, and tries to beat Brazil with a progressively weaker team, Survival, where the player face top international teams, with goals against carrying over, until the player loses a match, and Train With Beckham, a series of drill minigames destined to teach the basics of the game and unlock “secrets”.</overview>
</synopsis>
