<synopsis>
<title>Batman: Dark Tomorrow</title>
<developer>HotGen</developer>
<publisher>Kemco</publisher>
<features_general>Single-player, 480p, Dolby 5.1 Surround</features_general>
<features_online/>
<esrb>T</esrb>
<esrb_descriptors>Violence</esrb_descriptors>
<genre>Action Adventure, Fantasy</genre>
<release_date>18 Mar 2003</release_date>
<rating>2.5</rating>
<platform>GameCube, PlayStation 2, Xbox</platform>
<exclusive>No</exclusive>
<titleid/>
<overview>Batman, the Dark Knight detective of Gotham City, is back in an all-new adventure. In Batman: Dark Tomorrow, it's up to Batman to solve the mystery and save the day. The legendary Caped Crusader must use all his mental and physical skills, batglider capabilities, devices from his utility belt, and sleuthing prowess to fight crime and defeat enemies. You must battle both new and familiar enemies, including Mr. Freeze, Poison Ivy, and the Joker. But in some missions, stealth is just as important as brute force.</overview>
</synopsis>
