<synopsis>
<title>Circus Maximus: Chariot Wars</title>
<developer>Kodiak Interactive</developer>
<publisher>Encore</publisher>
<features_general>Single-player, 480p, Dolby 5.1 Surround</features_general>
<features_online/>
<esrb>T</esrb>
<esrb_descriptors>Blood, Suggestive Themes, Violence</esrb_descriptors>
<genre>Racing</genre>
<release_date>05 Jul 2002</release_date>
<rating>6.7</rating>
<platform>PlayStation 2, Xbox</platform>
<exclusive>No</exclusive>
<titleid/>
<overview>As the FIRST and ONLY game to combine the classic themes of chariot racing and gladiator fighting, Circus Maximus: Chariot Wars brings the raw excitement of survival racing to the majestic coliseums and arenas of the Roman Empire. There is no other game like it</overview>
</synopsis>
