<synopsis>
<sourcename>Intellivision-T</sourcename>
<foldername>Intellivision</foldername>
<title>Intellivision</title>
<developer>Mattel Electronics, INTV Corporation</developer>
<publisher>Mattel Electronics, INTV Corporation</publisher>
<features_general>Joystick, Keypad</features_general>
<features_online>Playcable</features_online>
<esrb>Not Rated</esrb>
<esrb_descriptors>Not Rated</esrb_descriptors>
<genre>Video Games</genre>
<release_date>1980</release_date>
<rating>6.5</rating>
<platform>Home Video Game Console</platform>
<exclusive>N/A</exclusive>
<titleid>N/A</titleid>
<overview>The Intellivision is a home video game console released by Mattel Electronics in 1979. The name Intellivision is a portmanteau of "intelligent television". Development of the console began in 1977, the same year as the introduction of its main competitor, the Atari 2600. In 1984 Mattel sold their video game assets to a former Mattel Electronics executive and investors that would become INTV Corporation. Games development started in 1978 and continued until 1990 when the Intellivision was discontinued. From 1980 to 1983 over 3 million Intellivision units were sold. In 2009, video game website IGN named the Intellivision the No. 14 greatest video game console of all time. It remained Mattel's only video game console until the release of the HyperScan in 2006.</overview>
</synopsis>
