<synopsis>
<sourcename>Magi Death Fight - Mahou Gakuen (JPN)-T</sourcename>
<foldername>Magi Death Fight - Mahou Gakuen (JPN)</foldername>
<title>Magi Death Fight</title>
<developer>Takuyo</developer>
<publisher>Takuyo</publisher>
<features_general>Players 1-4</features_general>
<features_online/>
<esrb>Not Rated by ESRB</esrb>
<esrb_descriptors>No Descriptors</esrb_descriptors>
<genre>Third-person, Top down</genre>
<release_date>04 Jul 2002</release_date>
<rating>No Rating</rating>
<platform>Xbox</platform>
<exclusive/>
<titleid>544B0001</titleid>
<overview>Magi Death Fight is a top-down action game. There are two game modes: a single-player/cooperative campaign and multiplayer deathmatch mode, supporting up to four players. The game takes place in an arena. Four different color balls of magic energy float around randomly in the arena, and can be picked up and fired at your foes. By holding down the fire button you can control how far the ball shoots. The balls do no damage until the end of their travel, at which point they explode, damaging whatever is beneath them.</overview>
</synopsis>
