<synopsis>
<title>Halo 2</title>
<developer>Bungie Studios</developer>
<publisher>Microsoft Game Studios</publisher>
<features_general>Single-player, Multiplayer, 480p, 16:9, Dolby 5.1 Surround</features_general>
<features_online>Online, DLC, Max Player on System Link: 16</features_online>
<esrb>M</esrb>
<esrb_descriptors>Blood and Gore, Language, Violence</esrb_descriptors>
<genre>Action, Shooter, First-Person, Sci-Fi </genre>
<release_date>09 Nov 2004</release_date>
<rating>9.5</rating>
<platform>Xbox</platform>
<exclusive>Yes</exclusive>
<titleid>4D530064</titleid>
<overview>The Covenant alien race threatens to destroy all humankind, and the only thing standing in its way is Master Chief, a genetically enhanced supersoldier. Master Chief returns in Halo 2, which features new vehicles, weapons, environments, and more. This time, you can interact with your environment, wield two weapons at the same time, board opponents' vehicles, and even switch sides to play the role of a Covenant Elite. Halo 2 also supports broadband multiplayer action via Xbox Live. </overview>
</synopsis>
