<synopsis>
<title>Cel Damage</title>
<developer>Pseudo Interactive</developer>
<publisher>EA Games</publisher>
<features_general>Single-player, Multiplayer, 480p, Dolby 5.1 Surround</features_general>
<features_online/>
<esrb>T</esrb>
<esrb_descriptors>Comic Mischief, Violence</esrb_descriptors>
<genre>Driving, Racing, Kart</genre>
<release_date>14 Nov 2001</release_date>
<rating>6.5</rating>
<platform>GameCube, Xbox</platform>
<exclusive>No</exclusive>
<titleid/>
<overview>PART DEMOLITION DERBY, PART WHACKED-OUT CARTOON COME TO LIFE. *Deathmatch, capture-the-flag and gate racing action *36 wild, over-the-top weapons *10 tough 'toons *4-person split-screen multiplayer *12 interactive cartoon worlds.</overview>
</synopsis>
