<synopsis>
<title>Knights of the Temple II [EU]</title>
<developer>Cauldron HQ</developer>
<publisher>Playlogic</publisher>
<features_general>Single-player, 480p, Dolby 5.1 Surround</features_general>
<features_online/>
<esrb>M</esrb>
<esrb_descriptors>Blood Violence</esrb_descriptors>
<genre>Action Adventure, Fantasy, General, Fantasy</genre>
<release_date>23 Feb 2007</release_date>
<rating>5.3</rating>
<platform>Windows PC, Xbox</platform>
<exclusive/>
<titleid/>
<overview>The first dozen or so levels take literally minutes to hack your way through, and quickly the tone is set for the rest of the game, with a regular addition of new weapons and new moves, as well as the occasional puzzle and boss to fight along the way.</overview>
</synopsis>
