<synopsis>
<title>Links 2004</title>
<developer>Indie Built</developer>
<publisher>Microsoft Game Studios</publisher>
<features_general>Single-player, Multiplayer, 480p, Dolby 5.1 Surround</features_general>
<features_online>Online, Max Player on System Link: 4</features_online>
<esrb>E</esrb>
<esrb_descriptors>No Descriptors</esrb_descriptors>
<genre>Sports, Traditional, Golf, Sim </genre>
<release_date>01 Nov 2003</release_date>
<rating>8</rating>
<platform>Xbox</platform>
<exclusive>Yes</exclusive>
<titleid/>
<overview>Links, the golf franchise for the PC, has been rebuilt--from the ground up--exclusively for the Xbox. Links 2004 delivers one of the most realistic and competitive golf experiences. Through Xbox Live, golf fans worldwide can compete in friendly matches against old golfing buddies or in tournaments against the best golfers in the world. Links 2004 also features top championship courses from around the world and top professionals, including Sergio Garcia.</overview>
</synopsis>
