<synopsis>
<title>Buffy the Vampire Slayer: Chaos Bleeds</title>
<developer>Eurocom</developer>
<publisher>Vivendi</publisher>
<features_general>Single-player, Multiplayer, 480p, 16:9, Dolby 5.1 Surround</features_general>
<features_online/>
<esrb>T</esrb>
<esrb_descriptors>Blood and Gore, Mild Language, Suggestive Themes, Violence</esrb_descriptors>
<genre>Action, Beat-'Em-Up</genre>
<release_date>27 Aug 2003</release_date>
<rating>7.3</rating>
<platform>GameCube, PlayStation 2, Xbox</platform>
<exclusive>No</exclusive>
<titleid/>
<overview>Buffy the Vampire Slayer: Chaos Bleeds lets you play as six characters from the TV show--Buffy, Faith, Willow, Xander, Spike, and a friend from the past. Use each character's unique abilities to defeat an ancient evil that threatens to destroy them and their world. Set in both familiar and new locations, the game challenges you to overcome a variety of challenges. Chaos Bleeds also features several multiplayer modes, including Domination, Last Man Standing, Bunny Catcher, and Slayer Challenge.</overview>
</synopsis>
