<synopsis>
<title>Max Payne 2: The Fall of Max Payne</title>
<developer>Rockstar Vienna</developer>
<publisher>Rockstar Games</publisher>
<features_general>Single-player, 480p, 16:9, Dolby 5.1 Surround</features_general>
<features_online/>
<esrb>M</esrb>
<esrb_descriptors>Blood, Intense Violence, Mature Sexual Themes, Strong Language</esrb_descriptors>
<genre>Action, Shooter, Third-Person</genre>
<release_date>25 Nov 2003</release_date>
<rating>8.4</rating>
<platform>Windows PC, PlayStation 2, Xbox, Xbox 360</platform>
<exclusive>No</exclusive>
<titleid/>
<overview>A follow-up to 2001's Max Payne, Max Payne 2: The Fall of Max Payne features an all-new intriguing story and more slick combat. You play the role of Payne, a cop caught in a violent, film noir love story with a femme fatale murder suspect. Experience Payne's signature slow-motion gunplay with all new guns and new moves. The game features fully interactive environments, characters with ragdoll physics, and believable enemies. Max Payne 2 sets out to raise the bar for action game intensity once again.</overview>
</synopsis>
