<synopsis>
<sourcename>Kabuki Warriors-T</sourcename>
<foldername>Kabuki Warriors</foldername>
<title>Kabuki Warriors</title>
<developer>Light Weight</developer>
<publisher>Crave Entertainment</publisher>
<features_general>Players 1</features_general>
<features_online/>
<esrb>M</esrb>
<esrb_descriptors>Blood, Violence</esrb_descriptors>
<genre>Action, Fighting, 2D</genre>
<release_date>19 Nov 2001</release_date>
<rating>3.2</rating>
<platform>Xbox</platform>
<exclusive>Yes</exclusive>
<titleid>43560001</titleid>
<overview>As a fight promoter for a troop of Kabuki warriors trying to travel from Edo to Kyoto, your actor/samurai must possess both strength and style. Along the way you will have to fight other Kabuki troops, garner the crowds favor to receive tips, and trade warriors with your defeated counterparts. You will need a very accomplished group of samurai when you arrive in Kyoto to defeat the city's star troop.</overview>
</synopsis>
