<synopsis>
<title>Lego Star Wars II: The Original Trilogy</title>
<developer>Traveller's Tales</developer>
<publisher>LucasArts</publisher>
<features_general>Single-player, co-op Multiplayer, 480p, 16:9, Dolby 5.1 Surround</features_general>
<features_online/>
<esrb>E</esrb>
<esrb_descriptors>Cartoon Violence, Crude Humor</esrb_descriptors>
<genre>Action Adventure, Sci-Fi</genre>
<release_date>11 Sep 2006</release_date>
<rating>8.5</rating>
<platform>GameCube, Windows PC, PlayStation 2, Xbox, Xbox 360</platform>
<exclusive>No</exclusive>
<titleid/>
<overview>Lego Star Wars II takes the fun and customization ability of the LEGO play pattern and combines it with the epic story, characters and action from the revolutionary Star Wars: Episodes IV, V and VI. With a unique tongue-in-cheek take on the Original Trilogy, LEGO Star Wars II lets you build and battle your way through your favorite film moments. From Darth Vader's pursuit of Princess Leia aboard her Blockade Runner to Luke's final confrontation with Emperor Palpatine. For the first time ever, characters can get in and out of vehicles, as well as ride creatures. Because it's LEGO style, you can also mix and match the body parts of more than 50 playable characters to create one of millions of possible LEGO Star Wars heroes. And on PS2, Xbox and Windows platforms, a game save from the first LEGO Star Wars can unlock another 50-plus additional characters for Free Play mode -- that's more than 100 total characters. Other exciting additions include free-roaming vehicle levels, the ability to switch ships at will in Free Play mode, cool new character-specific attacks and maneuvers, playable mini-kit vehicles, an adaptive difficulty option and more.</overview>
</synopsis>
