<synopsis>
<title>Hitman: Blood Money</title>
<developer>IO Interactive</developer>
<publisher>Eidos Interactive</publisher>
<features_general>Single-player, 480p, 16:9</features_general>
<features_online/>
<esrb>M</esrb>
<esrb_descriptors>Blood, Intense Violence, Partial Nudity, Sexual Themes, Strong Language, Use of Drugs</esrb_descriptors>
<genre>Action Adventure</genre>
<release_date>30 May 2006</release_date>
<rating>8.1</rating>
<platform>Windows PC, PlayStation 2, PlayStation 3, Xbox, Xbox 360</platform>
<exclusive>No</exclusive>
<titleid/>
<overview>When assassins from Agent 47's contract agency, The ICA, are systematically eliminated in a series of hits, it seems a larger, more powerful agency has entered the fray. For Agent 47 it's business as usual, until suddenly he loses contact with The ICA. Sensing that he may be the next target, he travels to America, where he prepares to make a killing. Agent 47 is back and this time he's paid in cold, hard cash. How the money is spent will affect his passage through the game and the weapons at his disposal, resulting in a unique gameplay experience for each player. Powered by a new version of Io's stunning Glacier engine, Hitman: Blood Money delivers the most brutal and realistic simulation of life as the world's deadliest assassin.</overview>
</synopsis>
