<synopsis>
<sourcename>Madden 2009-MB</sourcename>
<foldername>Madden 2009</foldername>
<title>Madden NFL 09</title>
<developer>EA Tiburon</developer>
<publisher>EA Sports</publisher>
<features_general>Players 1-4, 480p, Custom Soundtracks, Dolby Digital</features_general>
<features_online/>
<esrb>E</esrb>
<esrb_descriptors>No Descriptors</esrb_descriptors>
<genre>Sports, Traditional, Football, Sim</genre>
<release_date>12 Aug 2008</release_date>
<rating>8.3</rating>
<platform>PlayStation 2, Xbox</platform>
<exclusive>No</exclusive>
<titleid>4541023B</titleid>
<overview>Celebrating 20 Years of Innovation and counting, Madden NFL 09 delivers its most complete NFL football package ever. Whether youâ€™re a seasoned veteran or picking up the game for the first time, players of all skill levels will enjoy a unique, yet challenging experience with the innovative Adaptive Difficulty Engine, which tailors the game to match your playing style. Instantly improve your game with the all-new virtual Training Center or incorporate feedback with EA SPORTS BackTrack, allowing you to learn from your mistakes on the fly. With a new broadcast presentation and online leagues, plus more than 85 new features and enhancements, Madden NFL 09 is the most authentic and adaptable game in sports video game history.</overview>
</synopsis>
