<synopsis>
<sourcename>Harry Potter Quidditch World Cup-T</sourcename>
<foldername>Harry Potter Quidditch World Cup</foldername>
<title>Harry Potter: Quidditch World Cup</title>
<developer>EA Games</developer>
<publisher>EA Games</publisher>
<features_general>Players 1-2, Dolby Digital</features_general>
<features_online/>
<esrb>E</esrb>
<esrb_descriptors>No Descriptors</esrb_descriptors>
<genre>Sports, Alternative, Other</genre>
<release_date>28 Oct 2003</release_date>
<rating>6.9</rating>
<platform>GameCube, Windows PC, PlayStation 2, Xbox</platform>
<exclusive>No</exclusive>
<titleid>4541003D</titleid>
<overview>Take to the air in a game that allows players to fully experience the magical speed, power, and competition of Quidditch, the favorite sport of witches and wizards. In Harry Potter: Quidditch World Cup, you'll experience the full complexity and exciting challenge of Quidditch, which involves two teams of seven players who fly on broomsticks, playing four balls simultaneously. You control every position on a team, including three Chasers who try to score with the Quaffle, two Beaters who control the dangerous Bludgers, the Keeper who protects the goal, and the Seeker who chases the elusive Golden Snitch that must be caught to end the match.</overview>
</synopsis>
