<synopsis>
<title>F1 2002[EU]</title>
<developer>EA Sports</developer>
<publisher>EA Games</publisher>
<features_general>Single-player, Multiplayer, Dolby 5.1 Surround</features_general>
<features_online/>
<esrb>E</esrb>
<esrb_descriptors>No Descriptors</esrb_descriptors>
<genre>Driving, Racing, Formula One</genre>
<release_date>04 Apr 2002</release_date>
<rating>8.1</rating>
<platform>Windows PC, PlayStation 2, Xbox</platform>
<exclusive>No</exclusive>
<titleid/>
<overview>Compete for, unlock and collect Formula One team specific EA SPORTS cards to win unique rewards and access new game modes. Building on the Challenge Mode from F1 2001 you can now set multi car challenges and compete against the star drivers from the Formula One grid. Enter into a head to head battle and test your driver skills against an opponent in an equally competitive machine. Handling, AI and engine sounds change as you test your skills in a team at the back of the grid or as a World Championship contender. Experience game breaking moments from multiple director cameras and capturing the emotion of a hard fought victory with unique hero shots.</overview>
</synopsis>
