<synopsis>
<title>MLB 2K7</title>
<developer>Kush Games</developer>
<publisher>2K Games</publisher>
<features_general>Single-player, Multiplayer, 480p, 16:9, Dolby 5.1 Surround</features_general>
<features_online/>
<esrb>E</esrb>
<esrb_descriptors>No Descriptors</esrb_descriptors>
<genre>Sports, Traditional, Baseball, Sim </genre>
<release_date>2007</release_date>
<rating>7.1</rating>
<platform>PlayStation 2, Xbox</platform>
<exclusive>No</exclusive>
<titleid/>
<overview>It's a whole new ballgame Major League Baseball 2K7 redefines the pure baseball video game experience with true, Next-Gen details, all-new throwing mechanics and a revolutionary presentation system. Featuring stunning, lifelike player models, Signature Style animations, Inside Edge data and more, Major League Baseball 2K7 delivers the most authentic baseball action to date.</overview>
</synopsis>
