<synopsis>
<sourcename>Backyard Wrestling-T</sourcename>
<foldername>Backyard Wrestling</foldername>
<title>Backyard Wrestling: Don't Try This at Home</title>
<developer>Paradox Development</developer>
<publisher>Eidos Interactive</publisher>
<features_general>Players 1-2, Custom Soundtracks</features_general>
<features_online/>
<esrb>M</esrb>
<esrb_descriptors>Blood, Intense Violence, Mature Sexual Themes, Strong Language</esrb_descriptors>
<genre>Action, Fighting, Wrestling</genre>
<release_date>09 Oct 2003</release_date>
<rating>5</rating>
<platform>PlayStation 2, Xbox</platform>
<exclusive>No</exclusive>
<titleid>4553000D</titleid>
<overview>Get ready for the most hardcore fighting experience on your console. Insane stunts, brutal weapons and a whole world of pain, Backyand Wrestling allows you to step into a groundbreaking new world of open-ended gameplay. Punish your opponent using instruments of pain like bricks, light bulbs, tables as well as the environment itself.</overview>
</synopsis>
