<synopsis>
<title>Combat: Task Force 121</title>
<developer>Direct Action</developer>
<publisher>Groove Games</publisher>
<features_general>Single-player, Multiplayer, 480p, 16:9, Dolby 5.1 Surround</features_general>
<features_online>Max Players on System Link: 8 &lt;16 with Dedicated Server&gt;</features_online>
<esrb>M</esrb>
<esrb_descriptors>Blood, Violence</esrb_descriptors>
<genre>Action, Shooter, First-Person, Tactical, Modern</genre>
<release_date>22 Mar 2005</release_date>
<rating>4.4</rating>
<platform>Windows PC, Xbox</platform>
<exclusive>Yes</exclusive>
<titleid/>
<overview>Terrorist acts have prompted the US government to call for the help of stronger military forces. As part of Task Force 121, you must travel to a variety of locations--such as the jungle, an oil rig, and an exotic island--to stop the terrorists before they become even more powerful. To survive, you must master military techniques and weapons, including pistols, assault rifles, grenade launchers, shotguns, sniper rifles, and more.</overview>
</synopsis>
