<synopsis>
<sourcename>Madden 2006-B</sourcename>
<foldername>Madden 2006</foldername>
<title>Madden NFL 06</title>
<developer>EA Tiburon</developer>
<publisher>EA Sports</publisher>
<features_general>Players 1-4, 480p, Custom Soundtracks, Dolby Digital</features_general>
<features_online>DLC</features_online>
<esrb>E</esrb>
<esrb_descriptors>No Descriptors</esrb_descriptors>
<genre>Sports, Traditional, Football, Sim</genre>
<release_date>08 Aug 2005</release_date>
<rating>8.6</rating>
<platform>GameCube, Macintosh, Windows PC, PlayStation 2, Xbox</platform>
<exclusive>No</exclusive>
<titleid>45410075</titleid>
<overview>With its new modes and enhancements, Madden NFL 06 offers an authentic football experience. Among the game's offensive enhancements are "QB Vision Control," which gives each quarterback a unique field of vision, and "QB Precision Placement," which lets you throw the ball more accurately. In the new NFL Superstar mode, you can experience the life of an NFL player by earning one of more than 60 personas ranging from MVP to movie star.</overview>
</synopsis>
