<synopsis>
<sourcename>Dragon's Lair 3D - Return to the Lair-T</sourcename>
<foldername>Dragon's Lair 3D - Return to the Lair</foldername>
<title>Dragon's Lair 3D: Return to the Lair</title>
<developer>Dragonstone Software</developer>
<publisher>Ubisoft</publisher>
<features_general>Players 1, 480p, 720p, 1080i, Widescreen, Dolby Digital</features_general>
<features_online/>
<esrb>T</esrb>
<esrb_descriptors>Mild Violence</esrb_descriptors>
<genre>Action, Platformer, 3D</genre>
<release_date>18 Nov 2002</release_date>
<rating>6.2</rating>
<platform>GameCube, Macintosh, Windows PC, PlayStation 2, Xbox</platform>
<exclusive>No</exclusive>
<titleid>55530012</titleid>
<overview>Princess Daphne has been kidnapped by the evil dragon, Singe, and hidden in a medieval castle owned my Mordroc, a powerful and malevolent wizard. To save her, you will take on the role of Dirk the Daring, a goofy but courageous knight. As he advances through the castle with the help of a magical amulet, Dirk must overcome a slew of challenges, from jumping over flaming pits and climbing ropes to flying across chasms and battling swarms of the wizard's minions. Use quick reflexes, cunning, and resourcefulness to fight your way through the castle to find Daphne and save the kingdom from Mordroc's clutches.</overview>
</synopsis>
