<synopsis>
<title>LMA Manager 2003[EU]</title>
<developer>Codemasters</developer>
<publisher>Codemasters</publisher>
<features_general>Single-player</features_general>
<features_online/>
<esrb>Not Rated by ESRB</esrb>
<esrb_descriptors>None</esrb_descriptors>
<genre>Sport, Soccer Management Simulator</genre>
<release_date>15 Nov 2002</release_date>
<rating>Not Rated</rating>
<platform>Xbox, PlayStation 2</platform>
<exclusive>No</exclusive>
<titleid/>
<overview>Released in November 2002, this was the first edition to be released on Xbox, alongside the PS2 release. The version added no additional leagues and contained minor enhancements from the previous game.</overview>
</synopsis>
