<synopsis>
<foldername>Quake</foldername>
<title>Quake</title>
<developer>id Software (Ported by FakeGLx/Marty)</developer>
<publisher>Homebrew</publisher>
<features_general>Single-player, Multiplayer</features_general>
<features_online>None</features_online>
<esrb>Not Rated</esrb>
<esrb_descriptors>Not Rated</esrb_descriptors>
<genre>Action, Shooter, First-Person</genre>
<release_date>Mid 2000's</release_date>
<rating>9.4</rating>
<platform>Xbox, MS-DOS, AmigaOS, Mac OS, Sega Saturn, Nintendo 64, Linux, Windows</platform>
<exclusive>No</exclusive>
<titleid>0</titleid>
<overview>The successor to id Software's Doom series, Quake built upon the technology and gameplay of its predecessors. Unlike the Doom engine before it, the Quake engine offered full real-time 3D rendering and had early support for 3D acceleration through OpenGL. After Doom helped to popularize multiplayer deathmatches in 1993, Quake added various multiplayer options. Online multiplayer became increasingly common, with the QuakeWorld update and software such as QuakeSpy making the process of finding and playing against others on the Internet easier and more reliable.</overview>
</synopsis>
