<synopsis>
<title>Burger King - PocketBike Racer</title>
<developer>Blitz Games</developer>
<publisher>King Games</publisher>
<features_general>Single-player, Multiplayer</features_general>
<features_online/>
<esrb>E</esrb>
<esrb_descriptors>Mild Violence</esrb_descriptors>
<genre>Racing</genre>
<release_date>19 Nov 2006</release_date>
<rating>5.4</rating>
<platform>Xbox, Xbox 360</platform>
<exclusive>No</exclusive>
<titleid/>
<overview>The game, based on pocketbike racing, features customizable bikes and drivers. Players can choose one of five tracks to race on: a Burger King restaurant parking lot, a construction site, a neighborhood, the King's garden or the fabled Fantasy Ranch set. The game can be played solo, with up to four players in split-screen set-up, or up to eight online using Xbox Live. The game contains a track from Miami retro-punk band The Dead Hookers' Bridge Club.</overview>
</synopsis>
