<synopsis>
<foldername>Descent</foldername>
<title>Descent</title>
<developer>Parallax Software (Ported by A600)</developer>
<publisher>Homebrew</publisher>
<features_general>Single-player</features_general>
<features_online>None</features_online>
<esrb>Not Rated</esrb>
<esrb_descriptors>Not Rated</esrb_descriptors>
<genre>Action, Shooter, First-Person, Sci-Fi</genre>
<release_date>Mid 2000's</release_date>
<rating>8.5</rating>
<platform>Xbox, DOS, Macintosh, Playstation, Acorn Archimedes</platform>
<exclusive>No</exclusive>
<titleid>0</titleid>
<overview>Descent is a spacecraft-based first-person shooter and shoot 'em up video game developed by Parallax Software and released by Interplay in 1995 for DOS, and later for Macintosh, PlayStation, Acorn Archimedes and now for the Original Xbox. It is best known for popularizing a subgenre of first-person shooters taking advantage of the six degrees of freedom. It is also the first first-person shooter to feature entirely 3D graphics. The player is cast as a mercenary hired to eliminate the threat of a mysterious extraterrestrial computer virus infecting off-world mining robots. In a series of mines throughout the Solar System, the protagonist pilots a spaceship and must locate and destroy the mine's power reactor and escape being caught in the mine's self-destruction, defeating any opposing robots along the way.</overview>
</synopsis>
