<synopsis>
<sourcename>Jikkyou World Soccer 2002 (JPN)-MB</sourcename>
<foldername>Jikkyou World Soccer 2002 (JPN)</foldername>
<title>Jikkyou World Soccer 2002</title>
<developer>Konami</developer>
<publisher>Konami</publisher>
<features_general>Players 1-4</features_general>
<features_online/>
<esrb>Not Rated by ESRB</esrb>
<esrb_descriptors>No Descriptors</esrb_descriptors>
<genre>Sport, Soccer</genre>
<release_date>23 May 2002</release_date>
<rating>No Rating</rating>
<platform>GameCube, PlayStation 2, Xbox</platform>
<exclusive>No</exclusive>
<titleid>4B410001</titleid>
<overview>Jikkyou World Soccer 2002 is a Sports game, developed and published by Konami, which was released in Japan in 2002.</overview>
</synopsis>
