<synopsis>
<foldername>Star Wars: A New Hope</foldername>
<title>Star Wars: A New Hope</title>
<developer>SHiZNO/PeteGabe</developer>
<publisher>Homebrew</publisher>
<features_general>Single-player</features_general>
<features_online>None</features_online>
<esrb>Not Rated</esrb>
<esrb_descriptors>Not Rated</esrb_descriptors>
<genre>Action, Shooter, Sci-Fi</genre>
<release_date>Mid 2000's</release_date>
<rating>7.5</rating>
<platform>Xbox, Arcade, Atari 2600, Atari 5200, Atari XE, ColecoVision, Commodore 64</platform>
<exclusive>No</exclusive>
<titleid>0</titleid>
<overview>The player assumes the role of Luke Skywalker ("Red Five"), as he pilots an X-Wing fighter from a first-person perspective. Unlike other arcade games of similar nature, the player does not have to destroy every enemy in order to advance through the game; he must simply survive as his fighter flies through the level, which most often means he must avoid or destroy the shots that enemies fire. The player's ultimate goal is to destroy the Death Star through three attack phases. Each successive Death Star run greatly increases the difficulty; TIE Fighters shoot more often, there are more Laser towers and batteries in the second round, and there are many more obstacles and laser fire during the trench run. Unlike the movie, where the units shoot laser cannons, the enemy units in this game shoot projectiles resembling fireballs, in order to give the player a chance to destroy the shots fired at him.</overview>
</synopsis>
