<synopsis>
<sourcename>DVDX v2-T</sourcename>
<foldername>DVDX v2</foldername>
<title>DVDX v2</title>
<developer>Unknown</developer>
<publisher>Homebrew</publisher>
<features_general>DVD Playback without Dongle</features_general>
<features_online>None</features_online>
<esrb>Not Rated by ESRB</esrb>
<esrb_descriptors>Not Rated by ESRB</esrb_descriptors>
<genre>Application</genre>
<release_date>Unknown</release_date>
<rating>7.5</rating>
<platform>Modified Xbox</platform>
<exclusive>Yes</exclusive>
<titleid>FFADF32F</titleid>
<overview>DVD playback without the need for the official DVD dongle.</overview>
</synopsis>
