<synopsis>
<title>Forza Motorsport</title>
<developer>Microsoft Game Studios</developer>
<publisher>Microsoft Game Studios</publisher>
<features_general>Single-player, Multiplayer, 480p, 16:9, Dolby 5.1 Surround</features_general>
<features_online>Max Player on System Link: 8</features_online>
<esrb>E</esrb>
<esrb_descriptors>No Descriptors</esrb_descriptors>
<genre>Racing</genre>
<release_date>03 May 2005</release_date>
<rating>9.2</rating>
<platform>Xbox</platform>
<exclusive>Yes</exclusive>
<titleid/>
<overview>Forza Motorsport lets you own, customize, and race your favorite cars. You can collect models from more than 60 manufacturers and then race to earn money for upgrades and aftermarket parts. Test-drive your vehicle on various tracks, ranging from the challenging Nurburgring Nordschleife to the streets of Rio de Janeiro. You can even train your own "Drivatars" to use the same racing techniques you do, so they can race for you in competitions or train new drivers on your team. In addition to single-player challenges, the game includes multiplayer modes that are playable via Xbox Live. </overview>
</synopsis>
