<synopsis>
<sourcename>Dance Dance Revolution Ultramix 4-MB</sourcename>
<foldername>Dance Dance Revolution Ultramix 4</foldername>
<title>Dance Dance Revolution Ultramix 4</title>
<developer>Konami</developer>
<publisher>Konami</publisher>
<features_general>Players 1-4, Dance Pad, Dolby Digital</features_general>
<features_online>DLC</features_online>
<esrb>E</esrb>
<esrb_descriptors>Mild Lyrics, Suggestive Themes</esrb_descriptors>
<genre>Miscellaneous, Rhythm, Dancing</genre>
<release_date>14 Nov 2006</release_date>
<rating>7.6</rating>
<platform>Xbox</platform>
<exclusive>Yes</exclusive>
<titleid>4B4E0037</titleid>
<overview>The hottest revolution and bestselling video game in the music game category delivers its best dance performance yet on the Xbox with Dance Dance Revolution Ultramix 4. Jam-packed with new features, modes, music and gameplay, ULTRAMIX4 offers incredible content for casual, beginner and advanced dancers. For first time players, Dance Dance Revolution ULTRAMIX4 is the perfect introductory game in the series with new tutorials and super-easy levels to make anyone a dancing machine. Over 65 new songs, including licensed songs, popular hits and dance remixes exclusive for the Xbox.</overview>
</synopsis>
