<synopsis>
<title>MLB 2K6</title>
<developer>Kush Games</developer>
<publisher>2K Games</publisher>
<features_general>Single-player, Multiplayer, 480p, 16:9, Dolby 5.1 Surround</features_general>
<features_online/>
<esrb>E</esrb>
<esrb_descriptors>No Descriptors</esrb_descriptors>
<genre>Sports, Traditional, Baseball, Sim </genre>
<release_date>03 Apr 2006</release_date>
<rating>7.1</rating>
<platform>PlayStation 2, PSP, Xbox</platform>
<exclusive>No</exclusive>
<titleid/>
<overview>Major League Baseball 2K6 is the newest baseball offering from 2K Sports and the only MLB-licensed game this year. Use the new Inside Edge scouting service to get detailed stat tracking and in-depth player reports. MLB 2K6 features detailed controls, letting you use the analog sticks to make precision changes to your swings and throws. ESPN broadcasters Joe Miller and Joe Morgan return to do the commentary. In addition to the single-player season and exhibition modes, MLB 2K6 includes a multiplayer mode.</overview>
</synopsis>
