<synopsis>
<title>Aquaman: Battle for Atlantis</title>
<developer>TDK</developer>
<publisher>TDK</publisher>
<features_general>Single-player</features_general>
<features_online/>
<esrb>T</esrb>
<esrb_descriptors>Violence</esrb_descriptors>
<genre>Action Adventure, Fantasy</genre>
<release_date>30 Jul 2003</release_date>
<rating>2.6</rating>
<platform>GameCube, Xbox</platform>
<exclusive>No</exclusive>
<titleid/>
<overview>Here's your chance to wield the power of Aquaman, the DC Comics superhero, as he defends the deep-sea city of Atlantis against such enemies as Ocean Master, Black Manta, and the Lava Lord of the Fire Trolls. You must fight to save the lost city by using Aquaman's super powers, telepathy, and hook-hand. While the game features plenty of intense underwater battles, you can also bombard your enemies from an attack sub in first-person mode.</overview>
</synopsis>
