<synopsis>
<title>Marvel vs. Capcom 2</title>
<developer>Capcom</developer>
<publisher>Capcom</publisher>
<features_general>Single-player, Multiplayer, 480p, Dolby 5.1 Surround</features_general>
<features_online/>
<esrb>T</esrb>
<esrb_descriptors>Blood, Suggestive Themes, Violence</esrb_descriptors>
<genre>Action, Fighting, 2D </genre>
<release_date>30 Mar 2003</release_date>
<rating>6.5</rating>
<platform>PlayStation 2, PlayStation 3, Xbox, Xbox 360</platform>
<exclusive>No</exclusive>
<titleid>43430007</titleid>
<overview>Two powerful universes collide in Marvel vs. Capcom 2. The game mixes characters from Capcom games with superheroes from the Marvel Universe, creating a total of 56 fighters. Assemble a team of your favorite heroes and villains for intense three-on-three tag-team matches. Each character type has an array of special attributes and, with the right team combination, you can pull off amazing super combos and special moves.</overview>
</synopsis>
