<synopsis>
<title>Burnout Revenge</title>
<developer>Criterion Games</developer>
<publisher>EA Games</publisher>
<features_general>Single-player, Multiplayer, 480p, 16:9, Dolby 5.1 Surround</features_general>
<features_online>Online</features_online>
<esrb>E</esrb>
<esrb_descriptors>Violence</esrb_descriptors>
<genre>Driving, Racing, Arcade</genre>
<release_date>13 Sep 2005</release_date>
<rating>8.9</rating>
<platform>Online, PlayStation 2, Xbox</platform>
<exclusive>No</exclusive>
<titleid/>
<overview>Burnout Revenge is a racing game in which your desire for destruction is as important as your ability to reach the finish line. The sequel to Burnout 3 adds some new features such as detailed car damage, crash combos, and a meter that rewards vengeance on the road. Game modes run the range from pure racing to pure destruction on a handful of real-world locations, including Detroit and Rome. Burnout Revenge also supports online play for challenging other players.</overview>
</synopsis>
