<synopsis>
<sourcename>Exa Skeleton (JPN)-MB</sourcename>
<foldername>Exa Skeleton (JPN)</foldername>
<title>ExaSkeleton</title>
<developer>Kiki Co.</developer>
<publisher>Kiki Co.</publisher>
<features_general>Players 1</features_general>
<features_online/>
<esrb>Not Rated by ESRB</esrb>
<esrb_descriptors>No Descriptors</esrb_descriptors>
<genre>Third-person shooter</genre>
<release_date>18 Dec 2003</release_date>
<rating>No Rating</rating>
<platform>Xbox</platform>
<exclusive>Yes</exclusive>
<titleid>4B4B0003</titleid>
<overview>Exaskeleton is a linear mech-combat game. Each mission in the game is book-ended by long, talking-head dialogue scenes between the various members of Joe's party. Before each mission the model of Joe's (as well as allies, if available) frame can be selected, either the nimble and weak Light Frame, the armored and slow Heavy Frame, or the in between Middle Frame. Two weapon slots are taken up by small arms, either a pistol, machine gun, or grenades, while the other two slots are taken up by more powerful weapons, like missile launchers, sniper riffles, and Gatling guns, with the most powerful only able to be equipped by a Heavy Frame. Weapons have limited ammo and overheat if fired continuously. Each body part of a frame is armored, and after the armor on a part is destroyed any additional damage to that part will damage the frame itself, until eventually the frame is destroyed.</overview>
</synopsis>
