<synopsis>
<title>Digimon World 4 / Dejimon Wārudo X [JP]</title>
<developer>Bandai</developer>
<publisher>Atari</publisher>
<features_general>Single-player, Multiplayer</features_general>
<features_online/>
<esrb>E</esrb>
<esrb_descriptors>Fantasy Violence</esrb_descriptors>
<genre>Role-Playing, Console-style RPG</genre>
<release_date>02 Jun 2005</release_date>
<rating>5.4</rating>
<platform>GameCube, PlayStation 2, Xbox</platform>
<exclusive>No</exclusive>
<titleid>42410002</titleid>
<overview>The Digimon are ready to embark on a new adventure filled with intense battles. In Digimon World 4, all access to the real world has been terminated, security has been breached, and a new mysterious world has been discovered. Now it's up to you, the Digital Security Guard, to investigate and bring peace back to the Digital World. You can play as your favorite Digimon from the TV series and unlock special Digivolved Digimon by mastering skills and techniques. With the PlayStation 2 multitap, you can play with up to three of your friends in multiplayer mode.</overview>
</synopsis>
