<synopsis>
<title>Karaoke Revolution Party</title>
<developer>Harmonix Music</developer>
<publisher>Konami</publisher>
<features_general>Single-player, Multiplayer, 480p</features_general>
<features_online>DLC</features_online>
<esrb>E</esrb>
<esrb_descriptors>Mild Lyrics, Suggestive Themes</esrb_descriptors>
<genre>Miscellaneous, Rhythm, Music</genre>
<release_date>08 Nov 2005</release_date>
<rating>8</rating>
<platform>GameCube, PlayStation 2, Xbox</platform>
<exclusive>No</exclusive>
<titleid/>
<overview>Now you can showcase your vocal skills in the next installment in Konami's singing series. Karaoke Revolution Party features 50 songs, new multiplayer and party modes, and EyeToy support.</overview>
</synopsis>
