<synopsis>
<sourcename>Ghost Recon Advanced Warfighter-M</sourcename>
<foldername>Ghost Recon Advanced Warfighter</foldername>
<title>Tom Clancy's Ghost Recon: Advanced Warfighter</title>
<developer>Ubisoft</developer>
<publisher>Ubisoft</publisher>
<features_general>Players 1-4, 480p, Dolby Digital</features_general>
<features_online>System Link 2-12, DLC</features_online>
<esrb>T</esrb>
<esrb_descriptors>Blood, Mild Language, Violence</esrb_descriptors>
<genre>Action, Shooter, First-Person, Tactical</genre>
<release_date>07 Mar 2006</release_date>
<rating>6.6</rating>
<platform>PlayStation 2, Xbox</platform>
<exclusive>No</exclusive>
<titleid>55530054</titleid>
<overview>In Tom Clancy's Ghost Recon Advanced Warfighter you can play as a Ghost, the best trained and equipped soldier the US Army has to offer. The year is 2013 and an insurgency has broken out in Mexico City, and it is your job to infiltrate the city and attempt to restore order. You will need to rely on your superior equipment, weaponry, and training to succeed against a larger force of enemies. Ghost Recon Advanced Warfighter also features both cooperative and competitive multiplayer.</overview>
</synopsis>
