<synopsis>
<title>Jikkyou World Soccer 2002[JP]</title>
<developer>Konami</developer>
<publisher>Konami</publisher>
<features_general>Single-player, Multiplayer</features_general>
<features_online/>
<esrb>Not Rated by ESRB</esrb>
<esrb_descriptors>None</esrb_descriptors>
<genre>Sport, Soccer</genre>
<release_date>23 May 2002</release_date>
<rating>Not Rated</rating>
<platform>GameCube, PlayStation 2, Xbox</platform>
<exclusive>No</exclusive>
<titleid/>
<overview>Jikkyou World Soccer 2002 is a Sports game, developed and published by Konami, which was released in Japan in 2002.</overview>
</synopsis>
