<synopsis>
<sourcename>Touge R (JPN)-T</sourcename>
<foldername>Touge R (JPN)</foldername>
<title>Touge R</title>
<developer>Cave</developer>
<publisher>Atlus</publisher>
<features_general>Players 1-2, Wheel, Dolby Digital</features_general>
<features_online/>
<esrb>Not Rated by ESRB</esrb>
<esrb_descriptors>No Descriptors</esrb_descriptors>
<genre>Racing</genre>
<release_date>12 Dec 2002</release_date>
<rating>No Rating</rating>
<platform>Xbox</platform>
<exclusive/>
<titleid>41540001</titleid>
<overview>Touge R is a series of racing games published by Atlus in Japan since 1995. The series was originally developed by Cave, however Touge R was developed by Nextech. As best sellers, Touge Max: Saisoku Drift Master and Touge Max 2 received re-releases in Sony's The Best line of budget range games. The gameplay focuses on import sports cars driving downhill in Japanese mountain passes using the drifting technique on curves.</overview>
</synopsis>
