<synopsis>
<sourcename>Brave Knight (JPN)-B</sourcename>
<foldername>Brave Knight (JPN)</foldername>
<title>Braveknight</title>
<developer>Panther Software</developer>
<publisher>Panther Software</publisher>
<features_general>Players 1, Dolby Digital</features_general>
<features_online/>
<esrb>Not Rated by ESRB</esrb>
<esrb_descriptors>No Descriptors</esrb_descriptors>
<genre/>
<release_date>26 Sep 2002</release_date>
<rating>No Rating</rating>
<platform>Xbox</platform>
<exclusive/>
<titleid>494C0002</titleid>
<overview>Japanese love/relationship simulation game, originally planned for Dreamcast release. The game's story deals with the royal Ahfolg family. Gameplay involves looking at pictures of clothed anime lasses in suggestive poses, reading what they say, and giving the right (or wrong) responses. Single-player game. Supports Dolby Digital 5.1 sound.</overview>
</synopsis>
