<synopsis>
<sourcename>ESPN NHL Hockey-M</sourcename>
<foldername>ESPN NHL Hockey</foldername>
<title>NHL 2K4</title>
<developer>Kush Games</developer>
<publisher>Sega</publisher>
<features_general>Players 1-4, 480p</features_general>
<features_online>DLC</features_online>
<esrb>E</esrb>
<esrb_descriptors>Violence</esrb_descriptors>
<genre>Sports, Traditional, Ice Hockey, Sim</genre>
<release_date>09 Sep 2003</release_date>
<rating>8.8</rating>
<platform>PlayStation 2, Xbox</platform>
<exclusive>No</exclusive>
<titleid>53450026</titleid>
<overview>ESPN NHL Hockey brings you a complete NHL experience. Play a single game or an entire season as any current NHL team, or a historic team, complete with vintage jerseys. All the uniforms, arenas, player models, and environmental effects are meticulously detailed. With an advanced graphics engine, an exclusive ESPN presentation system featuring Gary Thorne and Bill Clement, and exciting new modes to play such as the authentic Skills Competition, ESPN NHL Hockey leads the league in hockey realism.</overview>
</synopsis>
