<synopsis>
<title>LMA Manager 2004[EU] / BDFL Manager (GER)</title>
<developer>Codemasters</developer>
<publisher>Codemasters</publisher>
<features_general>Single-player</features_general>
<features_online/>
<esrb>Not Rated by ESRB</esrb>
<esrb_descriptors>None</esrb_descriptors>
<genre>Sport, Soccer Management Simulator</genre>
<release_date>12 Mar 2004</release_date>
<rating>Not Rated</rating>
<platform>Xbox, PlayStation 2</platform>
<exclusive>No</exclusive>
<titleid/>
<overview>The next in the series was released in March 2004 on PS2 and Xbox, and added a variety of enhancements to the match, as well as new commentary in the post-match highlights voiced by renowned commentator Barry Davies and analysed by Lineker and Hansen as before. New 'Fantasy Team' mode (replacing the 'Challenge Mode' in earlier games) whereby users could build up a team from scratch using a preallocated budget, based loosely on the popular fantasy football game. Once the user had compiled a squad and selected a team name, stadium and kit, the newly created club would compete in one of the leagues in the game. Another new feature in this version was the option (on Xbox only) of issuing tactical instructions to your team via the Xbox Communicator headset during a match.</overview>
</synopsis>
