<synopsis>
<sourcename>Fatal Frame 2-T</sourcename>
<foldername>Fatal Frame 2</foldername>
<title>Fatal Frame II: Crimson Butterfly</title>
<developer>Tecmo</developer>
<publisher>Tecmo</publisher>
<features_general>Players 1, Dolby Digital</features_general>
<features_online/>
<esrb>M</esrb>
<esrb_descriptors>Blood, Violence</esrb_descriptors>
<genre>Action Adventure, Horror</genre>
<release_date>01 Nov 2004</release_date>
<rating>8.4</rating>
<platform>PlayStation 2, Xbox</platform>
<exclusive>No</exclusive>
<titleid>5443000A</titleid>
<overview>Terror returns with Fatal Frame 2: Crimson Butterfly, the sequel to the highly popular survival horror title, Fatal Frame. This time the terrifying journey takes you to a whole new creepy setting, an abandoned village, where you play the role of Mio Amakura, a young girl who is gifted with a strong sixth sense and her twin sister Mayu, who notices a crimson butterfly faintly glowing in the sky. Your only weapon, an antique camera, has received a variety of new features to kill ghosts. Get lost in another horrifying tale.</overview>
</synopsis>
