<synopsis>
<title>F1 Career Challenge[EU]</title>
<developer>EA Sports</developer>
<publisher>EA Games</publisher>
<features_general>Single-player, Multiplayer, Dolby 5.1 Surround</features_general>
<features_online/>
<esrb>E</esrb>
<esrb_descriptors>No Descriptors</esrb_descriptors>
<genre>Driving, Racing, Formula One</genre>
<release_date>27 Jun 2003</release_date>
<rating>7</rating>
<platform>Windows PC, PlayStation 2, Xbox</platform>
<exclusive>No</exclusive>
<titleid/>
<overview>Start as a rookie Formula One driver. If you prove your worth by passing a range of superlicense tests, you can take your place among the elite drivers competing in the world's fastest and most glamorous motor sport. To succeed, you?ll have to work hard, as your reputation determines how far your career can take you. Hone your skills to make the improvements that will show over four successive seasons (1999?2002) on the Formula One circuit as you make your drive for the championship.</overview>
</synopsis>
