<synopsis>
<title>House of the Dead III</title>
<developer>Wow Entertainment</developer>
<publisher>Sega</publisher>
<features_general>Single-player, Multiplayer, 480p, Light Gun, Dolby 5.1 Surround</features_general>
<features_online/>
<esrb>M</esrb>
<esrb_descriptors>Blood and Gore, Violence</esrb_descriptors>
<genre>Action, Shooter, Rail</genre>
<release_date>24 Oct 2002</release_date>
<rating>7.2</rating>
<platform>Windows PC, PlayStation 3, Xbox</platform>
<exclusive>No</exclusive>
<titleid>53450008</titleid>
<overview>From the darkest corners, cadavers and zombies return to haunt your every move. In The House of the Dead III, you'll plow through the undead with shotgun in hand as you explore a postapocalyptic wasteland. The new shotgun can take out multiple enemies in a single blast. Take out wave after wave of horrific zombies as you travel different routes and discover secrets and hidden areas. The House of the Dead III's time-sensitive gameplay forces you to exterminate your foes as quickly as possible.</overview>
</synopsis>
