<synopsis>
<sourcename>Burnout 2 - Point of Impact-T</sourcename>
<foldername>Burnout 2 - Point of Impact</foldername>
<title>Burnout 2: Point of Impact</title>
<developer>Criterion Games</developer>
<publisher>Acclaim</publisher>
<features_general>Players 1-2, Dolby Digital</features_general>
<features_online/>
<esrb>E</esrb>
<esrb_descriptors>Mild Violence</esrb_descriptors>
<genre>Driving, Racing, Arcade</genre>
<release_date>01 May 2003</release_date>
<rating>8.8</rating>
<platform>GameCube, PlayStation 2, Xbox</platform>
<exclusive>No</exclusive>
<titleid>41430019</titleid>
<overview>Burnout 2: Point of Impact is the follow-up to the original smash hit with improved graphics, faster gameplay, and bigger, more spectacular crashes. While the first Burnout was inspired by European movies and locations, its sequel is inspired by American films such as The Fast and the Furious. Set in US locations, the game gives you an all-new set of vehicles: modified Japanese cars, pickups, SUVs - plus some bonus rides such as police cruisers, and classic 50's hotrods. Also, expect tighter handling, better crash deformations, new music, new game structure, enhanced physics, new lighting, improved car models, a new replay system, and fast-paced fun.</overview>
</synopsis>
