<synopsis>
<title>King Arthur</title>
<developer>Krome Studios</developer>
<publisher>Konami</publisher>
<features_general>Single-player, co-op Multiplayer, Dolby 5.1 Surround</features_general>
<features_online/>
<esrb>T</esrb>
<esrb_descriptors>Violence</esrb_descriptors>
<genre>Action Adventure, Fantasy</genre>
<release_date>16 Nov 2004</release_date>
<rating>6.1</rating>
<platform>GameCube, PlayStation 2, Xbox</platform>
<exclusive>No</exclusive>
<titleid/>
<overview>Live the true story behind the epic legend of King Arthur and the Knights of the Round Table. Based on the King Arthur movie from producer Jerry Bruckheimer, the King Arthur game lets you take control of one of five heroes, including Arthur, Lancelot, and Guinevere, each with unique weapons and skills. With three modes of battle, motion-captured fighting sequences and moves, and cutscenes from the film, King Arthur re-creates the events of this legendary tale.</overview>
</synopsis>
