<synopsis>
<sourcename>Xhexenv1.1-T</sourcename>
<foldername>Xhexenv1.1</foldername>
<title>Hexen</title>
<developer>Raven Software (Ported by A600)</developer>
<publisher>Homebrew</publisher>
<features_general>Single-player, Multiplayer</features_general>
<features_online>None</features_online>
<esrb>Not Rated</esrb>
<esrb_descriptors>Not Rated</esrb_descriptors>
<genre>Action, Shooter, First-Person</genre>
<release_date>Mid 2000's</release_date>
<rating>9.0</rating>
<platform>Xbox, MS-DOS, Windows, Mac OS, PlayStation, Sega Saturn, Nintendo 64</platform>
<exclusive>No</exclusive>
<titleid>0A600852</titleid>
<overview>Hexen: Beyond Heretic (or simply Hexen) is a first-person shooter computer game developed by Raven Software that utilises a modified Doom engine. It is the sequel to Heretic. The main goal of the game is the destruction of Korax, the second of a trio of demon brothers known as the Serpent Riders, who has taken over the world of Cronos. The first Serpent Rider, D'Sparil, was the final boss of Heretic and the third, Eidolon, would later appear in Hexen II. Each character has four weapons and uses the two types of mana as ammunitions. The three playable characters are Baratus (Fighter), Parias (Cleric) and Daedolon (Mage). The first weapon does not use mana, the second uses Blue Mana, the third uses Green Mana, and the ultimate weapon, which is built by finding three different parts, uses both types.</overview>
</synopsis>
