<synopsis>
<sourcename>Juiced-T</sourcename>
<foldername>Juiced</foldername>
<title>Juiced</title>
<developer>Juice Games</developer>
<publisher>THQ</publisher>
<features_general>Players 1-2, Custom Soundtracks, Dolby Digital</features_general>
<features_online>System Link 2-6</features_online>
<esrb>T</esrb>
<esrb_descriptors>Lyrics, Mild Language, Simulated Gambling</esrb_descriptors>
<genre>Driving, Racing, GT / Street</genre>
<release_date>13 Jun 2005</release_date>
<rating>6.8</rating>
<platform>Windows PC, PlayStation 2, Xbox</platform>
<exclusive>No</exclusive>
<titleid>545100EF</titleid>
<overview>Become immersed in the lifestyle, community, and risk-taking attitude of the street-modding scene with Juiced. More than just an arcade racer, Juiced pits you against a wide range of characters with enhanced driving street machines. In a series of increasingly risky challenges, you can earn cash, cars, and pride. You'll have to work hard to get to where the real petrol-heads and money lurk, building up a collection of nitrous-burning monsters for every type of challenge.</overview>
</synopsis>
