<synopsis>
<sourcename>50 Cent Bulletproof-T</sourcename>
<foldername>50 Cent Bulletproof</foldername>
<title>50 Cent: Bulletproof</title>
<developer>Genuine Games</developer>
<publisher>VU Games</publisher>
<features_general>Players 1, 480p, Dolby Digital</features_general>
<features_online/>
<esrb>M</esrb>
<esrb_descriptors>Blood and Gore, Intense Violence, Sexual Themes, Strong Language, Use of Drugs</esrb_descriptors>
<genre>Action Adventure</genre>
<release_date>17 Nov 2005</release_date>
<rating>5.2</rating>
<platform>PlayStation 2, Xbox</platform>
<exclusive>No</exclusive>
<titleid>56550042</titleid>
<overview>You can play as 50 Cent as he blasts his way through the streets of New York in 50 Cent: Bulletproof. Your path will cross those of drug and weapons dealers, informants, and a myriad of other shady characters as you and the G-Unit take on some of the largest crime families in New York. The game features many acrobatic moves for chasing enemies, dodging their attacks, and taking them out. The story was written by Terry Winter, the executive producer of The Sopranos. 50 Cent also contributes unique content to the game in the form of music tracks, freestyles, and in-game dialogue.</overview>
</synopsis>
