<synopsis>
<title>MLB Slugfest 2006</title>
<developer>Midway Games</developer>
<publisher>Midway Games</publisher>
<features_general>Single-player, Multiplayer</features_general>
<features_online/>
<esrb>E</esrb>
<esrb_descriptors>Crude Humor, Lyrics, Violence</esrb_descriptors>
<genre>Sports, Traditional, Baseball, Arcade</genre>
<release_date>05 Jun 2006</release_date>
<rating>5.9</rating>
<platform>PlayStation 2, Xbox</platform>
<exclusive>No</exclusive>
<titleid/>
<overview>Midway's newest offering of its over-the-top baseball game, MLB SlugFest 2006 features a new create-a-player mode, updated team rosters and stadiums, along with a new library of signature animations and extreme collisions that have distinguished the franchise since its debut in 2002.</overview>
</synopsis>
