<synopsis>
<sourcename>ESPN NBA Basketball-M</sourcename>
<foldername>ESPN NBA Basketball</foldername>
<title>NBA Basketball 2K4</title>
<developer>Visual Concepts</developer>
<publisher>Sega</publisher>
<features_general>Players 1-4, 480p, 720p, Custom Soundtracks, Dolby Digital</features_general>
<features_online>DLC</features_online>
<esrb>E</esrb>
<esrb_descriptors>No Descriptors</esrb_descriptors>
<genre>Sports, Traditional, Basketball, Sim</genre>
<release_date>22 Oct 2003</release_date>
<rating>8.7</rating>
<platform>GameCube, PlayStation 2, Xbox</platform>
<exclusive>No</exclusive>
<titleid>53450023</titleid>
<overview>Hit the hardwood with nonstop action and intense competition with ESPN NBA Basketball. Complete with all the detailed visuals, eye-catching callouts, and commentary, ESPN NBA Basketball presents all the excitement and quickness from a real NBA game. Not only can you unleash the most skilled crossovers and unbelievable jukes with Isomotion control, but you can also completely lock down opponents with rock-solid D. Challenge current and legendary NBA players in real time--24 hours a day, seven days a week--with your own created player in 24/7 mode.</overview>
</synopsis>
