<synopsis>
<sourcename>King of Fighters Maximum Impact-T</sourcename>
<foldername>King of Fighters Maximum Impact</foldername>
<title>King of Fighters: Maximum Impact</title>
<developer>SNK Playmore</developer>
<publisher>SNK NeoGeo</publisher>
<features_general>Players 1-2</features_general>
<features_online/>
<esrb>T</esrb>
<esrb_descriptors>Suggestive Themes, Violence</esrb_descriptors>
<genre>Action, Fighting, 2D</genre>
<release_date>12 Oct 2004</release_date>
<rating>6.9</rating>
<platform>PlayStation 2, Xbox</platform>
<exclusive>No</exclusive>
<titleid>534E0007</titleid>
<overview>The first-ever 3D version of King of Fighters has finally arrived, complete with all your favorite SNK characters. In King of Fighters: Maximum Impact, rival gangs are vying for the chance to rule the underworld of Southtown. As one of more than 16 fighters, you must prove that you're the greatest fighter in the world in five gameplay modes, including Story, Versus, Survival, Practice, and Training. The game's enhanced character movement lets you perform four new jumps, powerful combo moves, and the new Knock Back Attack.</overview>
</synopsis>
