<synopsis>
<foldername>Evox-T</foldername>
<title>Evolution-X</title>
<developer>Unknown</developer>
<publisher>Unknown</publisher>
<features_general>Xbox Dashboard</features_general>
<features_online>None</features_online>
<esrb>Not Rated by ESRB</esrb>
<esrb_descriptors>Not Rated by ESRB</esrb_descriptors>
<genre>Dashboard</genre>
<release_date>Unknown</release_date>
<rating>6.5</rating>
<platform>Modified Xbox</platform>
<exclusive>Yes</exclusive>
<titleid>00000000</titleid>
<overview>Evolution-X was one of the first Xbox dashboards to incorporate in-game reset, activated by pushing down four buttons simultaneously on the joypad (Back, Start or Black, Left trigger, and Right trigger), which is now a feature available in every dashboard today. It is also highly customizable, allowing the user to set their own menu structure by modifying the Evox.ini configuration file and use custom skins which change the visual style of the dashboard and choose what system information it should display.</overview>
</synopsis>
