<synopsis>
<title>Barbie Horse Adventures: Wild Horse Rescue</title>
<developer>Universal Interactive</developer>
<publisher>Universal Interactive</publisher>
<features_general>Single-player, 480p, Dolby 5.1 Surround</features_general>
<features_online/>
<esrb>E</esrb>
<esrb_descriptors>No Descriptors</esrb_descriptors>
<genre>Adventure</genre>
<release_date>04 Nov 2003</release_date>
<rating>6.6</rating>
<platform>Xbox</platform>
<exclusive>No</exclusive>
<titleid/>
<overview>Gallop the trails with Barbie as you search for and rescue wild horses missing from the stables You can even help Barbie dismount her horse and explore trails on foot. Finally, chase the horses, lasso them and return them to safety </overview>
</synopsis>
