<synopsis>
<sourcename>Chicken Little-T</sourcename>
<foldername>Chicken Little</foldername>
<title>Chicken Little</title>
<developer>Avalanche Software</developer>
<publisher>Buena Vista Games</publisher>
<features_general>Players 1-2</features_general>
<features_online/>
<esrb>E</esrb>
<esrb_descriptors>Cartoon Violence</esrb_descriptors>
<genre>Action Adventure</genre>
<release_date>18 Oct 2005</release_date>
<rating>6.8</rating>
<platform>GameCube, Windows PC, PlayStation 2, Xbox</platform>
<exclusive>No</exclusive>
<titleid>42560002</titleid>
<overview>Chicken Little brings you into the middle of Oakey Oaks, where you'll experience all the action and adventure of Disney's animated film of the same name. Taking on the roles of Chicken Little and his friends, Abby Mallard, Runt-of-the-Litter, and Fish-out-of-Water, you must try to outwit bully Foxy Loxy and save the town from an alien invasion, all the while attempting to reverse Chicken Little's tarnished reputation from that unfortunate "acorn incident." The game features innovative gadgets, pickups, side quests, and minigames, plus multiplayer gameplay.</overview>
</synopsis>
