<synopsis>
<sourcename>Gene Troopers-T</sourcename>
<foldername>Gene Troopers</foldername>
<title>Gene Troopers</title>
<developer>Cauldron HQ</developer>
<publisher>Playlogic International</publisher>
<features_general>Players 1, Dolby Digital</features_general>
<features_online/>
<esrb>M</esrb>
<esrb_descriptors>Blood, Strong Language, Violence</esrb_descriptors>
<genre>Action, First-Person shooter, Sci-Fi, Sci-Fi, Arcade</genre>
<release_date>05 Jan 2006</release_date>
<rating>4.6</rating>
<platform>Windows PC, PlayStation 2, Xbox</platform>
<exclusive>No</exclusive>
<titleid>544D0011</titleid>
<overview>In Gene Troopers you are in the heart of a unique, vibrant and living universe. Explore amazing new worlds, develop your character into a stealth or battle professional, control supernatural powers, make friends with powerful characters and lead them into battle against the forces of evil. Experience a captivating sci-fi story, high-paced action and thrilling game play in a setting never seen before. The universe is entangled in the greatest conflict it ever witnessed. A terrifying elite battle force named Gene Troopers (GT) sets out to mercilessly fulfill its task: to find, gather and secure life forms. Genetic material is the new strategic resource. Gene transformation technology changes suitable individuals into loyal and powerful GT units. You didn't know anything about this. Nobody in your part of universe did. You still have nightmares about the day when you found out. They took away your body and your daughter, Mareen. But what they couldn't take away was your courage. It’s time to fight back.</overview>
</synopsis>
