<synopsis>
<sourcename>Metal Arms Glitch in the System-T</sourcename>
<foldername>Metal Arms Glitch in the System</foldername>
<title>Metal Arms: Glitch in the System</title>
<developer>Swingin' Ape Studios</developer>
<publisher>Vivendi Games</publisher>
<features_general>Players 1-4, 480p, Dolby Digital</features_general>
<features_online/>
<esrb>T</esrb>
<esrb_descriptors>Strong Language, Violence</esrb_descriptors>
<genre>Action, Shooter, Third-Person, Sci-Fi</genre>
<release_date>18 Nov 2003</release_date>
<rating>8.2</rating>
<platform>GameCube, PlayStation 2, Xbox, Xbox 360</platform>
<exclusive>No</exclusive>
<titleid>5655000A</titleid>
<overview>Blast your way to victory as Glitch, the gun-slinging, half-ton menacing bot of Droid City. Found as scrap metal, but transformed into destructive machinery, Glitch is determined to free his people from the evil clutches of General Corrosive and his maniacal army of Mil bots. As you venture through 40 missions, you'll find 17 deadly weapons, a variety of vehicles, and enemy bots that you can control. Annihilate the General's sinister plan to dominate the world and salvage the robot race.</overview>
</synopsis>
