<synopsis>
<title>Baldur's Gate: Dark Alliance</title>
<developer>Snowblind Studios</developer>
<publisher>Vivendi Universal Games</publisher>
<features_general>Single-player, co-op Multiplayer, 480p, Dolby 5.1 Surround</features_general>
<features_online/>
<esrb>T</esrb>
<esrb_descriptors>Blood, Use of Alcohol, Violence</esrb_descriptors>
<genre>Role-Playing, Action RPG</genre>
<release_date>22 Oct 2002</release_date>
<rating>8.3</rating>
<platform>GameCube, PlayStation 2, Xbox</platform>
<exclusive>No</exclusive>
<titleid>5655001A</titleid>
<overview>Baldur's Gate: Dark Alliance is an action RPG with an epic tale of intrigue, explosive spell effects, and highly detailed creatures and environments. You play a one of three customizable characters, who returns to Baldur's Gate and joins the fight against the darkness that threatens its peace. Take on the monsters solo or with a friend in co-op mode. Baldur's Gate: Dark Alliance is the first game to feature the real time application of the Dungeons and Dragons 3rd Edition rules.</overview>
</synopsis>
