<synopsis>
<sourcename>ESPN Major League Baseball-MB</sourcename>
<foldername>ESPN Major League Baseball</foldername>
<title>MLB 2K4</title>
<developer>Blue Shift</developer>
<publisher>Sega</publisher>
<features_general>Players 1-4, 480p, 720p, Dolby Digital</features_general>
<features_online>DLC</features_online>
<esrb>E</esrb>
<esrb_descriptors>No Descriptors</esrb_descriptors>
<genre>Sports, Traditional, Baseball, Sim</genre>
<release_date>23 Feb 2005</release_date>
<rating>7.8</rating>
<platform>PlayStation 2, Xbox</platform>
<exclusive>No</exclusive>
<titleid>53450028</titleid>
<overview>ESPN Major League Baseball takes baseball to the next level with Power Pitching, a new General Manager Mode, and an all-new ESPN presentation. Now you can take complete control of the mound with new pitches, pitch speeds, pitch interface, pitch animations, pitcher momentum, and exclusive ESPN K-Zone pitch analysis. As the general manager of your team, you'll have to keep your club running on all cylinders or else answer to the owners. In addition to intuitive control and new modes, hundreds of new animations, such as broken bats and player reactions add to the MLB experience.</overview>
</synopsis>
