<synopsis>
<title>Chronicles of Riddick: Escape from Butcher Bay</title>
<developer>Starbreeze Studios, Tigon Studios</developer>
<publisher>Vivendi Games</publisher>
<features_general>Single-player, 480p, 16:9</features_general>
<features_online/>
<esrb>M</esrb>
<esrb_descriptors>Blood and Gore, Intense Violence, Strong Language</esrb_descriptors>
<genre>Action-adventure, Stealth</genre>
<release_date>01 Jun 2004</release_date>
<rating>8.9</rating>
<platform>Windows PC, Xbox</platform>
<exclusive>No</exclusive>
<titleid/>
<overview>The most wanted man in the universe comes to your neighborhood in The Chronicles of Riddick: Escape From Butcher Bay. Set before the events of two movies, The Chronicles of Riddick and Pitch Black, the game tells the story of Riddick's escape from the previously inescapable maximum security prison Butcher Bay, which is home to the most violent prisoners in the galaxy. Battle your enemies in first-person or third-person views using shooting, stealth, or hand-to-hand combat. With Riddick's eye-shine, you can easily see through the dark to take out your foes.</overview>
</synopsis>
