<synopsis>
<sourcename>Jet Set Radio Future-T</sourcename>
<foldername>Jet Set Radio Future</foldername>
<title>Jet Set Radio Future</title>
<developer>Smilebit</developer>
<publisher>SEGA</publisher>
<features_general>Players 1-4, Dolby Digital</features_general>
<features_online/>
<esrb>Not Rated by ESRB</esrb>
<esrb_descriptors>Strong Lyrics, Violence</esrb_descriptors>
<genre>Action, Platformer, 3D</genre>
<release_date>25 Feb 2002</release_date>
<rating>8.8</rating>
<platform>Xbox</platform>
<exclusive>Yes</exclusive>
<titleid>4947007D</titleid>
<overview>The setting is Tokyo, in the year 2024. Featuring unique anime-style graphics and tons of tricks, JSRF: Jet Set Radio Future brings the hippest game ever into a futuristic world. Choose a character, strap on your rocket-powered skates, and immerse yourself in the vast environments. The multiplayer aspects let you work together to reach seemingly unattainable places, create new attacks, and perform astounding stunts. Wherever your adventure takes you, it's all about extreme skating, extreme action, and of course extreme style.</overview>
</synopsis>
