<synopsis>
<title>The Bible Game</title>
<developer>Crave Entertainment</developer>
<publisher>Crave Entertainment</publisher>
<features_general>Single-player, Multiplayer</features_general>
<features_online/>
<esrb>E</esrb>
<esrb_descriptors>No Descriptors</esrb_descriptors>
<genre>Miscellaneous, Trivia / Game Show</genre>
<release_date>23 Oct 2005</release_date>
<rating>6</rating>
<platform>Online, Windows PC, PlayStation 2, PSP, Xbox</platform>
<exclusive>No</exclusive>
<titleid/>
<overview>The Bible Game casts players as contestants on a game show with fast-paced, "beat the buzzer" action and a comical off-screen announcer as emcee. 20 mini- and micro-games with 1,500 questions reinforce inspirational Old Testament teachings such as Jonah and the Whale, David and Goliath, The Tower of Babel, and many more. Multiplayer mode for up to 4 players encourages family members of all ages to play together, and provides a fun alternative for family game nights.</overview>
</synopsis>
