<synopsis>
<title>Barbarian[EU]</title>
<developer>Saffire</developer>
<publisher>Avalon Interactive</publisher>
<features_general>Single-player, Multiplayer</features_general>
<features_online/>
<esrb>T</esrb>
<esrb_descriptors>Suggestive Themes, Violence</esrb_descriptors>
<genre>Action, Fighting, 3D</genre>
<release_date>23 Dec 2003</release_date>
<rating>7.1</rating>
<platform>GameCube, PlayStation 2, Xbox</platform>
<exclusive>No</exclusive>
<titleid/>
<overview>The game features 11 different fighters, each with different weapons and abilities. The player may freely destroy the environment, and use destroyed objects as weapons against their opponents. The characters each have alternate costumes, which, depending on which the player chooses, may change their default weapon. However, it does not affect the weapon's damage capabilities or uses.</overview>
</synopsis>
