<synopsis>
<sourcename>Aeon Flux-T</sourcename>
<foldername>Aeon Flux</foldername>
<title>Aeon Flux</title>
<developer>Terminal Reality</developer>
<publisher>Majesco Entertainment</publisher>
<features_general>Players 1, 480p, Dolby Digital</features_general>
<features_online/>
<esrb>T</esrb>
<esrb_descriptors>Blood, Violence</esrb_descriptors>
<genre>Action Adventure, Sci-Fi</genre>
<release_date>15 Nov 2005</release_date>
<rating>6.9</rating>
<platform>PlayStation 2, Xbox</platform>
<exclusive>No</exclusive>
<titleid>4D4A0014</titleid>
<overview>Aeon Flux is a sci-fi action game based on the movie that is based on the MTV series of the same name. Charlize Theron stars as the underground operative Aeon Flux. You can use Aeon's acrobatic fighting techniques and futuristic weapons to battle through landscapes inspired by the movie. The game also features a variety of futuristic gadgets and a style meter that help you complete objectives as you move through seven single-player chapters.</overview>
</synopsis>
