<synopsis>
<sourcename>Halo - Combat Evolved-MB</sourcename>
<foldername>Halo - Combat Evolved</foldername>
<title>Halo: Combat Evolved</title>
<developer>Bungie Studios</developer>
<publisher>Microsoft Game Studios</publisher>
<features_general>Players 1-4, Dolby Digital</features_general>
<features_online>System Link 2-16</features_online>
<esrb>M</esrb>
<esrb_descriptors>Blood and Gore, Violence</esrb_descriptors>
<genre>Action, Shooter, First-Person, Sci-Fi</genre>
<release_date>15 Nov 2001</release_date>
<rating>9.7</rating>
<platform>Windows PC, Xbox</platform>
<exclusive>Yes</exclusive>
<titleid>4D530004</titleid>
<overview>Enter the mysterious world of Halo, an alien planet shaped like a ring. As mankind's super soldier Master Chief, you must uncover the secrets of Halo and fend off the attacking Covenant. During your missions, you'll battle on foot, in vehicles, inside, and outside with alien and human weaponry. Your objectives include attacking enemy outposts, raiding underground labs for advanced technology, rescuing fallen comrades, and sniping enemy forces. Halo also lets you battle three other players via intense split screen combat or fight cooperatively with a friend through the single-player missions.</overview>
</synopsis>
