<synopsis>
<title>Brothers in Arms: Road to Hill 30</title>
<developer>Gearbox Software</developer>
<publisher>Ubisoft</publisher>
<features_general>Single-player, Multiplayer, 480p, 16:9, Dolby 5.1 Surround</features_general>
<features_online>Online, Max Player on System Link: 4</features_online>
<esrb>M</esrb>
<esrb_descriptors>Blood and Gore, Intense Violence, Strong Language</esrb_descriptors>
<genre>Action, Shooter, First-Person, Historic</genre>
<release_date>01 Mar 2005</release_date>
<rating>8.8</rating>
<platform>Online, Windows PC, PlayStation 2, Wii, Xbox</platform>
<exclusive>No</exclusive>
<titleid/>
<overview>Set during the famous airdrop before the invasion at Normandy, Brothers in Arms tells the story of Sgt. Matt Baker and his squad of 101st Airborne paratroopers, who were scattered over the French countryside. As Baker, you must use real military tactics to flank and kill your foes. During the game, you must choose between the success of your mission and the lives of your men. Brothers in Arms boasts authentic battlefields and equipment, multiplayer gameplay, and a cast of more than 20 distinct soldiers.</overview>
</synopsis>
