<synopsis>
<sourcename>Blackstone-B</sourcename>
<foldername>Blackstone</foldername>
<title>Black Stone: Magic and Steel</title>
<developer>XPEC Entertainment</developer>
<publisher>Xicat Interactive</publisher>
<features_general>Players 1-4</features_general>
<features_online/>
<esrb>T</esrb>
<esrb_descriptors>Blood, Violence</esrb_descriptors>
<genre>Role-Playing, Console-style RPG</genre>
<release_date>19 Mar 2003</release_date>
<rating>4.4</rating>
<platform>Xbox</platform>
<exclusive>Yes</exclusive>
<titleid>58490004</titleid>
<overview>The protectors of good are ready to destroy all that is evil Magic and Steel is the must-have action and the protectors of good are ready to destroy all that is evil Magic and Steel is the must-have action and roleplaying game on Xbox.</overview>
</synopsis>
