<synopsis>
<title>Dukes of Hazzard: Return of the General Lee</title>
<developer>Ratbag</developer>
<publisher>Ubisoft</publisher>
<features_general>Single-player, co-op Multiplayer, 480p, Dolby 5.1 Surround</features_general>
<features_online/>
<esrb>E</esrb>
<esrb_descriptors>Alcohol Reference, Mild Violence, Suggestive Themes</esrb_descriptors>
<genre>Driving, Mission-based</genre>
<release_date>28 Sep 2004</release_date>
<rating>4.9</rating>
<platform>PlayStation 2, Xbox</platform>
<exclusive>No</exclusive>
<titleid/>
<overview>Step into the shoes of Bo and Luke Duke as they race to win prize money to save the local orphanage from Boss Hogg's latest crooked scheme. With the help of Daisy Duke, Uncle Jesse, and Cooter, you'll go up against the evil Boss Hogg and his cohorts in the Hazzard County Derby. Choose from a variety of vehicles, including the General Lee, the Black Charger, Uncle Jesse's Pickup, and more, and then perform wild stunts in both single-player and multiplayer modes.</overview>
</synopsis>
