<synopsis>
<sourcename>Mimesis-M</sourcename>
<foldername>Mimesis</foldername>
<title>Mimesis Revived v3.22</title>
<developer>Project Mimesis - CrunchBite (Maintains v3)</developer>
<publisher>Homebrew</publisher>
<features_general>Download Custom Maps for Xbox Games</features_general>
<features_online>None</features_online>
<esrb>Not Rated by ESRB</esrb>
<esrb_descriptors>Not Rated by ESRB</esrb_descriptors>
<genre>Application</genre>
<release_date>Unknown</release_date>
<rating>5</rating>
<platform>Modified Xbox</platform>
<exclusive>Yes</exclusive>
<titleid>4D531111</titleid>
<overview>Maintained by CrunchBite, Memises is a free content distribution application wich allows you to download modded maps directly to your Xbox. With Memisis you can also download these modded maps without a modded Xbox. In all there are 15 games that you can use this with.</overview>
</synopsis>
