<synopsis>
<sourcename>Plus Plum 2 (JPN)-MT</sourcename>
<foldername>Plus Plum 2 (JPN)</foldername>
<title>Plus Plum 2</title>
<developer>Takuyo</developer>
<publisher>Takuyo</publisher>
<features_general>Players 1-2</features_general>
<features_online/>
<esrb>Not Rated by ESRB</esrb>
<esrb_descriptors>No Descriptors</esrb_descriptors>
<genre>Puzzle, Strategy</genre>
<release_date>15 Jan 2004</release_date>
<rating>No Rating</rating>
<platform>Xbox</platform>
<exclusive>No</exclusive>
<titleid>544B0004</titleid>
<overview>Plus Plum 2 is a Puzzle game, published by Takuyo, which was released in Japan in 2004.</overview>
</synopsis>
