<synopsis>
<sourcename>Umesawa Yukari no Igo Seminar (JPN)-T</sourcename>
<foldername>Umesawa Yukari no Igo Seminar (JPN)</foldername>
<title>Umezawa Yukari no Igo Seminar</title>
<developer>Success</developer>
<publisher>Success</publisher>
<features_general>Players 1-2</features_general>
<features_online/>
<esrb>Not Rated by ESRB</esrb>
<esrb_descriptors>No Descriptors</esrb_descriptors>
<genre/>
<release_date>13 Jun 2002</release_date>
<rating>No Rating</rating>
<platform>Xbox</platform>
<exclusive>Yes</exclusive>
<titleid>53550003</titleid>
<overview>Japanese Board Game.</overview>
</synopsis>
