<synopsis>
<title>Medal of Honor: European Assault</title>
<developer>EA Los Angeles</developer>
<publisher>EA Games</publisher>
<features_general>Single-player, Multiplayer, 480p, Dolby 5.1 Surround</features_general>
<features_online/>
<esrb>T</esrb>
<esrb_descriptors>Blood, Violence</esrb_descriptors>
<genre>Action, Shooter, First-Person, Historic </genre>
<release_date>07 Jun 2005</release_date>
<rating>7.2</rating>
<platform>GameCube, PlayStation 2, Xbox</platform>
<exclusive>No</exclusive>
<titleid/>
<overview>In Medal of Honor: European Assault, you'll join the effort to liberate Europe in 1942. As US Army Lieutenant William Holt, you must take command of a group of soldiers through battlefields based on actual WWII locations. In both single-player and multiplayer modes, your survival depends on your ability to master weapons, gather intelligence for future missions, and make smart choices.</overview>
</synopsis>
