<synopsis>
<sourcename>Catwoman-B</sourcename>
<foldername>Catwoman</foldername>
<title>Catwoman</title>
<developer>Argonaut Games</developer>
<publisher>EA Games</publisher>
<features_general>Players 1, Dolby Digital</features_general>
<features_online/>
<esrb>T</esrb>
<esrb_descriptors>Mild Language, Violence</esrb_descriptors>
<genre>Action-adventure</genre>
<release_date>20 Jul 2004</release_date>
<rating>4.5</rating>
<platform>GameCube, Windows PC, PlayStation 2, Xbox</platform>
<exclusive>No</exclusive>
<titleid>4541005C</titleid>
<overview>A classic story of betrayal and revenge unravels in Catwoman, which is based on the film from Warner Bros. Pictures. You'll control Catwoman, a woman brought back to life by a rare Egyptian cat, as she sets out to discover the truth about herself and her murderer. With Catwoman's catlike skills, you can leap across roofs, run up walls, pounce on prey, and avoid enemy bullets. In addition, your can use her whip to swing through the air and use the interactive environments to knock your foes unconscious.</overview>
</synopsis>
