<synopsis>
<title>MLB 2K5 World Series Edition</title>
<developer>Kush Games</developer>
<publisher>2K Games</publisher>
<features_general>Single-player, Multiplayer</features_general>
<features_online/>
<esrb>E</esrb>
<esrb_descriptors>No Descriptors</esrb_descriptors>
<genre>Sports, Traditional, Baseball, Sim </genre>
<release_date>2005</release_date>
<rating>8.8</rating>
<platform>PlayStation 2, Xbox</platform>
<exclusive>No</exclusive>
<titleid/>
<overview>Relive or rewrite history by taking your favorite MLB franchise all the way to the World Series. All the great features from Major League Baseball 2K5 plus exclusive new content </overview>
</synopsis>
