<synopsis>
<sourcename>Flight Academy (JPN)-T</sourcename>
<foldername>Flight Academy (JPN)</foldername>
<title>Flight Academy</title>
<developer>Aquasystem</developer>
<publisher>Aquasystem</publisher>
<features_general>Players 1, Flight Stick</features_general>
<features_online/>
<esrb>Not Rated by ESRB</esrb>
<esrb_descriptors>No Descriptors</esrb_descriptors>
<genre>Flight Simulation</genre>
<release_date>29 Aug 2002</release_date>
<rating>No Rating</rating>
<platform>Xbox</platform>
<exclusive>Yes</exclusive>
<titleid>41510002</titleid>
<overview>Flight Academy is a civil aircraft flight simulator. In the game you can fly various passenger planes and fly over Japan and a large portion of the pacific. You can land and take off from multiple Japanese airports. In the game you first have to get your flying license before tackling one of the 17 available missions. The game world is build up from satellite pictures and features real time day and night changes and changing weather conditions.</overview>
</synopsis>
