<synopsis>
<title>Evil Dead: Regeneration</title>
<developer>Cranky Pants Games</developer>
<publisher>THQ</publisher>
<features_general>Single-player, 720p, 16:9, Dolby 5.1 Surround</features_general>
<features_online/>
<esrb>M</esrb>
<esrb_descriptors>Blood and Gore, Intense Violence, Strong Language</esrb_descriptors>
<genre>Action Adventure, Horror </genre>
<release_date>13 Sep 2003</release_date>
<rating>6.6</rating>
<platform>Windows PC, PlayStation 2, Xbox</platform>
<exclusive>No</exclusive>
<titleid/>
<overview>Evil Dead: Regeneration takes over where the film Evil Dead 2 left off. You can play as Ash, who has been committed to an insane asylum where a mad scientist is doing experiments with the Necronomican. With the help of some firepower and your new sidekick, a 3-foot tall "deadite," you can battle the scientist's unholy creations and save civilization. </overview>
</synopsis>
