<synopsis>
<title>Fuzion Frenzy</title>
<developer>Blitz Games</developer>
<publisher>Microsoft Game Studios</publisher>
<features_general>Single-player, Multiplayer, 480p, Dolby 5.1 Surround</features_general>
<features_online/>
<esrb>E</esrb>
<esrb_descriptors>Violence</esrb_descriptors>
<genre>Miscellaneous, Party </genre>
<release_date>14 Nov 2001</release_date>
<rating>7</rating>
<platform>Xbox, Xbox 360</platform>
<exclusive>Yes</exclusive>
<titleid/>
<overview>Fuzion Frenzy combines the continuous, frenetic action of a futuristic street sport with the action-packed fun of minigames set in a dynamic 3D urban environment. The minigames require strategy and skill to conquer and cover a variety of activities, including: playing tag, collecting and stealing orbs, racing spheres, swatting bugs, lighting fireworks, and playing hot potato with dynamite. Six arenas and more than 45 minigames provide plenty of competitive fun for up to four players.</overview>
</synopsis>
