<synopsis>
<title>Hot Wheels: Stunt Track Challenge</title>
<developer>Climax</developer>
<publisher>THQ</publisher>
<features_general>Single-player, Multiplayer, 480p, Dolby 5.1 Surround</features_general>
<features_online>Max Player on System Link: 6</features_online>
<esrb>E</esrb>
<esrb_descriptors>No Descriptors</esrb_descriptors>
<genre>Driving, Racing, Futuristic </genre>
<release_date>10 Nov 2004</release_date>
<rating>6.3</rating>
<platform>Windows PC, PlayStation 2, Xbox</platform>
<exclusive>No</exclusive>
<titleid/>
<overview>You are a contestant in a new game show in which players must complete dangerous stunts and win intense races. If you can beat your opponents and impress the audience, you'll advance into other episodes to win better cars. Choose from 30 authentic Hot Wheels cars in 24 stunt challenges, and race on 12 tracks set in such environments as Buccaneer Bay, Jurassic Jam, Zero Gravity Zone, Tiki Island, Spider Alley, and Lava Land. At the end of the season, the driver with the most courage and best stunt skills will cruise away in a gold-plated car as the Hot Wheels champion.</overview>
</synopsis>
