<synopsis>
<sourcename>Commodore Amiga-MT</sourcename>
<foldername>Amiga</foldername>
<title>Amiga</title>
<developer>Commodore International</developer>
<publisher>Commodore International</publisher>
<features_general>Keyboard and Mouse</features_general>
<features_online>N/A</features_online>
<esrb>Not Rated</esrb>
<esrb_descriptors>Not Rated</esrb_descriptors>
<genre>Video Games</genre>
<release_date>23 Jul 1985</release_date>
<rating>7</rating>
<platform>Personal Computer</platform>
<exclusive>N/A</exclusive>
<titleid>N/A</titleid>
<overview>The Amiga is a family of personal computers introduced by Commodore in 1985. The original model was part of a wave of 16- and 32-bit computers that featured 256 KB or more of RAM, mouse-based GUIs, and significantly improved graphics and audio over 8-bit systems. This wave included the Atari ST—released the same year—Apple's Macintosh, and later the Apple IIGS. Based on the Motorola 68000 microprocessor, the Amiga differed from its contemporaries through the inclusion of custom hardware to accelerate graphics and sound, including sprites and a blitter, and a pre-emptive multitasking operating system called AmigaOS. Although early Commodore advertisements attempt to cast the computer as an all-purpose business machine, especially when outfitted with the Amiga Sidecar PC compatibility add-on, the Amiga was most commercially successful as a home computer, with a wide range of games and creative software. Poor marketing and the failure of the later models to repeat the technological advances of the first systems meant that the Amiga quickly lost its market share to competing platforms, such as the fourth generation game consoles, Macintosh, and the rapidly dropping prices of IBM PC compatibles, which gained 256-color VGA graphics in 1987. Commodore ultimately went bankrupt in April 1994 after a version of the Amiga packaged as a game console, the Amiga CD32, failed in the marketplace.</overview>
</synopsis>
