<synopsis>
<title>Avatar: The Last Airbender</title>
<developer>TOSE</developer>
<publisher>THQ</publisher>
<features_general>Single-player, Dolby 5.1 Surround</features_general>
<features_online/>
<esrb>E</esrb>
<esrb_descriptors>Cartoon Violence</esrb_descriptors>
<genre>Action Adventure, Fantasy</genre>
<release_date>10 Oct 2006</release_date>
<rating>6.3</rating>
<platform>GameCube, PlayStation 2, Wii, Xbox</platform>
<exclusive>No</exclusive>
<titleid/>
<overview>Play as Aang, Katara, Haru, and Sokka as you build your team into an unstoppable force in Avatar: The Last Airbender. Utilize your amazing bending powers and explore the mystic Avatar universe. Experience an adventure of intrigue, deception, and revelation that exposes an even greater threat than the Fire Nation as you battle against new enemies and master your bending skills.</overview>
</synopsis>
