<synopsis>
<title>Dance UK</title>
<developer>Broadsword Interactive</developer>
<publisher>Bigben Interactive</publisher>
<features_general/>
<features_online/>
<esrb>Not Rated by ESRB</esrb>
<esrb_descriptors>None</esrb_descriptors>
<genre/>
<release_date>2004</release_date>
<rating>Not Rated</rating>
<platform>Playstation, Playstation 2, Xbox</platform>
<exclusive/>
<titleid/>
<overview>Dance:UK takes the standard 'bemani' formula - arrows appear rhythmically on screen and the player must hit the corresponding button (on either a dance mat peripheral or the standard controller) in time with these arrows and the music. Points are awarded for accuracy with extras for making certain 'combos' (mini-routines within a song which are deemed especially difficult or long).</overview>
</synopsis>
