<synopsis>
<sourcename>Nintendo 64-T</sourcename>
<foldername>Nintendo 64</foldername>
<title>Nintendo 64</title>
<developer>Nintendo</developer>
<publisher>Nintendo</publisher>
<features_general>3D Graphics</features_general>
<features_online>N/A</features_online>
<esrb>Not Rated</esrb>
<esrb_descriptors>Not Rated</esrb_descriptors>
<genre>Video Games</genre>
<release_date>29 Sep 1996</release_date>
<rating>9</rating>
<platform>Home Video Game Console</platform>
<exclusive>N/A</exclusive>
<titleid>N/A</titleid>
<overview>The Nintendo 64 is a home video game console developed and marketed by Nintendo. Named for its 64-bit central processing unit, it was released in June 1996 in Japan, September 1996 in North America, and March 1997 in Europe and Australia. It was the last major home console to use the cartridge as its primary storage format until the Nintendo Switch in 2017. The Nintendo 64 was discontinued in mid-2002 following the launch of its successor, the GameCube, in 2001. Codenamed "Project Reality," the Nintendo 64 design was mostly complete by mid-1995, but its launch was delayed until 1996, when Time named it Machine of the Year. It was launched with three games: Super Mario 64, Pilotwings 64 (worldwide) and Saikyō Habu Shōgi (exclusive to Japan). As part of the fifth generation of gaming, the system competed primarily with the PlayStation and the Sega Saturn. The suggested retail price at its United States launch was US$199.99, and 32.93 million units were sold worldwide. In 2015, IGN named it the ninth-greatest video game console of all time. The Nintendo 64 remains one of the most recognized video game systems in history and its games still have impact on the games industry. Designed in tandem with the controller, Super Mario 64 and The Legend of Zelda: Ocarina of Time are widely considered by critics and the public to be two of the greatest and most influential games of all time. GoldenEye 007 is one of the most influential games for the shooter genre.</overview>
</synopsis>
