<synopsis>
<title>Fatal Frame</title>
<developer>Tecmo</developer>
<publisher>Tecmo</publisher>
<features_general>Single-player, 480p, Dolby 5.1 Surround</features_general>
<features_online/>
<esrb>T</esrb>
<esrb_descriptors>Blood and Gore, Violence</esrb_descriptors>
<genre>Action Adventure, Horror</genre>
<release_date>22 Nov 2002</release_date>
<rating>7.7</rating>
<platform>PlayStation 2, Xbox</platform>
<exclusive>No</exclusive>
<titleid>54430004</titleid>
<overview>Based on a true story, Fatal Frame recounts Miku's investigation for her brother Mafuyu, who has been missing for two weeks. Her latest clue leads her to the abandoned Himuro mansion, a place that local townsfolk fear. Gifted with a supernatural sixth sense, you'll guide Miku as she explores the areas in the mansion where Mafuyu was last seen investigating the disappearance of three other people. Armed with only a camera, you must discover the connection between mysterious disappearances, restless spirits, and ritual sacrifices. </overview>
</synopsis>
