<synopsis>
<sourcename>College Hoops 2K7-T</sourcename>
<foldername>College Hoops 2K7</foldername>
<title>College Hoops 2K7</title>
<developer>Visual Concepts</developer>
<publisher>2K Sports</publisher>
<features_general>Players 1-4, 480p, Custom Soundtracks, Dolby Digital</features_general>
<features_online/>
<esrb>E</esrb>
<esrb_descriptors>No Descriptors</esrb_descriptors>
<genre>Sports</genre>
<release_date>20 Nov 2006</release_date>
<rating>7.3</rating>
<platform>PlayStation 2, PlayStation 3, Xbox, Xbox 360</platform>
<exclusive>No</exclusive>
<titleid>545400AF</titleid>
<overview>With over 325 NCAA Division I schools, College Hoops 2K7 defines the college basketball experience. True College Atmosphere - The most immersive college game yet, College Hoops 2K7 puts the fans in the game and makes them a part of the team.</overview>
</synopsis>
