<synopsis>
<sourcename>Brother in Arms - Earned in Blood-T</sourcename>
<foldername>Brother in Arms - Earned in Blood</foldername>
<title>Brothers in Arms: Earned in Blood</title>
<developer>Gearbox Software</developer>
<publisher>Ubisoft</publisher>
<features_general>Players 1-2, 480p, Dolby Digital</features_general>
<features_online>System Link 2-4, DLC</features_online>
<esrb>M</esrb>
<esrb_descriptors>Blood and Gore, Intense Violence, Strong Language</esrb_descriptors>
<genre>Action, Shooter, First-Person, Historic</genre>
<release_date>04 Oct 2005</release_date>
<rating>8.5</rating>
<platform>Windows PC, PlayStation 2, Wii, Xbox</platform>
<exclusive>No</exclusive>
<titleid>5553005A</titleid>
<overview>You can play as Sergeant Joe Hartsock during the liberation of Normandy in Brothers in Arms: Earned in Blood. This sequel to Brothers in Arms: The Road to Hill 30 includes new single- and multiplayer missions, as well as new competitive and cooperative multiplayer game modes. You can also employ new weapons and vehicles against the game's improved AI.</overview>
</synopsis>
