<synopsis>
<title>Midway Arcade Treasures</title>
<developer>Digital Eclipse Software</developer>
<publisher>Midway Games</publisher>
<features_general>Single-player, Multiplayer, 480p, Dolby 5.1 Surround</features_general>
<features_online>Scoreboard or DLC</features_online>
<esrb>T</esrb>
<esrb_descriptors>Blood and Gore, Violence</esrb_descriptors>
<genre>Miscellaneous, Compilation </genre>
<release_date>24 Nov 2003</release_date>
<rating>7.4</rating>
<platform>GameCube, PlayStation 2, Xbox</platform>
<exclusive>No</exclusive>
<titleid/>
<overview>Midway Arcade Treasures is jam-packed with over 20 classic arcade games. Take a trip down memory lane as you relive the fast-paced action of SpyHunter, the cooperative multiplayer of Gauntlet, the space age adventure of Defender, the charm of Paperboy, the destructive monsters of Rampage, and the dueling combat of Joust. While you rest your fingers, check out the DVD content with game histories, creator interviews, and top secrets from videogaming's early days.</overview>
</synopsis>
