<synopsis>
<title>Lotus Challenge</title>
<developer>Kuju Entertainment</developer>
<publisher>Ignition Entertainment</publisher>
<features_general>Single-player, Multiplayer</features_general>
<features_online/>
<esrb>E</esrb>
<esrb_descriptors>No Descriptors</esrb_descriptors>
<genre>Driving, Racing, GT / Street </genre>
<release_date>28 Jul 2004</release_date>
<rating>6.1</rating>
<platform>GameCube, Windows PC, Xbox</platform>
<exclusive>No</exclusive>
<titleid/>
<overview>Climb in, buckle up and pop the clutch on one of 38 stylish cars, spanning Lotus' prestigious 54-year racing history. Put yourself to the test as you twist through mountain passes in the Alps, fly over the Rainbow Bridge in Tokyo or leap a strain in a Hollywood stunt.</overview>
</synopsis>
