<synopsis>
<foldername>Xbox Artwork Installer</foldername>
<title>Xbox Artwork Installer</title>
<developer>Rocky5</developer>
<publisher>Rocky5</publisher>
<features_general>High Quality Complete Xbox Artwork with Automated Installation</features_general>
<features_online>None</features_online>
<esrb>Not Rated by ESRB</esrb>
<esrb_descriptors>Not Rated by ESRB</esrb_descriptors>
<genre>Application</genre>
<release_date>Unknown</release_date>
<rating>10.0</rating>
<platform>Modified Xbox</platform>
<exclusive>Yes</exclusive>
<titleid>00000000</titleid>
<overview>An application used to install XBMC4Gamers and XBMC-Emustation compatible artwork to your Xbox game folders. Have your Xbox games in F:\Games and/or G:\Games and launch this application. Follow the instructions in the application to install your artwork. The installer works by looking at the TitleID inside the default.xbe of each Xbox game to identify the correct artwork to be copied to the respective XBox game folder. Note, if two games have the same TitleID they will both get the same artwork. If this happens launch the application again and perform a manual artwork installation for the incorrectly populated XBox game.</overview>
</synopsis>
