<synopsis>
<title>Call of Duty: Finest Hour</title>
<developer>Spark Unlimited</developer>
<publisher>Activision</publisher>
<features_general>Single-player, Multiplayer, 480p, 16:9, Dolby 5.1 Surround</features_general>
<features_online>Online, Max Player on System Link: 16</features_online>
<esrb>T</esrb>
<esrb_descriptors>Blood, Violence</esrb_descriptors>
<genre>First-person shooter</genre>
<release_date>16 Nov 2004</release_date>
<rating>7.3</rating>
<platform>GameCube, PlayStation 2, Xbox</platform>
<exclusive>No</exclusive>
<titleid/>
<overview>You've been called to defend your Allied country against the Axis foes. In Call of Duty: Finest Hour, you must fight as part of a squad through the chaos of battle. Whether you play as American, British, or Russian forces, you'll discover the hardships that every unsung hero had to faceYou've been called to defend your Allied country against the Axis foes. In Call of Duty: Finest Hour, you must fight as part of a squad through the chaos of battle. Whether you play as American, British, or Russian forces, you'll discover the hardships that every unsung hero had to face during World War II. The game also features authentic weapons, vehicles, environments, combat missions, and the real sounds of war. Finally, the cinematic battlefield conflicts come to life on your gaming Yes.</overview>
</synopsis>
