<synopsis>
<sourcename>Smw-1.8-Beta1-Bin-T</sourcename>
<foldername>Smw-1.8-Beta1-Bin</foldername>
<title>Super Mario War</title>
<developer>Florian Hufsky, Two52 and contributors</developer>
<publisher>Homebrew</publisher>
<features_general>Single-player, Multiplayer</features_general>
<features_online>None</features_online>
<esrb>Not Rated</esrb>
<esrb_descriptors>Not Rated</esrb_descriptors>
<genre>Platform, Party</genre>
<release_date>Mid 2000's</release_date>
<rating>7.0</rating>
<platform>Xbox, Windows, OS X, Linux, Wii</platform>
<exclusive>No</exclusive>
<titleid>HBI64004</titleid>
<overview>Super Mario War is a game for up to four players with many different modes of play. The basic goal of the game is to be the last player standing, and to accomplish this goal you must jump on your opponents' heads to kill them. There are many Mario-themed items you can use to help you kill your opponents also. In addition, there are several variations on this basic gameplay mechanic which you can try, such as Chicken, Capture The Flag, and so on.</overview>
</synopsis>
