<synopsis>
<title>Chicago Enforcer</title>
<developer>Touchdown</developer>
<publisher>Kemco</publisher>
<features_general>Single-player, Multiplayer</features_general>
<features_online>Max Player on System Link: 8</features_online>
<esrb>M</esrb>
<esrb_descriptors>Blood, Violence</esrb_descriptors>
<genre>Action, Shooter, First-Person, Historic </genre>
<release_date>23 Feb 2005</release_date>
<rating>3.3</rating>
<platform>Xbox</platform>
<exclusive>Yes</exclusive>
<titleid/>
<overview>Take to the streets of Chicago as one of Al Capone's notorious enforcers. Choose from a variety of authentic gangster weapons and make your opposition an offer they can't refuse. You'll need these weapons, along with your character's special moves, to survive intense action scenarios such as bombing rival breweries or saving Capone himself. In addition to single-player missions, Chicago Enforcer features multiplayer modes that support up to eight players via Xbox Live. </overview>
</synopsis>
