<synopsis>
<title>Deus Ex: Invisible War</title>
<developer>Ion Storm Inc.</developer>
<publisher>Eidos Interactive</publisher>
<features_general>Single-player, 480p, Dolby 5.1 Surround</features_general>
<features_online/>
<esrb>M</esrb>
<esrb_descriptors>Blood, Violence</esrb_descriptors>
<genre>Action Adventure, Sci-Fi </genre>
<release_date>02 Dec 2003</release_date>
<rating>8.4</rating>
<platform>Windows PC, Xbox</platform>
<exclusive>Yes</exclusive>
<titleid/>
<overview>Approximately 20 years after the events depicted in Deus Ex, the world is only beginning to recover from a catastrophic depression. During this chaotic period of recovery, several religious and political factions see an opportunity to reshape a worldwide government to their agendas. In this techno nightmare, take part in the dark struggle to raise the world from its own ashes. With biotech modifications, you gain the ability to see through walls, leap 40 feet into the air, or regenerate critical injuries. Whether you prefer the path of violence or nonviolence, Deus Ex: Invisible War offers multiple solutions to problems and allows for radically different styles of play.</overview>
</synopsis>
