<synopsis>
<sourcename>Beatsofragexv2-T</sourcename>
<foldername>Beatsofragexv2</foldername>
<title>Beats of Rage</title>
<developer>Senile Team</developer>
<publisher>Homebrew</publisher>
<features_general>Single-player, Multiplayer</features_general>
<features_online>None</features_online>
<esrb>Not Rated</esrb>
<esrb_descriptors>Not Rated</esrb_descriptors>
<genre>Beat'em up</genre>
<release_date>Mid 2000's</release_date>
<rating>8.0</rating>
<platform>Xbox, Linux, MS-DOS, Windows, Dreamcast, PlayStation 2, PSP, Wii, Android</platform>
<exclusive>No</exclusive>
<titleid>02142006</titleid>
<overview>Beats of Rage is an open-source 2D customisable video game engine designed by Senile Team and inspired by Sega's classic Streets of Rage series of beat'em up games. It was initially released as a video game tribute for Streets of Rage 2 with characters from The King of Fighters.</overview>
</synopsis>
