<synopsis>
<sourcename>Combat Task Force 121-M</sourcename>
<foldername>Combat Task Force 121</foldername>
<title>Combat: Task Force 121</title>
<developer>Direct Action</developer>
<publisher>Groove Games</publisher>
<features_general>Players 1-4, 480p, Dolby Digital</features_general>
<features_online>System Link 2-8</features_online>
<esrb>M</esrb>
<esrb_descriptors>Blood, Violence</esrb_descriptors>
<genre>Action, Shooter, First-Person, Tactical, Modern</genre>
<release_date>22 Mar 2005</release_date>
<rating>4.4</rating>
<platform>Windows PC, Xbox</platform>
<exclusive>Yes</exclusive>
<titleid>47560003</titleid>
<overview>Terrorist acts have prompted the US government to call for the help of stronger military forces. As part of Task Force 121, you must travel to a variety of locations--such as the jungle, an oil rig, and an exotic island--to stop the terrorists before they become even more powerful. To survive, you must master military techniques and weapons, including pistols, assault rifles, grenade launchers, shotguns, sniper rifles, and more.</overview>
</synopsis>
