<synopsis>
<sourcename>Hitman Contracts-MB</sourcename>
<foldername>Hitman Contracts</foldername>
<title>Hitman: Contracts</title>
<developer>IO Interactive</developer>
<publisher>Eidos Interactive</publisher>
<features_general>Players 1, Dolby Digital</features_general>
<features_online/>
<esrb>M</esrb>
<esrb_descriptors>Blood and Gore, Intense Violence, Strong Language, Strong Sexual Content, Use of Drugs</esrb_descriptors>
<genre>Action, Shooter, Third-Person</genre>
<release_date>20 Apr 2004</release_date>
<rating>7.8</rating>
<platform>Windows PC, PlayStation 2, Xbox</platform>
<exclusive>No</exclusive>
<titleid>45530012</titleid>
<overview>Explore the dark psychology of killing for a living as you delve into the mind of a ruthless and efficient contract killer. Hitman: Contracts delivers more action-packed missions that require you to eliminate targets from England to China. Now you have a greater variety of ways to make the perfect hit and an increased arsenal of firearms and close-combat weapons at your disposal. Pick up objects like meat hooks, pool cues, shovels, and pillows to use as weapons, and then admire your "work" showcased in brutal detail.</overview>
</synopsis>
