<synopsis>
<title>Dead Man's Hand</title>
<developer>Human Head Studios</developer>
<publisher>Atari</publisher>
<features_general>Single-player, Multiplayer</features_general>
<features_online>Online, Max Player on System Link: 8</features_online>
<esrb>T</esrb>
<esrb_descriptors>Blood, Crude Humor, Suggestive Themes, Violence</esrb_descriptors>
<genre>Action, Shooter, First-Person, Historic </genre>
<release_date>16 Mar 2004</release_date>
<rating>6.2</rating>
<platform>Windows PC, Xbox</platform>
<exclusive>Yes</exclusive>
<titleid/>
<overview>Now you can experience the best elements of the Western genre, brought straight from the silver screen to the Xbox. Dead Man's Hand is a first-person shooter set in the Wild West. You assume the role of El Tejon, a master gunslinger who seeks vengeance. As the story unfolds, you pursue members of "The Nine," a gang of ruthless outlaws who betrayed you and left you for dead. Gunslinging, bar brawls, horseback action sequences, train chases, and epic showdowns are just part of the historic feel to this bona fide Old West adventure.</overview>
</synopsis>
