<synopsis>
<title>Far Cry Instincts: Evolution</title>
<developer>Ubisoft Montreal</developer>
<publisher>Ubisoft</publisher>
<features_general>Single-player, Multiplayer, 480p, Dolby 5.1 Surround</features_general>
<features_online>Max Player on System Link: 16</features_online>
<esrb>M</esrb>
<esrb_descriptors>Blood, Drug Reference, Intense Violence, Strong Language</esrb_descriptors>
<genre>Action, Shooter, First-Person</genre>
<release_date>28 Mar 2006</release_date>
<rating>7.8</rating>
<platform>Xbox</platform>
<exclusive>Yes</exclusive>
<titleid/>
<overview>Jack Carver thought he'd found paradise. But when a gorgeous woman draws him in on a dangerous heist, their sun drenched days take a chilling turn. Hunted for a murder he didn't commit, Jack must draw on his most savage instincts to make his predators his prey. The ultimate predator evolves: Become stronger, faster and more powerful than ever with new and enhanced feral abilities. Power new weapons and vehicles: Destroy enemies with poisonous darts, Molotov cocktails and explosive pipe bombs. Take control of powerful new vehicles like pirate sampan boats, armored technical pickup-trucks and heavy transport trucks. Build an online paradise: Create custom maps to play and share on Xbox Live - backwards compatible with the original Far Cry Instincts. Updated and more customizable multiplayer: Includes the new "Seek and Secure" mode, as well as classic multiplayer modes - Chaos, Team Chaos, Steal the Sample and Predator.</overview>
</synopsis>
