<synopsis>
<title>Hustle: Detroit Streets</title>
<developer>Blade Interactive</developer>
<publisher>Activision Value</publisher>
<features_general>Single-player, Multiplayer, 480p</features_general>
<features_online/>
<esrb>T</esrb>
<esrb_descriptors>Blood, Language, Simulated Gambling, Use of Tobacco, Violence</esrb_descriptors>
<genre>Miscellaneous, Parlor, Billiards</genre>
<release_date>26 Apr 2006</release_date>
<rating>5.2</rating>
<platform>GameCube, Windows PC, PlayStation 2, Xbox</platform>
<exclusive>No</exclusive>
<titleid/>
<overview>You're a down-on-your-luck hustler, newly arrived in Detroit, where the tough streets are unforgiving and your survival depends on your ability to win cash and respect. You'll need to scheme and employ trick shots to take down some of the city's toughest pool sharks. Your skills and toughness will be challenged and tested like never before. Defeat your opposition, get the girl, and escape with your life. Are you going to live to hustle another day?</overview>
</synopsis>
