<synopsis>
<sourcename>Ghost Recon 2-T</sourcename>
<foldername>Ghost Recon 2</foldername>
<title>Tom Clancy's Ghost Recon 2</title>
<developer>Red Storm Entertainment</developer>
<publisher>Ubisoft</publisher>
<features_general>Players 1-4, Dolby Digital</features_general>
<features_online>System Link 2-16, DLC</features_online>
<esrb>T</esrb>
<esrb_descriptors>Violence</esrb_descriptors>
<genre>Action, Shooter, First-Person, Tactical</genre>
<release_date>16 Nov 2004</release_date>
<rating>8</rating>
<platform>Xbox</platform>
<exclusive>Yes</exclusive>
<titleid>55530005</titleid>
<overview>The Xbox version of Tom Clancy's Ghost Recon 2 is a sequel to the PS2 version (which is set in 2007), and it features its own storyline, level design, and cinematic sequences. Once again, you must lead a team of Special Forces operatives (the "ghosts") on a variety of dangerous missions. Equip your team with advanced weapons and gadgets, and then fight alongside them in East Asia. The game also supports online multiplayer matches, in both competitive and cooperative modes.</overview>
</synopsis>
