<synopsis>
<title>Batman Vengeance</title>
<developer>Ubisoft Montreal</developer>
<publisher>Ubisoft</publisher>
<features_general>Single-player, 480p, Dolby 5.1 Surround</features_general>
<features_online/>
<esrb>T</esrb>
<esrb_descriptors>Violence</esrb_descriptors>
<genre>Action Adventure, Sci-Fi</genre>
<release_date>18 Dec 2001</release_date>
<rating>7</rating>
<platform>GameCube, Windows PC, PlayStation 2, Xbox</platform>
<exclusive>No</exclusive>
<titleid/>
<overview>Based on most of the game's character designs and appearances, Batman Vengeance would seem to take place after the conclusion of Batman: The Animated Series, but before the start of The New Batman Adventures. Plot points that support this include Mr. Freeze still posing as a threat (as his appearance in The New Batman Adventures episode "Cold Comfort" was the last time he was seen prior to Batman Beyond), as well as the fact that Batgirl is the Dark Knight's only active sidekick in the game.</overview>
</synopsis>
