<synopsis>
<title>Buffy the Vampire Slayer</title>
<developer>The Collective, Inc.</developer>
<publisher>EA Games</publisher>
<features_general>Single-player, 480p, Dolby 5.1 Surround</features_general>
<features_online/>
<esrb>T</esrb>
<esrb_descriptors>Blood and Gore, Mild Language, Suggestive Themes</esrb_descriptors>
<genre>Action, Beat-'Em-Up</genre>
<release_date>18 Aug 2002</release_date>
<rating>7.9</rating>
<platform>Xbox</platform>
<exclusive>Yes</exclusive>
<titleid/>
<overview>Buffy the Vampire Slayer is a 2002 Xbox video game addition to the Buffy the Vampire Slayer franchise. It is the second video game of the franchise to be released, though the earliest in terms of setting and the first for a Yes. The novella and dialogue of the game were written by Christopher Golden and Thomas Sniegoski, with additional dialogue provided by Richard Hare.</overview>
</synopsis>
