<synopsis>
<title>Angelic Concert</title>
<developer>Success</developer>
<publisher>Success</publisher>
<features_general/>
<features_online/>
<esrb>Not Rated by ESRB</esrb>
<esrb_descriptors>None</esrb_descriptors>
<genre/>
<release_date>Unreleased</release_date>
<rating>Not Rated</rating>
<platform>Xbox</platform>
<exclusive/>
<titleid/>
<overview>With your own ambitions to be a world class DJ, the gameplay resembles the stylings of Parappa the Rappa, though with less distractions and lengthy Japanese musical interludes. The control scheme is simple. Use the four buttons along with the directional pad to hit the notes with the correct timing. Sounds easy enough? While it may sound a little too simple, the game does provide minor challenges along the way. For example, if there was a fork in the road, depending on your choice, you may be faced with different puzzles, introduced to different characters and perform different songs.</overview>
</synopsis>
