<synopsis>
<title>Elder Scrolls III: Morrowind</title>
<developer>Bethesda Softworks</developer>
<publisher>Bethesda Softworks</publisher>
<features_general>Single-player, 480p, Dolby 5.1 Surround</features_general>
<features_online/>
<esrb>T</esrb>
<esrb_descriptors>Blood, Violence</esrb_descriptors>
<genre>Role-Playing, First-Person </genre>
<release_date>06 Jun 2002</release_date>
<rating>8.7</rating>
<platform>Windows PC, Xbox</platform>
<exclusive>Yes</exclusive>
<titleid/>
<overview>The third chapter of the Elder Scrolls series lets you play any kind of character you can imagine. Be the noble hero embarking on an epic quest or an insidious thief rising to leadership of his guild. Be a malevolent sorcerer developing the ultimate spell of destruction or a reverent healer searching for the cure to a plague. Your actions define your character, and your gameplay changes and evolves in response to your actions. Confront the assassins' guild, and they'll take out a contract on you. Impress them, and they try to recruit you instead. No two sagas are the same in the world of Morrowind.</overview>
</synopsis>
