<synopsis>
<title>Dragon Ball Z: Sagas</title>
<developer>Avalanche Software</developer>
<publisher>Atari</publisher>
<features_general>Single-player, Multiplayer, 480p, Dolby 5.1 Surround</features_general>
<features_online/>
<esrb>T</esrb>
<esrb_descriptors>Animated Blood, Violence</esrb_descriptors>
<genre>Action, Beat-'Em-Up </genre>
<release_date>22 Mar 2005</release_date>
<rating>5.1</rating>
<platform>GameCube, PlayStation 2, Xbox</platform>
<exclusive>No</exclusive>
<titleid/>
<overview>Join characters from the Dragon Ball Z animated series as they journey from the Saivan Saga through the Cell Games. You'll face a host of enemies, including Radiz, Nappa, Captain Ginyu, and Cell--each equipped with unique powers that you can inherit. The Dragon Ball Z world features fully destructible battlefields, bonus areas, and other hidden surprises. Discover all the secrets in the single-player campaign, or challenge a friend in the two-player mode.</overview>
</synopsis>
