<synopsis>
<sourcename>BK Big Bumpin'-T</sourcename>
<foldername>BK Big Bumpin'</foldername>
<title>Burger King - Big Bumpin'</title>
<developer>Blitz Games</developer>
<publisher>King Games</publisher>
<features_general>Players 1-4, 480p, 720p, 1080i, Dolby Digital</features_general>
<features_online/>
<esrb>E</esrb>
<esrb_descriptors>Mild Cartoon Violence</esrb_descriptors>
<genre>Racing, Action</genre>
<release_date>19 Nov 2006</release_date>
<rating>6.3</rating>
<platform>Xbox, Xbox 360</platform>
<exclusive>No</exclusive>
<titleid>4D5300D2</titleid>
<overview>Big Bumpin' is based on bumper cars, featuring characters familiar to Burger King, like the Subservient Chicken, Brooke Burke, and the Burger King himself. Obstacles in the arenas ("theme parks") include pits and saws. Players can gain power-ups which allow them to deal specific damages. The arenas include the Ice Box, Broiler, King's Court, The Deep, and Monsoon of Doom. The game supports up to four players, as well as up to eight using Xbox Live.</overview>
</synopsis>
