<synopsis>
<title>Lord of the Rings: The Fellowship of the Ring</title>
<developer>The Whole Experience</developer>
<publisher>Universal Interactive</publisher>
<features_general>Single-player, 480p, 16:9, Dolby 5.1 Surround</features_general>
<features_online/>
<esrb>T</esrb>
<esrb_descriptors>Blood, Violence</esrb_descriptors>
<genre>Action Adventure, Fantasy </genre>
<release_date>26 Sep 2002</release_date>
<rating>5.9</rating>
<platform>GameCube, Windows PC, PlayStation 2, Xbox</platform>
<exclusive>No</exclusive>
<titleid/>
<overview>J.R.R. Tolkien's Middle-earth is a land of beauty, magic, and darkness. In The Lord of the Rings: The Fellowship of the Ring, you follow Tolkien's narrative from the Shire to the halls of Moria, and finally to the banks of the River Anduin. Gameplay alternates between melee, archery, sorcery, and stealth as you control Frodo, Gandalf, and Aragorn. Join this band of heroes in their quest to destroy the One Ring, which contains all the power of the dark lord Sauron.</overview>
</synopsis>
