<synopsis>
<sourcename>King of Fighters 2003-T</sourcename>
<foldername>King of Fighters 2003</foldername>
<title>King of Fighters 2003</title>
<developer>Eolith</developer>
<publisher>Eolith</publisher>
<features_general>Players 1-2</features_general>
<features_online/>
<esrb>Not Rated by ESRB</esrb>
<esrb_descriptors>No Descriptors</esrb_descriptors>
<genre>Action, Fighting, 2D</genre>
<release_date>12 Dec 2003</release_date>
<rating>8.4</rating>
<platform>Xbox</platform>
<exclusive>No</exclusive>
<titleid>534E0003</titleid>
<overview>The King of Fighters 2003 (commonly abbreviated KOF 2003) is a competitive fighting game produced by SNK Playmore for the Neo Geo arcade and home platforms in 2003. It is the tenth game in The King of Fighters series and the last one released for the Neo Geo, which served as the primary platform for the series since the very first game. It was ported to PlayStation 2 and Xbox, was released in North America as a two-in-one bundle with the preceding game in the series, The King of Fighters 2002.</overview>
</synopsis>
