<synopsis>
<title>Beat Down: Fists of Vengeance</title>
<developer>Cavia</developer>
<publisher>Capcom</publisher>
<features_general>Single-player, 480p, Dolby 5.1 Surround</features_general>
<features_online/>
<esrb>M</esrb>
<esrb_descriptors>Blood, Strong Language, Violence</esrb_descriptors>
<genre>Action, Beat-'Em-Up</genre>
<release_date>23 Aug 2005</release_date>
<rating>5.1</rating>
<platform>PlayStation 2, Xbox</platform>
<exclusive>No</exclusive>
<titleid>43430015</titleid>
<overview>Framed for murder by Las Sombras' powerful Zanetti family, five underworld enforcers must confront rival gangs, a corrupt police force, and the Zanetti family themselves in order to exact their brutal revenge. Now play as one of the five outcasts, each with their own unique abilities. Fight with intensity to level up and gain new skills.</overview>
</synopsis>
