<synopsis>
<sourcename>Cabelas big Game Hunter 2005-MB</sourcename>
<foldername>Cabelas big Game Hunter 2005</foldername>
<title>Cabela's Big Game Hunter 2005 Adventures</title>
<developer>Fun Labs / Sand Grain Studios</developer>
<publisher>Activision</publisher>
<features_general>Players 1, 480p, Dolby Digital</features_general>
<features_online/>
<esrb>T</esrb>
<esrb_descriptors>Blood, Violence</esrb_descriptors>
<genre>Action, Sports, Hunting Simulation</genre>
<release_date>23 Nov 2004</release_date>
<rating>7.4</rating>
<platform>GameCube, PlayStation 2, Xbox</platform>
<exclusive>No</exclusive>
<titleid>4156003E</titleid>
<overview>Building on the rich history and success of the hunting genre, Cabela's® Big Game Hunter 2005 Adventures™ is the first story-based hunting adventure. Players can hunt and explore using inter-connected maps and trek through six massive regions with varying environments and terrains. As players progress through the game, they can hunt more than 36 big game animals including traditional favorites like elk and moose, as well as rare breeds of animals such as bison, stone sheep and musk ox. Highly detailed and improved instructions on game play as well as guides explaining how to hunt specific animals are just some of the new features added to Cabela's Big Game Hunter 2005 Adventures.</overview>
</synopsis>
