<synopsis>
<sourcename>Classified - Sentinel Crisis-T</sourcename>
<foldername>Classified - Sentinel Crisis</foldername>
<title>Classified: The Sentinel Crisis</title>
<developer>Torus Games</developer>
<publisher>Global Star Software</publisher>
<features_general>Players 1, 480p</features_general>
<features_online/>
<esrb>T</esrb>
<esrb_descriptors>Blood, Violence</esrb_descriptors>
<genre>First-person shooter</genre>
<release_date>25 May 2005</release_date>
<rating>4.1</rating>
<platform>PlayStation 2, Xbox</platform>
<exclusive>Yes</exclusive>
<titleid>5454007D</titleid>
<overview>Assume the role a Black Ops soldier recruited by the US military's experimental Sentinel program. Your only tools are the intelligent Sentinel combat suit and the multifunction OIWC assault rifle, a weapon of unparalleled versatility and power. The military scientist responsible for the Sentinel Technology is missing in the Balkans. You must join forces with the Rebels to expose the enemy and locate your quarry before the Sentinel Technology falls into hostile hands.</overview>
</synopsis>
