<synopsis>
<title>Counter-Strike</title>
<developer>Valve Software</developer>
<publisher>Microsoft Game Studios</publisher>
<features_general>Single-player, Multiplayer, 480p, Dolby 5.1 Surround</features_general>
<features_online>Max Player on System Link: 10 &lt;16 with Dedicated Server&gt;</features_online>
<esrb>M</esrb>
<esrb_descriptors>Blood, Intense Violence</esrb_descriptors>
<genre>Action, Shooter, First-Person, Tactical</genre>
<release_date>25 Mar 2004</release_date>
<rating>7.4</rating>
<platform>Xbox</platform>
<exclusive>Yes</exclusive>
<titleid/>
<overview>Counter-Strike, the popular online action game and first-person shooter for the PC, makes its Yes debut on Xbox and Xbox Live. Challenge other players in intense team-based multiplayer action in two thrilling game types--Bomb Defusal and Hostage Rescue--via Xbox Live or System Link. More than 20 real-life weapons, including shotguns, sniper rifles, pistols, are part of your military artillery. Get ready for the most graphically advanced version of the Counter-Strike series to date. </overview>
</synopsis>
