<synopsis>
<sourcename>MessOXtras-T</sourcename>
<foldername>MessOXtras</foldername>
<title>MessOXtras</title>
<developer>Madmab</developer>
<publisher>N/A</publisher>
<features_general>N/A</features_general>
<features_online>N/A</features_online>
<esrb>Not Rated</esrb>
<esrb_descriptors>Not Rated</esrb_descriptors>
<genre>Video Games</genre>
<release_date>2000's</release_date>
<rating>7.5</rating>
<platform>Arcade</platform>
<exclusive>N/A</exclusive>
<titleid>N/A</titleid>
<overview>MessoXTras is a port of the MESS emulator for Xbox. This first release supports 25 systems. Emulated systems are currently Bally Astrocade, Casio PV-1000, coCo 1, 2 and 3, Emerson Arcadia 2001, Epoch Game Pocket Computer, Epoch Super Cassette Vision, Fairchild Channel F, Fujitsu FM-7, Fujitsu FM77-AV, Funtech Super A'Can, Hartung Game Master, Mattel Aquarius, Mega Duck, PC-6001, PC-6601, Philips CDi, Philips VG-5000, Sharp MZ-2500, Sharp X1, Socrates Educational Video System, Sord M5, Tatung Einstein and VTech Laser 200. Mores systems will be added in later releases.</overview>
</synopsis>
