<synopsis>
<foldername>Final Burn Legends</foldername>
<title>Final Burn Legends</title>
<developer>Nes6502</developer>
<publisher>N/A</publisher>
<features_general>N/A</features_general>
<features_online>N/A</features_online>
<esrb>Not Rated</esrb>
<esrb_descriptors>Not Rated</esrb_descriptors>
<genre>Video Games</genre>
<release_date>2000's</release_date>
<rating>8.5</rating>
<platform>Arcade</platform>
<exclusive>N/A</exclusive>
<titleid>N/A</titleid>
<overview>Final Burn Legends is an Arcade emulator for the original Xbox. It plays and supports over 2,700 games.</overview>
</synopsis>
