<?xml version="1.0" encoding="UTF-8" standalone="yes"?>
<synopsis_Map>
	<synopsis>
		<foldername>AbbayeX</foldername>
		<title>AbbayeX</title>
		<developer>HCF/Locomalito</developer>
		<publisher>Homebrew</publisher>
		<features_general>Single-player</features_general>
		<features_online>None</features_online>
		<esrb>Not Rated</esrb>
		<esrb_descriptors>Not Rated</esrb_descriptors>
		<genre>Adventure</genre>
		<release_date>Mid 2000's</release_date>
		<rating>5.0</rating>
		<platform>Xbox, Linux, Amiga, ZX Spectrum</platform>
		<exclusive>No</exclusive>
		<titleid>0</titleid>
		<overview>AbbayeX is a port of the game "L'Abbaye des Morts". It is a retro 2D game created by the Spanish coder Locomalito. L'Abbaye des Morts was later ported to other plattforms like Linux, Amiga, ZX Spectrum. It is an amazing retro style game, with pure 2D graphics, chiptune music, and a gameplay very similar to the classical videogames of the 80s (hard gameplay, no saving, and the full game can be beat in one session).</overview>
	</synopsis>
	<synopsis>
		<foldername>Abombniball</foldername>
		<title>Abombniball</title>
		<developer>Akawaka/freakdave</developer>
		<publisher>Homebrew</publisher>
		<features_general>Single-player</features_general>
		<features_online>None</features_online>
		<esrb>Not Rated</esrb>
		<esrb_descriptors>Not Rated</esrb_descriptors>
		<genre>Puzzle</genre>
		<release_date>Mid 2000's</release_date>
		<rating>5.0</rating>
		<platform>Xbox</platform>
		<exclusive>Yes</exclusive>
		<titleid>0</titleid>
		<overview>Abombniballx is a XBOX port, which makes use of lantus' SDLx library. The original game was made by Martin Donlon (Akawaka). The objective of Abombniball is to defuse all the explosives on each level. As a ball, this would normally be a simple task, however each level is filled with traps and devious puzzles placed there by...oh...lets say "Dr. Y-Front", your arch-nemesis (he's very evil). These traps take the form of special tiles which disappear or do other nasty things.</overview>
	</synopsis>
	<synopsis>
		<foldername>Asteroids</foldername>
		<title>Asteroids</title>
		<developer>Unknown</developer>
		<publisher>Homebrew</publisher>
		<features_general>Single-player</features_general>
		<features_online>None</features_online>
		<esrb>Not Rated</esrb>
		<esrb_descriptors>Not Rated</esrb_descriptors>
		<genre>Shooter</genre>
		<release_date>Mid 2000's</release_date>
		<rating>5.0</rating>
		<platform>Xbox, Arcade, Atari 2600, Atari 7800, Atari 8-bit</platform>
		<exclusive>No</exclusive>
		<titleid>0</titleid>
		<overview>Remember the good old days of arcade games? This great remake of the classic Asteroids arcade game will take you back there instantly. You are a ship represented by the letter "A" (how old school is that?) and you must destroy as many asteroids as you can while avoiding enemy ships and of course the asteroids themselves. One good shot and you're toast so watch your back. Your ship has some really cool physics that take into account thrust, direction and speed. Pressing the forward arrow speeds your ship up and pressing left or right will turn you counter-clockwise or clockwise in a 360 degree rotation. This allows for some quick manuevering when trying to avoid asteroids or dodge enemy ship fire.</overview>
	</synopsis>
	<synopsis>
		<foldername>Beats of Rage</foldername>
		<title>Beats of Rage</title>
		<developer>Senile Team</developer>
		<publisher>Homebrew</publisher>
		<features_general>Single-player, Multiplayer</features_general>
		<features_online>None</features_online>
		<esrb>Not Rated</esrb>
		<esrb_descriptors>Not Rated</esrb_descriptors>
		<genre>Beat'em up</genre>
		<release_date>Mid 2000's</release_date>
		<rating>8.0</rating>
		<platform>Xbox, Linux, MS-DOS, Windows, Dreamcast, PlayStation 2, PSP, Wii, Android</platform>
		<exclusive>No</exclusive>
		<titleid>0</titleid>
		<overview>Beats of Rage is an open-source 2D customisable video game engine designed by Senile Team and inspired by Sega's classic Streets of Rage series of beat'em up games. It was initially released as a video game tribute for Streets of Rage 2 with characters from The King of Fighters.</overview>
	</synopsis>
	<synopsis>
		<foldername>Cave Story</foldername>
		<title>Cave Story</title>
		<developer>Daisuke "Pixel" Amaya (Ported by Xport)</developer>
		<publisher>Homebrew</publisher>
		<features_general>Single-player</features_general>
		<features_online>None</features_online>
		<esrb>Not Rated</esrb>
		<esrb_descriptors>Not Rated</esrb_descriptors>
		<genre>Adventure, Platformer</genre>
		<release_date>Mid 2000's</release_date>
		<rating>8.0</rating>
		<platform>Xbox, Windows, PSP Wii, Nintendo DS, OS X, Linux, GP2X, Amiga</platform>
		<exclusive>No</exclusive>
		<titleid>0</titleid>
		<overview>The fast-paced gameplay of Cave Story revolves around Quote, a robot who wakes up suffering amnesia who must explore and blast his way through cavernous areas in order to figure out who he is and what he is and his backstory. The character gains access to new areas as he powers up his weapons and solves various platforming puzzles. Quote speaks to non-player characters scattered around the game world in order to learn more and more about the world and its inhabitants. Cave Story takes place within the cavernous interior of a floating island. The island is populated by Mimigas, a race of sentient, rabbit-like creatures. A particular species of red flower that grows in the island causes the normally peaceful Mimigas to fall into a violent frenzy when ingested. The island also conceals an artifact called the Demon Crown, which has vast magical powers. An army of robot soldiers was sent to the floating island on a military expedition, seeking to harness the Demon Crown as a weapon for wars on the surface world. These robots slaughtered Mimigas indiscriminately in their search for the crown, but were defeated when the Mimigas decided to eat the red flowers as a last resort. Shortly before the game begins, Professor Booster, the Sakamoto family, and various assistants formed a scientific party to research the island, but they became stranded when their medical doctor managed to acquire the Crown: he then forced the expedition to search for the red flowers.</overview>
	</synopsis>
	<synopsis>
		<foldername>Miss Driller</foldername>
		<title>Miss Driller</title>
		<developer>IMR/freakdave</developer>
		<publisher>Homebrew</publisher>
		<features_general>Single-player</features_general>
		<features_online>None</features_online>
		<esrb>Not Rated</esrb>
		<esrb_descriptors>Not Rated</esrb_descriptors>
		<genre>Puzzle</genre>
		<release_date>Mid 2000's</release_date>
		<rating>6.5</rating>
		<platform>Xbox, Dreamcast, GBA</platform>
		<exclusive>No</exclusive>
		<titleid>0</titleid>
		<overview>Miss DrillerX is a clone of the popular game 'Mr.Driller' which some of you might know from the Dreamcast and the GBA. This game looks and plays almost like the original Mr.Driller, so you should have much fun with it. This version is based on the Dreamcast-port which was made by IMR.</overview>
	</synopsis>
	<synopsis>
		<foldername>Rick Dangerous</foldername>
		<title>Rick Dangerous</title>
		<developer>Lantus</developer>
		<publisher>Homebrew</publisher>
		<features_general>Single-player</features_general>
		<features_online>None</features_online>
		<esrb>Not Rated</esrb>
		<esrb_descriptors>Not Rated</esrb_descriptors>
		<genre>Adventure, Platformer</genre>
		<release_date>Mid 2000's</release_date>
		<rating>10</rating>
		<platform>Xbox, Amiga, Amstrad CPC, Atari ST, C64, ZX Spectrum, MS-DOS</platform>
		<exclusive>No</exclusive>
		<titleid>0</titleid>
		<overview>The plot of Rick Dangerous is largely based on the Indiana Jones movie Raiders of the Lost Ark. Set in 1945, British agent Rick Dangerous travels to the Amazon jungle to search for the lost Goolu tribe. His plane crashes in the jungle, and Rick must escape from the enraged Goolu. When the game starts Rick finds himself in a cave running from a rolling boulder, a famous scene from the Indiana Jones movie. Armed with a pistol and dynamite, Rick must fight hostiles and evade traps in three more levels. The second level of the game is set inside a pyramid located in Egypt. In the third level, Rick must venture to the Nazi stronghold of Schwarzendumpf castle to rescue captured Allied soldiers. The rescued soldiers tell him that the Nazis are planning a missile attack on London. Therefore, in the last level, Rick must infiltrate their secret missile base.</overview>
	</synopsis>
	<synopsis>
		<foldername>Star Wars: A New Hope</foldername>
		<title>Star Wars: A New Hope</title>
		<developer>SHiZNO/PeteGabe</developer>
		<publisher>Homebrew</publisher>
		<features_general>Single-player</features_general>
		<features_online>None</features_online>
		<esrb>Not Rated</esrb>
		<esrb_descriptors>Not Rated</esrb_descriptors>
		<genre>Action, Shooter, Sci-Fi</genre>
		<release_date>Mid 2000's</release_date>
		<rating>7.5</rating>
		<platform>Xbox, Arcade, Atari 2600, Atari 5200, Atari XE, ColecoVision, Commodore 64</platform>
		<exclusive>No</exclusive>
		<titleid>0</titleid>
		<overview>The player assumes the role of Luke Skywalker ("Red Five"), as he pilots an X-Wing fighter from a first-person perspective. Unlike other arcade games of similar nature, the player does not have to destroy every enemy in order to advance through the game; he must simply survive as his fighter flies through the level, which most often means he must avoid or destroy the shots that enemies fire. The player's ultimate goal is to destroy the Death Star through three attack phases. Each successive Death Star run greatly increases the difficulty; TIE Fighters shoot more often, there are more Laser towers and batteries in the second round, and there are many more obstacles and laser fire during the trench run. Unlike the movie, where the units shoot laser cannons, the enemy units in this game shoot projectiles resembling fireballs, in order to give the player a chance to destroy the shots fired at him.</overview>
	</synopsis>
	<synopsis>
		<foldername>Super Mario War</foldername>
		<title>Super Mario War</title>
		<developer>Florian Hufsky, Two52 and contributors</developer>
		<publisher>Homebrew</publisher>
		<features_general>Single-player, Multiplayer</features_general>
		<features_online>None</features_online>
		<esrb>Not Rated</esrb>
		<esrb_descriptors>Not Rated</esrb_descriptors>
		<genre>Platform, Party</genre>
		<release_date>Mid 2000's</release_date>
		<rating>7.0</rating>
		<platform>Xbox, Windows, OS X, Linux, Wii</platform>
		<exclusive>No</exclusive>
		<titleid>0</titleid>
		<overview>Super Mario War is a game for up to four players with many different modes of play. The basic goal of the game is to be the last player standing, and to accomplish this goal you must jump on your opponents' heads to kill them. There are many Mario-themed items you can use to help you kill your opponents also. In addition, there are several variations on this basic gameplay mechanic which you can try, such as Chicken, Capture The Flag, and so on.</overview>
	</synopsis>
	<synopsis>
		<foldername>Super Mario War Halloween Edition</foldername>
		<title>Super Mario War Halloween Edition</title>
		<developer>Florian Hufsky, Two52 and contributors</developer>
		<publisher>Homebrew</publisher>
		<features_general>Single-player, Multiplayer</features_general>
		<features_online>None</features_online>
		<esrb>Not Rated</esrb>
		<esrb_descriptors>Not Rated</esrb_descriptors>
		<genre>Platform, Party</genre>
		<release_date>Mid 2000's</release_date>
		<rating>7.5</rating>
		<platform>Xbox, Windows, OS X, Linux, Wii</platform>
		<exclusive>No</exclusive>
		<titleid>0</titleid>
		<overview>This is a mod of Super Mario War called "Ghost House War", it is also known as "Super Mario War: Halloween Edition" as that is when it was released. It contains the same fun as Super Mario War, but with a little spookier of a tone. Ghost House War is a game for up to four players with many different modes of play. The basic goal of the game is to be the last player standing, and to accomplish this goal you must jump on your opponents' heads to kill them. There's a fiendish array of items you can use to help you kill your opponents, as well. In addition, there are several variations on this basic gameplay mechanic which you can try, such as Bone Chicken, Graverobbers, and so on.</overview>
	</synopsis>
	<synopsis>
		<foldername>Streets of Rage Remake</foldername>
		<title>Streets of Rage Remake</title>
		<developer>BoMbErLiNk (Ported by A600)</developer>
		<publisher>Homebrew</publisher>
		<features_general>Single-player, Multiplayer</features_general>
		<features_online>None</features_online>
		<esrb>Not Rated</esrb>
		<esrb_descriptors>Not Rated</esrb_descriptors>
		<genre>Beat'em up</genre>
		<release_date>Mid 2000's</release_date>
		<rating>8.5</rating>
		<platform>Xbox, Windows</platform>
		<exclusive>No</exclusive>
		<titleid>0</titleid>
		<overview>Streets of Rage Remake is a tribute to the entire saga of the Sega Megadrive/Genesis series. It is a side-scrolling beat 'em up, centering on the efforts of several heroes trying to rid a city from the rule of a crime syndicate. The original trilogy of games were developed and published by Sega for the Sega Genesis in the 1990s, and have since been ported and re-released on various platforms and now for the first time on the Original Xbox. It started as a private project by BoMbErLiNk (creator and developer of the game) on March 17 2003. Over twenty contributors have worked on the project, both designers and musicians.</overview>
	</synopsis>
	<synopsis>
		<foldername>Zelda Return of the Hylian</foldername>
		<title>Zelda Return of the Hylian</title>
		<developer>Vincent Jouillat (Ported by freakdave)</developer>
		<publisher>Homebrew</publisher>
		<features_general>Single-player</features_general>
		<features_online>None</features_online>
		<esrb>Not Rated</esrb>
		<esrb_descriptors>Not Rated</esrb_descriptors>
		<genre>Adventure</genre>
		<release_date>Mid 2000's</release_date>
		<rating>8.5</rating>
		<platform>Xbox, Windows</platform>
		<exclusive>No</exclusive>
		<titleid>0</titleid>
		<overview>After Link's victory over Ganon (in "A Link to the Past"), no one knows what Links wish to the Triforce was. But this wish reunified the Light World and the Dark World and brought the 7 wise mens descendants back to life. Peace was back in Hyrule. But unfortunately, this wish also ressurected Ganon and his henchmen. He was preparing his revenge, but he couldn't do anything without the Triforce. One night, a familiar voice speaks to Link in his sleep.</overview>
	</synopsis>
	<synopsis>
		<foldername>Zelda Oni Link Begins</foldername>
		<title>Zelda Oni Link Begins</title>
		<developer>Vincent Jouillat (Ported by freakdave)</developer>
		<publisher>Homebrew</publisher>
		<features_general>Single-player</features_general>
		<features_online>None</features_online>
		<esrb>Not Rated</esrb>
		<esrb_descriptors>Not Rated</esrb_descriptors>
		<genre>Adventure</genre>
		<release_date>Mid 2000's</release_date>
		<rating>8.0</rating>
		<platform>Xbox, Windows</platform>
		<exclusive>No</exclusive>
		<titleid>0</titleid>
		<overview>Brought down by a terrible curse since his recent victory on the Dark Lord, Link is changing, day by day, into a powerful creature with a destructive nature named Oni-Link. Bannished from Hyrule, the young hylian asks the princess Zelda some help. She shows him his last hope: a portal to a secret world.</overview>
	</synopsis>
	<synopsis>
		<foldername>Zelda Time to Triumph</foldername>
		<title>Zelda Time to Triumph</title>
		<developer>Vincent Jouillat (Ported by Neobomb)</developer>
		<publisher>Homebrew</publisher>
		<features_general>Single-player</features_general>
		<features_online>None</features_online>
		<esrb>Not Rated</esrb>
		<esrb_descriptors>Not Rated</esrb_descriptors>
		<genre>Adventure</genre>
		<release_date>Mid 2000's</release_date>
		<rating>7.5</rating>
		<platform>Xbox, Windows</platform>
		<exclusive>No</exclusive>
		<titleid>0</titleid>
		<overview>After the events that occured in Termina and the victory of the hero on his evil alter-ego, Zelda and Link knew that, from the bottom of hell, Ganon the immortal drawed his power from his wish to the Triforce, and rounded up his army with a view to invade Hyrule. Until the day when, after months spent watching out for an attack, an event came up and put an end to this endless waiting.</overview>
	</synopsis>
	<synopsis>
		<foldername>Descent</foldername>
		<title>Descent</title>
		<developer>Parallax Software (Ported by A600)</developer>
		<publisher>Homebrew</publisher>
		<features_general>Single-player</features_general>
		<features_online>None</features_online>
		<esrb>Not Rated</esrb>
		<esrb_descriptors>Not Rated</esrb_descriptors>
		<genre>Action, Shooter, First-Person, Sci-Fi</genre>
		<release_date>Mid 2000's</release_date>
		<rating>8.5</rating>
		<platform>Xbox, DOS, Macintosh, Playstation, Acorn Archimedes</platform>
		<exclusive>No</exclusive>
		<titleid>0</titleid>
		<overview>Descent is a spacecraft-based first-person shooter and shoot 'em up video game developed by Parallax Software and released by Interplay in 1995 for DOS, and later for Macintosh, PlayStation, Acorn Archimedes and now for the Original Xbox. It is best known for popularizing a subgenre of first-person shooters taking advantage of the six degrees of freedom. It is also the first first-person shooter to feature entirely 3D graphics. The player is cast as a mercenary hired to eliminate the threat of a mysterious extraterrestrial computer virus infecting off-world mining robots. In a series of mines throughout the Solar System, the protagonist pilots a spaceship and must locate and destroy the mine's power reactor and escape being caught in the mine's self-destruction, defeating any opposing robots along the way.</overview>
	</synopsis>
	<synopsis>
		<foldername>Hexen</foldername>
		<title>Hexen</title>
		<developer>Raven Software (Ported by A600)</developer>
		<publisher>Homebrew</publisher>
		<features_general>Single-player, Multiplayer</features_general>
		<features_online>None</features_online>
		<esrb>Not Rated</esrb>
		<esrb_descriptors>Not Rated</esrb_descriptors>
		<genre>Action, Shooter, First-Person</genre>
		<release_date>Mid 2000's</release_date>
		<rating>9.0</rating>
		<platform>Xbox, MS-DOS, Windows, Mac OS, PlayStation, Sega Saturn, Nintendo 64</platform>
		<exclusive>No</exclusive>
		<titleid>0</titleid>
		<overview>Hexen: Beyond Heretic (or simply Hexen) is a first-person shooter computer game developed by Raven Software that utilises a modified Doom engine. It is the sequel to Heretic. The main goal of the game is the destruction of Korax, the second of a trio of demon brothers known as the Serpent Riders, who has taken over the world of Cronos. The first Serpent Rider, D'Sparil, was the final boss of Heretic and the third, Eidolon, would later appear in Hexen II. Each character has four weapons and uses the two types of mana as ammunitions. The three playable characters are Baratus (Fighter), Parias (Cleric) and Daedolon (Mage). The first weapon does not use mana, the second uses Blue Mana, the third uses Green Mana, and the ultimate weapon, which is built by finding three different parts, uses both types.</overview>
	</synopsis>
	<synopsis>
		<foldername>Heretic</foldername>
		<title>Heretic</title>
		<developer>Raven Software (Ported by A600)</developer>
		<publisher>Homebrew</publisher>
		<features_general>Single-player, Multiplayer</features_general>
		<features_online>None</features_online>
		<esrb>Not Rated</esrb>
		<esrb_descriptors>Not Rated</esrb_descriptors>
		<genre>Action, Shooter, First-Person</genre>
		<release_date>Mid 2000's</release_date>
		<rating>6.5</rating>
		<platform>Xbox, MS-DOS, Mac OS</platform>
		<exclusive>No</exclusive>
		<titleid>0</titleid>
		<overview>Heretic is a dark fantasy first-person shooter video game released in 1994. It was developed by Raven Software and published by id Software through GT Interactive. The game was released on Steam on August 3rd 2007. Using a modified version of the Doom engine, Heretic was one of the first first-person games to feature inventory manipulation and the ability to look up and down. It also introduced multiple gib objects that spawned when a character suffered a death by extreme force or heat. Previously, the character would simply crumple into a heap. The game used randomized ambient sounds and noises, such as evil laughter, chains rattling, distantly ringing bells, and water dripping in addition to the background music to further enhance the atmosphere. The music in the game was composed by Kevin Schilder. An indirect sequel, Hexen: Beyond Heretic, was released the following year. Heretic II was released in 1998, which served as a direct sequel continuing the story.</overview>
	</synopsis>
	<synopsis>
		<foldername>Quake</foldername>
		<title>Quake</title>
		<developer>id Software (Ported by FakeGLx/Marty)</developer>
		<publisher>Homebrew</publisher>
		<features_general>Single-player, Multiplayer</features_general>
		<features_online>None</features_online>
		<esrb>Not Rated</esrb>
		<esrb_descriptors>Not Rated</esrb_descriptors>
		<genre>Action, Shooter, First-Person</genre>
		<release_date>Mid 2000's</release_date>
		<rating>9.4</rating>
		<platform>Xbox, MS-DOS, AmigaOS, Mac OS, Sega Saturn, Nintendo 64, Linux, Windows</platform>
		<exclusive>No</exclusive>
		<titleid>0</titleid>
		<overview>The successor to id Software's Doom series, Quake built upon the technology and gameplay of its predecessors. Unlike the Doom engine before it, the Quake engine offered full real-time 3D rendering and had early support for 3D acceleration through OpenGL. After Doom helped to popularize multiplayer deathmatches in 1993, Quake added various multiplayer options. Online multiplayer became increasingly common, with the QuakeWorld update and software such as QuakeSpy making the process of finding and playing against others on the Internet easier and more reliable.</overview>
	</synopsis>
	<synopsis>
		<foldername>Quake II</foldername>
		<title>Quake II</title>
		<developer>id Software (Ported by Lantus)</developer>
		<publisher>Homebrew</publisher>
		<features_general>Single-player, Multiplayer</features_general>
		<features_online>None</features_online>
		<esrb>Not Rated</esrb>
		<esrb_descriptors>Not Rated</esrb_descriptors>
		<genre>Action, Shooter, First-Person</genre>
		<release_date>Mid 2000's</release_date>
		<rating>9.0</rating>
		<platform>Xbox, Windows, AmigaOS, Mac OS, Nintendo 64, Playstation, Linux, Xbox 360</platform>
		<exclusive>No</exclusive>
		<titleid>0</titleid>
		<overview>Quake II is a first-person shooter, in which the player shoots enemies from the perspective of the main character. The gameplay is very similar to that featured in Quake, in terms of movement and controls, although the player's movement speed has been slowed down, and the player now has the ability to crouch. The game retains four of the eight weapons from Quake (the Shotgun, Super Shotgun, Grenade Launcher, and Rocket Launcher), although they have been redesigned visually and made to function in slightly different ways. The remainder of Quake's eight weapons (the Axe, Nailgun, Super Nailgun, and Thunderbolt) are not present in Quake II. The six newly introduced weapons are the Blaster, Machine Gun, Chain Gun, Hyperblaster, Railgun, and BFG10K. The Quad Damage power up from Quake is present in Quake II, and new power-ups include the Ammo Pack, Invulnerability, Bandolier, Enviro-Suit, Rebreather, and Silencer.</overview>
	</synopsis>
	<synopsis>
		<foldername>Quake III Arena</foldername>
		<title>Quake III Arena</title>
		<developer>id Software (Ported by carcharius)</developer>
		<publisher>Homebrew</publisher>
		<features_general>Single-player, Multiplayer</features_general>
		<features_online>Multiplayer</features_online>
		<esrb>Not Rated</esrb>
		<esrb_descriptors>Not Rated</esrb_descriptors>
		<genre>Action, Shooter, First-Person</genre>
		<release_date>Mid 2000's</release_date>
		<rating>9.3</rating>
		<platform>Xbox, Windows, Linux, OS X, Dreamcast, PlayStation 2, Xbox 360, iOS</platform>
		<exclusive>No</exclusive>
		<titleid>0</titleid>
		<overview>Welcome to the Arena, where high-ranking warriors are transformed into spineless mush. Abandoning every ounce of common sense and any trace of doubt, you lunge onto a stage of harrowing landscapes and veiled abysses. Your new environment rejects you with lava pits and atmospheric hazards as legions of foes surround you, testing the gut reaction that brought you here in the first place. Your new mantra: Fight or be finished.</overview>
	</synopsis>
	<synopsis>
		<foldername>Alien Vs Predator</foldername>
		<title>Alien Vs Predator</title>
		<developer>Rebellion Developments (Ported by SirLemonhead)</developer>
		<publisher>Homebrew</publisher>
		<features_general>Single-player, Multiplayer</features_general>
		<features_online>None</features_online>
		<esrb>Not Rated</esrb>
		<esrb_descriptors>Not Rated</esrb_descriptors>
		<genre>Action, Shooter, First-Person, Sci-Fi</genre>
		<release_date>Mid 2000's</release_date>
		<rating>8.4</rating>
		<platform>Xbox, Windows, OS X</platform>
		<exclusive>No</exclusive>
		<titleid>0</titleid>
		<overview>Aliens versus Predator offers three separate campaigns, each playable as a separate species: Alien, Predator, or human Colonial Marine. Each player character has different objectives, abilities, and weapons. The single-player campaign presents the player with a conventional series of levels to progress through that are designed around the abilities of each character. As the Colonial Marine the player uses a number of weapons to combat Aliens and Predators. The marine wears armor for protection and uses an image intensifier and flares to improve visibility in dark areas. When playing as the Predator the player uses a variety of weapons from the Predator films such as wrist blades, a throwing disc, and shoulder-mounted energy weapons. The Predator is the most durable of the three player characters and can survive falls from greater heights than the human. The player can use a cloaking device to become invisible and several different modes of vision to detect enemies, including an infrared vision mode and a mode sensitive to electrical systems. As an Alien the player can explore most of the game's environments freely, even climbing across walls and ceilings. The Alien has no weapons, however, using its claws, tail, and jaws to attack enemies. The screen is distorted into a fisheye lens effect to reflect the Alien's field of view. The player can also use a form of echolocation in dark areas and can detect pheromones to discern human or Predator enemies. The Alien can drop from any height without injury and is the fastest of the three player characters.</overview>
	</synopsis>
	<synopsis>
		<foldername>Wolfenstein 3D</foldername>
		<title>Wolfenstein 3D</title>
		<developer>id Software (Ported by th0mas)</developer>
		<publisher>Homebrew</publisher>
		<features_general>Single-player, Multiplayer</features_general>
		<features_online>None</features_online>
		<esrb>Not Rated</esrb>
		<esrb_descriptors>Not Rated</esrb_descriptors>
		<genre>Action, Shooter, First-Person</genre>
		<release_date>Mid 2000's</release_date>
		<rating>6.5</rating>
		<platform>Xbox, MS-DOS, Mac OS, Linux, SNES, 3DO, Jaguar, Apple IIGS</platform>
		<exclusive>No</exclusive>
		<titleid>0</titleid>
		<overview>Wolfenstein 3D is a first-person shooter video game developed by id Software and published by Apogee Software and FormGen. Originally released on May 5, 1992 for MS-DOS, it was inspired by the 1981 Muse Software video game Castle Wolfenstein, and is the third installment in the Wolfenstein series. In Wolfenstein 3D, the player assumes the role of Allied spy William "B.J." Blazkowicz during World War II as he escapes from the Nazi German prison Castle Wolfenstein and carries out a series of crucial missions against the Nazis. The player traverses each of the game's levels to find an elevator to the next level or kill a final boss, fighting Nazi soldiers, dogs, and other enemies with knives and a variety of guns.</overview>
	</synopsis>
	<synopsis>
		<foldername>Duke Nukem 3D</foldername>
		<title>Duke Nukem 3D</title>
		<developer>3D Realms (Ported by A600)</developer>
		<publisher>Homebrew</publisher>
		<features_general>Single-player, Multiplayer</features_general>
		<features_online>None</features_online>
		<esrb>Not Rated</esrb>
		<esrb_descriptors>Not Rated</esrb_descriptors>
		<genre>Action, Shooter, First-Person</genre>
		<release_date>Mid 2000's</release_date>
		<rating>8.8</rating>
		<platform>Xbox, MS-DOS</platform>
		<exclusive>No</exclusive>
		<titleid>0</titleid>
		<overview>Duke Nukem 3D features the adventures of the titular Duke Nukem, voiced by Jon St. John, who fights against an alien invasion on Earth. Along with Wolfenstein 3D and Doom, Duke Nukem 3D is considered to be responsible for popularizing first-person shooters, and was released to major acclaim. Reviewers praised the interactivity of the environments, gameplay, level design, and unique humour, a mix of pop-culture satire and lampooning of over-the-top Hollywood action heroes. The game's violent nature, erotic elements, and portrayal of women incited controversy. As a first-person shooter whose gameplay is similar to Doom, the gameplay of Duke Nukem 3D involves moving through levels presented from the protagonist's point of view, shooting enemies on the way. The environments in Duke Nukem 3D are highly destructible and interactive; most props can be destroyed by the player.</overview>
	</synopsis>
	<synopsis>
		<foldername>Rise of The Triad</foldername>
		<title>Rise of The Triad</title>
		<developer>3D Realms</developer>
		<publisher>Homebrew</publisher>
		<features_general>Single-player, Multiplayer</features_general>
		<features_online>None</features_online>
		<esrb>Not Rated</esrb>
		<esrb_descriptors>Not Rated</esrb_descriptors>
		<genre>Action, Shooter, First-Person</genre>
		<release_date>Mid 2000's</release_date>
		<rating>8.0</rating>
		<platform>Xbox, DOS, iOS</platform>
		<exclusive>No</exclusive>
		<titleid>0</titleid>
		<overview>A team of special operatives, known as the HUNT (High-risk United Nations Task-force) are sent to San Nicolas Island to investigate deadly cult activity taking place in an ancient monastery. Their boat, the only way back, is destroyed by patrols, and the team soon learns that the cult plans to systematically destroy nearby Los Angeles. The operatives, now unable to return whence they came, are then left to fight their way into the monastery on the island, and eventually put a stop to the cult's activities. During its early stages of development, Rise of the Triad was initially meant to serve as the sequel to Wolfenstein 3D, titled Wolfenstein 3D II: Rise of the Triad. The presence of the Walther PP pistol, the MP 40 submachine gun, the Bazooka, and the outfits worn by the enemies allude to Nazi Germany and imply the original aforementioned intent for the development of Rise of the Triad.</overview>
	</synopsis>
	<synopsis>
		<foldername>OpenBor</foldername>
		<title>OpenBor</title>
		<developer>Senile Team and Fan Contributions</developer>
		<publisher>Homebrew</publisher>
		<features_general>Single-player, Multiplayer</features_general>
		<features_online>None</features_online>
		<esrb>Not Rated</esrb>
		<esrb_descriptors>Not Rated</esrb_descriptors>
		<genre>Beat'em up</genre>
		<release_date>Mid 2000's</release_date>
		<rating>8.5</rating>
		<platform>Xbox, Windows, OS X, Linux, Dreamcast, Wii, PSP, GP2X</platform>
		<exclusive>No</exclusive>
		<titleid>0</titleid>
		<overview>OpenBOR (Open Beats of Rage) is a royalty free sprite based side scrolling gaming engine. From humble beginnings in 2004, it has since grown into the most versatile, easy to use, and powerful engine of its type you will find anywhere. OpenBOR is optimized for side scrolling beat'em up style games (Double Dragon, Streets of Rage, Final Fight), but easily accommodates any sort of gameplay style and feature set you can imagine. This is a curated collection of the very best fan made OpenBor side scrolling beat 'em up games centered around various video game and popular culture characters of the time.</overview>
	</synopsis>
	<synopsis>
		<foldername>Freefall 3050 A.D.</foldername>
		<title>Freefall 3050 A.D.</title>
		<developer>Total ArKade Software/VM Labs (Ported by Lantus)</developer>
		<publisher>Homebrew</publisher>
		<features_general>Single-player</features_general>
		<features_online>None</features_online>
		<esrb>Not Rated</esrb>
		<esrb_descriptors>Not Rated</esrb_descriptors>
		<genre>Shooter</genre>
		<release_date>09 Apr 2007</release_date>
		<rating>8.0</rating>
		<platform>Xbox, Nuon, Windows PC</platform>
		<exclusive>No</exclusive>
		<titleid>0</titleid>
		<overview>In the year 3050, the surface of the Earth has become an irradiated wasteland incapable of sustaining human life. In response, humanity builds upwards - cities become sprawling vertical structures spanning kilometres, and flying cars roam the vertical alleys between cities. The police department now faces a new challenge - how to quickly respond to crimes hundreds of stories down? The solution is a new division of police who can skydive through the vertical alleys to reach crime scenes in freefall. Freefall plays as an unusual, 360-degree rail shooter. The player controls one of the skydiving police officers over the course of several missions; the player must shoot enemies while descending rapidly through levels and completing objectives along the way. The player has a top-down view of their character as they descend through vertical alleys, but can also switch to alternate camera angles in order to better take out enemies as they drop. They player can also adjust their speed as they drop; shifting from a neutral position to headfirst increases the player's speed to reckless levels, while falling feet-first slows the player down and allows them to land on platforms.</overview>
	</synopsis>
</synopsis_Map>