<?xml version="1.0" encoding="UTF-8" standalone="yes"?>
<synopsis_Map>
	<synopsis>
		<sourcename>Abbayex V1-T</sourcename>
		<foldername>Abbayex V1.0</foldername>
		<title>Abbaye des morts</title>
		<developer>HCF/Locomalito</developer>
		<publisher>Homebrew</publisher>
		<features_general>Single-player</features_general>
		<features_online>None</features_online>
		<esrb>Not Rated</esrb>
		<esrb_descriptors>Not Rated</esrb_descriptors>
		<genre>Adventure</genre>
		<release_date>Mid 2000's</release_date>
		<rating>5.0</rating>
		<platform>Xbox, Linux, Amiga, ZX Spectrum</platform>
		<exclusive>No</exclusive>
		<titleid>HBI64001</titleid>
		<overview>AbbayeX is a port of the game "L'Abbaye des Morts". It is a retro 2D game created by the Spanish coder Locomalito. L'Abbaye des Morts was later ported to other plattforms like Linux, Amiga, ZX Spectrum. It is an amazing retro style game, with pure 2D graphics, chiptune music, and a gameplay very similar to the classical videogames of the 80s (hard gameplay, no saving, and the full game can be beat in one session).</overview>
	</synopsis>
	<synopsis>
		<sourcename>Abombniballx (V3)-T</sourcename>
		<foldername>Abombniballx (V3)</foldername>
		<title>Abombniball</title>
		<developer>Akawaka/freakdave</developer>
		<publisher>Homebrew</publisher>
		<features_general>Single-player</features_general>
		<features_online>None</features_online>
		<esrb>Not Rated</esrb>
		<esrb_descriptors>Not Rated</esrb_descriptors>
		<genre>Puzzle</genre>
		<release_date>Mid 2000's</release_date>
		<rating>5.0</rating>
		<platform>Xbox</platform>
		<exclusive>Yes</exclusive>
		<titleid>00001341</titleid>
		<overview>Abombniballx is a XBOX port, which makes use of lantus' SDLx library. The original game was made by Martin Donlon (Akawaka). The objective of Abombniball is to defuse all the explosives on each level. As a ball, this would normally be a simple task, however each level is filled with traps and devious puzzles placed there by...oh...lets say "Dr. Y-Front", your arch-nemesis (he's very evil). These traps take the form of special tiles which disappear or do other nasty things.</overview>
	</synopsis>
	<synopsis>
		<sourcename>AbuseXv1-T</sourcename>
		<foldername>AbuseXv1</foldername>
		<title>Abuse</title>
		<developer>Crack dot Com/Exakt Entertainment/Tandor</developer>
		<publisher>Homebrew/Electronic Arts/Origins Systems/Bungie</publisher>
		<features_general>Single-player, Multiplayer</features_general>
		<features_online>None</features_online>
		<esrb>T</esrb>
		<esrb_descriptors>Violence</esrb_descriptors>
		<genre>Run and Gun</genre>
		<release_date>Mid 2000's</release_date>
		<rating>8.0</rating>
		<platform>Xbox</platform>
		<exclusive>Yes</exclusive>
		<titleid>07052006</titleid>
		<overview>Abuse is a run and gun video game developed by Crack dot Com and published by Electronic Arts in North America and Origin Systems in Europe. It was released on February 29, 1996 for MS-DOS. An xbox port of the game was published by Tandor and makes use of lantus' SDLx library. The protagonist of the game, Nick Vrenna, has been unjustly incarcerated in a prison where the staff are performing unethical medical experiments upon the inmates. A prison riot occurs and an experiment goes horribly wrong. The people inside the prison - except for Nick, who seems to be immune - are infected with a substance called Abuse that transforms them into monsters. With the water supply in danger of being infected, Nick arms himself and fights through the horde to prevent this, and then escapes from the prison complex.</overview>
	</synopsis>
	<synopsis>
		<sourcename>Aftershock Pool Sx-T</sourcename>
		<foldername>Aftershock Pool Sx</foldername>
		<title>AfterShock Pool SX</title>
		<developer>SHiZNO</developer>
		<publisher>SHiZNO</publisher>
		<features_general>Single-Player, Multiplayer</features_general>
		<features_online>None</features_online>
		<esrb>E</esrb>
		<esrb_descriptors>none</esrb_descriptors>
		<genre>Sports Simulation</genre>
		<release_date>Apr 24, 2012</release_date>
		<rating>5.0</rating>
		<platform>Xbox</platform>
		<exclusive>Yes</exclusive>
		<titleid>07398CDC</titleid>
		<overview>Aftershock Pool SX is an original homebrew pool game for the Xbox. It features solid gameplay, and a nice table editor. No AI in this though, so grab some friends before you play. Game Types include 8 Ball, 9 Ball, Cut Throat (3 players), Red Vs Blue© and Mini-Golf-Pool©. This Homebrew was developed by SHiZNO and utilizes Lantus' SDLx library</overview>
	</synopsis>
	<synopsis>
		<sourcename>Aliens versus Predator Gold-MT</sourcename>
		<foldername>Aliens versus Predator Gold</foldername>
		<title>Aliens Vs Predator</title>
		<developer>Rebellion Developments (Ported by SirLemonhead)</developer>
		<publisher>Homebrew</publisher>
		<features_general>Single-player, Multiplayer</features_general>
		<features_online>None</features_online>
		<esrb>Not Rated</esrb>
		<esrb_descriptors>Not Rated</esrb_descriptors>
		<genre>Action, Shooter, First-Person, Sci-Fi</genre>
		<release_date>Mid 2000's</release_date>
		<rating>8.4</rating>
		<platform>Xbox, Windows, OS X</platform>
		<exclusive>No</exclusive>
		<titleid>HBI64003</titleid>
		<overview>Aliens versus Predator offers three separate campaigns, each playable as a separate species: Alien, Predator, or human Colonial Marine. Each player character has different objectives, abilities, and weapons. The single-player campaign presents the player with a conventional series of levels to progress through that are designed around the abilities of each character. As the Colonial Marine the player uses a number of weapons to combat Aliens and Predators. The marine wears armor for protection and uses an image intensifier and flares to improve visibility in dark areas. When playing as the Predator the player uses a variety of weapons from the Predator films such as wrist blades, a throwing disc, and shoulder-mounted energy weapons. The Predator is the most durable of the three player characters and can survive falls from greater heights than the human. The player can use a cloaking device to become invisible and several different modes of vision to detect enemies, including an infrared vision mode and a mode sensitive to electrical systems. As an Alien the player can explore most of the game's environments freely, even climbing across walls and ceilings. The Alien has no weapons, however, using its claws, tail, and jaws to attack enemies. The screen is distorted into a fisheye lens effect to reflect the Alien's field of view. The player can also use a form of echolocation in dark areas and can detect pheromones to discern human or Predator enemies. The Alien can drop from any height without injury and is the fastest of the three player characters.</overview>
	</synopsis>
	<synopsis>
		<sourcename>Aliens versus Predator-M</sourcename>
		<foldername>Aliens versus Predator</foldername>
		<title>Aliens Vs Predator</title>
		<developer>Rebellion Developments (Ported by SirLemonhead)</developer>
		<publisher>Homebrew</publisher>
		<features_general>Single-player, Multiplayer</features_general>
		<features_online>None</features_online>
		<esrb>Not Rated</esrb>
		<esrb_descriptors>Not Rated</esrb_descriptors>
		<genre>Action, Shooter, First-Person, Sci-Fi</genre>
		<release_date>Mid 2000's</release_date>
		<rating>8.4</rating>
		<platform>Xbox, Windows, OS X</platform>
		<exclusive>No</exclusive>
		<titleid>HBI64003</titleid>
		<overview>Aliens versus Predator offers three separate campaigns, each playable as a separate species: Alien, Predator, or human Colonial Marine. Each player character has different objectives, abilities, and weapons. The single-player campaign presents the player with a conventional series of levels to progress through that are designed around the abilities of each character. As the Colonial Marine the player uses a number of weapons to combat Aliens and Predators. The marine wears armor for protection and uses an image intensifier and flares to improve visibility in dark areas. When playing as the Predator the player uses a variety of weapons from the Predator films such as wrist blades, a throwing disc, and shoulder-mounted energy weapons. The Predator is the most durable of the three player characters and can survive falls from greater heights than the human. The player can use a cloaking device to become invisible and several different modes of vision to detect enemies, including an infrared vision mode and a mode sensitive to electrical systems. As an Alien the player can explore most of the game's environments freely, even climbing across walls and ceilings. The Alien has no weapons, however, using its claws, tail, and jaws to attack enemies. The screen is distorted into a fisheye lens effect to reflect the Alien's field of view. The player can also use a form of echolocation in dark areas and can detect pheromones to discern human or Predator enemies. The Alien can drop from any height without injury and is the fastest of the three player characters.</overview>
	</synopsis>
	<synopsis>
		<sourcename>Asteroids-T</sourcename>
		<foldername>Asteroids</foldername>
		<title>Asteroids</title>
		<developer>Unknown</developer>
		<publisher>Homebrew</publisher>
		<features_general>Single-player</features_general>
		<features_online>None</features_online>
		<esrb>Not Rated</esrb>
		<esrb_descriptors>Not Rated</esrb_descriptors>
		<genre>Shooter</genre>
		<release_date>Mid 2000's</release_date>
		<rating>5.0</rating>
		<platform>Xbox, Arcade, Atari 2600, Atari 7800, Atari 8-bit</platform>
		<exclusive>No</exclusive>
		<titleid>HBI64002</titleid>
		<overview>Remember the good old days of arcade games? This great remake of the classic Asteroids arcade game will take you back there instantly. You are a ship represented by the letter "A" (how old school is that?) and you must destroy as many asteroids as you can while avoiding enemy ships and of course the asteroids themselves. One good shot and you're toast so watch your back. Your ship has some really cool physics that take into account thrust, direction and speed. Pressing the forward arrow speeds your ship up and pressing left or right will turn you counter-clockwise or clockwise in a 360 degree rotation. This allows for some quick manuevering when trying to avoid asteroids or dodge enemy ship fire.</overview>
	</synopsis>
	<synopsis>
		<sourcename>Beatsofragexv2-T</sourcename>
		<foldername>Beatsofragexv2</foldername>
		<title>Beats of Rage</title>
		<developer>Senile Team</developer>
		<publisher>Homebrew</publisher>
		<features_general>Single-player, Multiplayer</features_general>
		<features_online>None</features_online>
		<esrb>Not Rated</esrb>
		<esrb_descriptors>Not Rated</esrb_descriptors>
		<genre>Beat'em up</genre>
		<release_date>Mid 2000's</release_date>
		<rating>8.0</rating>
		<platform>Xbox, Linux, MS-DOS, Windows, Dreamcast, PlayStation 2, PSP, Wii, Android</platform>
		<exclusive>No</exclusive>
		<titleid>02142006</titleid>
		<overview>Beats of Rage is an open-source 2D customisable video game engine designed by Senile Team and inspired by Sega's classic Streets of Rage series of beat'em up games. It was initially released as a video game tribute for Streets of Rage 2 with characters from The King of Fighters.</overview>
	</synopsis>
	<synopsis>
		<sourcename>Castlevania-T</sourcename>
		<foldername>Castlevania Collection</foldername>
		<title>Castlevania Collection</title>
		<developer>CoinOps Team</developer>
		<publisher>Smithis and Randyslim76</publisher>
		<features_general>Single Player</features_general>
		<esrb>T</esrb>
		<esrb_descriptors>No Descriptors</esrb_descriptors>
		<genre>Action Adventure</genre>
		<release_date>16 Jan 2017</release_date>
		<rating>9.9</rating>
		<platform>xbox premium/Ninja/Dragon</platform>
		<exclusive>Yes</exclusive>
		<titleid>HBI64009</titleid>
		<overview>An amazing collection of 40 Castlevania games from multiple platforms, preconfigured for Premium 8R5, and compatible with Ninja and Dragon.  This standalone pack was meticulously crafted with heavy customization to the UI.  This project was lead by Smiths and Randyslim76, with assistance from Avant (for nearly all of his CoinOps pack, listening, advice, and help), BritneysPAIRS (Author and lead developer of CoinOps, Visionary, Premium, Dragon, &amp; Ninja), Jonny555 (artwork, help &amp; support), and Pipmick (for various tools and assistance along the way).</overview>
	</synopsis>
	<synopsis>
		<sourcename>Cavestoryxv2-T</sourcename>
		<foldername>Cavestoryxv2</foldername>
		<title>Cave Story</title>
		<developer>Daisuke "Pixel" Amaya (Ported by Xport)</developer>
		<publisher>Homebrew</publisher>
		<features_general>Single-player</features_general>
		<features_online>None</features_online>
		<esrb>Not Rated</esrb>
		<esrb_descriptors>Not Rated</esrb_descriptors>
		<genre>Adventure, Platformer</genre>
		<release_date>Mid 2000's</release_date>
		<rating>8.0</rating>
		<platform>Xbox, Windows, PSP Wii, Nintendo DS, OS X, Linux, GP2X, Amiga</platform>
		<exclusive>No</exclusive>
		<titleid>07022007</titleid>
		<overview>The fast-paced gameplay of Cave Story revolves around Quote, a robot who wakes up suffering amnesia who must explore and blast his way through cavernous areas in order to figure out who he is and what he is and his backstory. The character gains access to new areas as he powers up his weapons and solves various platforming puzzles. Quote speaks to non-player characters scattered around the game world in order to learn more and more about the world and its inhabitants. Cave Story takes place within the cavernous interior of a floating island. The island is populated by Mimigas, a race of sentient, rabbit-like creatures. A particular species of red flower that grows in the island causes the normally peaceful Mimigas to fall into a violent frenzy when ingested. The island also conceals an artifact called the Demon Crown, which has vast magical powers. An army of robot soldiers was sent to the floating island on a military expedition, seeking to harness the Demon Crown as a weapon for wars on the surface world. These robots slaughtered Mimigas indiscriminately in their search for the crown, but were defeated when the Mimigas decided to eat the red flowers as a last resort. Shortly before the game begins, Professor Booster, the Sakamoto family, and various assistants formed a scientific party to research the island, but they became stranded when their medical doctor managed to acquire the Crown: he then forced the expedition to search for the red flowers.</overview>
	</synopsis>
	<synopsis>
		<sourcename>Doomxv2.2B-T</sourcename>
		<foldername>Doomxv2.2B</foldername>
		<title>Doom</title>
		<developer>id Software (Carcharius/LikkleBaer)</developer>
		<publisher>Homebrew</publisher>
		<features_general>Single-player</features_general>
		<features_online>None</features_online>
		<esrb>Not Rated</esrb>
		<esrb_descriptors>Not Rated</esrb_descriptors>
		<genre>Adventure</genre>
		<release_date>Mid 2000's</release_date>
		<rating>9.0</rating>
		<platform>Sega 32X, Atari Jaguar, Mac OS, SNES, PlayStation, 3DO, Sega Saturn, Acorn Risc PC, GBA, Xbox 360</platform>
		<exclusive>No</exclusive>
		<titleid>FFFFD00A</titleid>
		<overview>Doom is a first-person shooter presented with early 3D graphics. The player controls an unnamed space marine (later termed the Doomgu) through a series of levels set in military bases on the moons of Mars and in Hell. To finish a level, the player must traverse through the area to reach a marked exit room. Levels are grouped together into named episodes, with the final level focusing on a boss fight with a particularly difficult enemy. While the levels are presented in a 3D perspective, the enemies and objects are instead 2D sprites presented from several set viewing angles, a technique sometimes referred to as 2.5D graphics. Levels are often labyrinthine, and a full screen automap is available which shows the areas explored to that point. While traversing the levels, the player must fight a variety of enemies, including demons and possessed undead humans, while managing supplies of ammunition, health, and armor. Enemies often appear in large groups, and the game features five difficulty levels which increase the quantity and damage done by enemies, with enemies respawning upon death and moving faster than normal on the hardest difficulty setting. The monsters have very simple behavior, consisting of either moving toward their opponent, or attacking by throwing fireballs, biting, and clawing. They will fight each other if one monster is accidentally harmed by another, though most monsters are not harmed by other monsters of the same kind. Levels can also include pits of toxic waste, ceilings that lower and crush anything below them, and locked doors which require a keycard, skull-shaped key device, or a remote switch to be opened. The player can find weapons and ammunition placed in the levels or can collect them from dead enemies; weapons include a pistol, a chainsaw, a plasma rifle, and the BFG 9000, among others. The levels also feature power-ups such as items that give health or armor points, increase the player character's maximum ammunition or health, fill out the automap, give partial invisibility, or allow the player to survive in toxic waste. There are also items which apply time-limited effects such as invulnerability or a berserker status.</overview>
	</synopsis>
	<synopsis>
		<sourcename>Duke Nukem 3D-B</sourcename>
		<foldername>Duke Nukem 3D</foldername>
		<title>Duke Nukem 3D</title>
		<developer>3D Realms (Ported by A600)</developer>
		<publisher>Homebrew</publisher>
		<features_general>Single-player, Multiplayer</features_general>
		<features_online>None</features_online>
		<esrb>Not Rated</esrb>
		<esrb_descriptors>Not Rated</esrb_descriptors>
		<genre>Action, Shooter, First-Person</genre>
		<release_date>Mid 2000's</release_date>
		<rating>8.8</rating>
		<platform>Xbox, MS-DOS</platform>
		<exclusive>No</exclusive>
		<titleid>0A600854</titleid>
		<overview>Duke Nukem 3D features the adventures of the titular Duke Nukem, voiced by Jon St. John, who fights against an alien invasion on Earth. Along with Wolfenstein 3D and Doom, Duke Nukem 3D is considered to be responsible for popularizing first-person shooters, and was released to major acclaim. Reviewers praised the interactivity of the environments, gameplay, level design, and unique humour, a mix of pop-culture satire and lampooning of over-the-top Hollywood action heroes. The game's violent nature, erotic elements, and portrayal of women incited controversy. As a first-person shooter whose gameplay is similar to Doom, the gameplay of Duke Nukem 3D involves moving through levels presented from the protagonist's point of view, shooting enemies on the way. The environments in Duke Nukem 3D are highly destructible and interactive; most props can be destroyed by the player.</overview>
	</synopsis>
	<synopsis>
		<sourcename>GhostSquad-T</sourcename>
		<foldername>Ghost Squad</foldername>
		<title>Ghost Squad</title>
		<developer>Sega AM2</developer>
		<publisher>Sega</publisher>
		<features_general>Single-player, Multiplayer, 480p</features_general>
		<esrb>T</esrb>
		<esrb_descriptors>Suggestive Themes, Violence</esrb_descriptors>
		<genre>Light gun shooter,First-person rail shooter</genre>
		<release_date>Nov 2004</release_date>
		<rating>9.0</rating>
		<platform>Sega Chihiro, Xbox</platform>
		<exclusive>Yes</exclusive>
		<titleid>HBI64011</titleid>
		<overview>Sega released Ghost Squad for the arcade in 2004. Ghost Squad features a simulated IR light gun shaped similar to the standard issue weapon the game's protagonists use. This light gun is intended to function realistically: it features a working fire selector switch, a stock, force-feedback recoil, and iron sights. To ensure that the light gun fires accurately, a 20-second "calibration" mode is provided in which the game adjusts for any jostling or damage to the rifle's light-emitting components. Ghost Squad features different weapons, each with its firing and reload properties (i.e. long shot splash, long reload time) which affect its difficulty of use. Ghost Squad features three semi non-linear levels with adjustable difficulty and branching choices, ranging from the jungle, a government-restricted villa, and inside an Air Force One flight. There are many sub-activities in the game, such as defusing bombs and throwing grenades to disable armor, which are accomplished via the secondary "Action" trigger on the gun's foregrip.</overview>
	</synopsis>
	<synopsis>
		<sourcename>Half-Life 128MB-T</sourcename>
		<foldername>Half-Life 128MB</foldername>
		<title>Half-Life</title>
		<developer>Valve</developer>
		<publisher>Sierra Studios</publisher>
		<features_general>Single-player</features_general>
		<features_online>None</features_online>
		<esrb>Not Rated</esrb>
		<esrb_descriptors>Not Rated</esrb_descriptors>
		<genre>Action, Shooter, First-Person</genre>
		<release_date>1998</release_date>
		<rating>9.0</rating>
		<platform>Xbox, Windows, Playstation 2, OS X, Linux</platform>
		<exclusive>No</exclusive>
		<titleid>HBI64008</titleid>
		<overview>Most of the game takes place in the Black Mesa Research Facility: a fictional scientific complex built in a remote desert region of New Mexico. The game's protagonist is theoretical physicist Gordon Freeman, who becomes one of the survivors of an experiment that goes wrong, when an unexpected "resonance cascade"—a fictitious phenomenon—rips dimensional seams, devastating the facility. Hostile aliens from the Xen dimension subsequently enter Black Mesa through these dimensional seams, attacking any human on sight. With the cooperation of surviving scientists and security officers, Freeman tries to escape the ruined facility, but soon discovers that he is caught between two sides: the hostile aliens and the Hazardous Environment Combat Unit, a U.S. Marine Corps special operations unit dispatched to eliminate the aliens and any surviving Black Mesa personnel—both to cover up the incident, and destroy all contamination. Throughout the game, a mysterious figure known (but not actually referred to in-game) as the "G-Man" regularly appears and seems to be monitoring Freeman's progress. Ultimately, Freeman's goal shifts to reaching Black Mesa's mysterious "Lambda Complex", where a team of survivors is rumored to have found a way to end the disaster once and for all.</overview>
	</synopsis>
	<synopsis>
		<sourcename>Half-Life 64MB-T</sourcename>
		<foldername>Half-Life 64MB</foldername>
		<title>Half-Life</title>
		<developer>Valve</developer>
		<publisher>Sierra Studios</publisher>
		<features_general>Single-player</features_general>
		<features_online>None</features_online>
		<esrb>Not Rated</esrb>
		<esrb_descriptors>Not Rated</esrb_descriptors>
		<genre>Action, Shooter, First-Person</genre>
		<release_date>1998</release_date>
		<rating>9.0</rating>
		<platform>Xbox, Windows, Playstation 2, OS X, Linux</platform>
		<exclusive>No</exclusive>
		<titleid>HBI64007</titleid>
		<overview>Most of the game takes place in the Black Mesa Research Facility: a fictional scientific complex built in a remote desert region of New Mexico. The game's protagonist is theoretical physicist Gordon Freeman, who becomes one of the survivors of an experiment that goes wrong, when an unexpected "resonance cascade"—a fictitious phenomenon—rips dimensional seams, devastating the facility. Hostile aliens from the Xen dimension subsequently enter Black Mesa through these dimensional seams, attacking any human on sight. With the cooperation of surviving scientists and security officers, Freeman tries to escape the ruined facility, but soon discovers that he is caught between two sides: the hostile aliens and the Hazardous Environment Combat Unit, a U.S. Marine Corps special operations unit dispatched to eliminate the aliens and any surviving Black Mesa personnel—both to cover up the incident, and destroy all contamination. Throughout the game, a mysterious figure known (but not actually referred to in-game) as the "G-Man" regularly appears and seems to be monitoring Freeman's progress. Ultimately, Freeman's goal shifts to reaching Black Mesa's mysterious "Lambda Complex", where a team of survivors is rumored to have found a way to end the disaster once and for all.</overview>
	</synopsis>
	<synopsis>
		<sourcename>Metroid-T</sourcename>
		<foldername>Metroid Collection</foldername>
		<title>Metroid Collection</title>
		<developer>CoinOps Team</developer>
		<publisher>Smithis</publisher>
		<features_general>Single Player</features_general>
		<esrb>E</esrb>
		<esrb_descriptors>No Descriptors</esrb_descriptors>
		<genre>Action Adventure</genre>
		<release_date>06 June 2019</release_date>
		<rating>9.9</rating>
		<platform>Ninja</platform>
		<exclusive>Yes</exclusive>
		<titleid>HBI64010</titleid>
		<overview>This is a standalone Metroid Collection using NINJA for the original xbox. This Collection Contains 5 Original Games from "Zero" to "Fusion" holds 72* prepped mods/hacks. This pack is loaded with custom artwork and media designed for Ninja.</overview>
	</synopsis>
	<synopsis>
		<sourcename>Miss Driller X-T</sourcename>
		<foldername>Miss Driller X</foldername>
		<title>Miss Driller</title>
		<developer>IMR/freakdave</developer>
		<publisher>Homebrew</publisher>
		<features_general>Single-player</features_general>
		<features_online>None</features_online>
		<esrb>Not Rated</esrb>
		<esrb_descriptors>Not Rated</esrb_descriptors>
		<genre>Puzzle</genre>
		<release_date>Mid 2000's</release_date>
		<rating>6.5</rating>
		<platform>Xbox, Dreamcast, GBA</platform>
		<exclusive>No</exclusive>
		<titleid>00001345</titleid>
		<overview>Miss DrillerX is a clone of the popular game 'Mr.Driller' which some of you might know from the Dreamcast and the GBA. This game looks and plays almost like the original Mr.Driller, so you should have much fun with it. This version is based on the Dreamcast-port which was made by IMR.</overview>
	</synopsis>
	<synopsis>
		<sourcename>OpenBor-T</sourcename>
		<foldername>OpenBor</foldername>
		<title>OpenBor</title>
		<developer>Senile Team and Fan Contributions</developer>
		<publisher>Homebrew</publisher>
		<features_general>Single-player, Multiplayer</features_general>
		<features_online>None</features_online>
		<esrb>Not Rated</esrb>
		<esrb_descriptors>Not Rated</esrb_descriptors>
		<genre>Beat'em up</genre>
		<release_date>Mid 2000's</release_date>
		<rating>8.5</rating>
		<platform>Xbox, Windows, OS X, Linux, Dreamcast, Wii, PSP, GP2X</platform>
		<exclusive>No</exclusive>
		<titleid>0A600850</titleid>
		<overview>OpenBOR (Open Beats of Rage) is a royalty free sprite based side scrolling gaming engine. From humble beginnings in 2004, it has since grown into the most versatile, easy to use, and powerful engine of its type you will find anywhere. OpenBOR is optimized for side scrolling beat'em up style games (Double Dragon, Streets of Rage, Final Fight), but easily accommodates any sort of gameplay style and feature set you can imagine. This is a curated collection of the very best fan made OpenBor side scrolling beat 'em up games centered around various video game and popular culture characters of the time.</overview>
	</synopsis>
	<synopsis>
		<sourcename>Outrun 2-T</sourcename>
		<foldername>Outrun 2 Beta</foldername>
		<title>Outrun 2 Beta</title>
		<developer>Sega AM2</developer>
		<publisher>Sega</publisher>
		<features_general>Single-player, Multiplayer, 480p</features_general>
		<esrb>E</esrb>
		<esrb_descriptors>No descriptors</esrb_descriptors>
		<genre>Driving, Racing, Arcade</genre>
		<release_date>Dec 2003</release_date>
		<rating>8.2</rating>
		<platform>Sega Chihiro, Xbox</platform>
		<exclusive>No</exclusive>
		<titleid>HBI64012</titleid>
		<overview>Beta version of Outrun2 is a 2003 racing game released by Sega for the arcades. Although this is the first "official" sequel to Out Run, it is the fourth title in the OutRun series. OutRun 2 stays true to the race format laid down by the 1986 original, in which the player goes behind the steering wheel of a Ferrari sports car with a young lady in the passenger seat through 5 of 15 stages. As before, the player can choose their course and the soundtrack. (In cars that are either convertibles or open T-tops, the lady will put her hand(s) up in various ways when the car crosses a checkpoint.) It features an official license from Ferrari this time, not only featuring the iconic Testarossa of the very first game, but also adding another seven Ferrari vehicles. it also expands further based on the original concept, employing young, fashionable characters and rendered landscapes. This is not a racing game based on realism and physics: This is better shown by the drift aspect that it heavily promotes allowing the player to better control their vehicle around high-speed bends, near-missing traffic vehicles as driver's girlfriend squeals in delight filling up the heart point meter. Drift is made differently between automatic and manual control, providing extra challenge.The soundtrack was completely rearranged, bringing in seven pieces of music with styles ranging from instrumental rock to upbeat ballad. The original 1986 music is also unlockable. To fulfill the mix, the game has been overhauled with fully tridimensional graphics and network system.</overview>
	</synopsis>
	<synopsis>
		<sourcename>Quake2Leadd-Ons-Nomusic-T</sourcename>
		<foldername>Quake2Leadd-Ons-Nomusic</foldername>
		<title>Quake II</title>
		<developer>id Software (Ported by Lantus)</developer>
		<publisher>Homebrew</publisher>
		<features_general>Single-player, Multiplayer</features_general>
		<features_online>None</features_online>
		<esrb>Not Rated</esrb>
		<esrb_descriptors>Not Rated</esrb_descriptors>
		<genre>Action, Shooter, First-Person</genre>
		<release_date>Mid 2000's</release_date>
		<rating>9.0</rating>
		<platform>Xbox, Windows, AmigaOS, Mac OS, Nintendo 64, Playstation, Linux, Xbox 360</platform>
		<exclusive>No</exclusive>
		<titleid>75447253</titleid>
		<overview>Quake II is a first-person shooter, in which the player shoots enemies from the perspective of the main character. The gameplay is very similar to that featured in Quake, in terms of movement and controls, although the player's movement speed has been slowed down, and the player now has the ability to crouch. The game retains four of the eight weapons from Quake (the Shotgun, Super Shotgun, Grenade Launcher, and Rocket Launcher), although they have been redesigned visually and made to function in slightly different ways. The remainder of Quake's eight weapons (the Axe, Nailgun, Super Nailgun, and Thunderbolt) are not present in Quake II. The six newly introduced weapons are the Blaster, Machine Gun, Chain Gun, Hyperblaster, Railgun, and BFG10K. The Quad Damage power up from Quake is present in Quake II, and new power-ups include the Ammo Pack, Invulnerability, Bandolier, Enviro-Suit, Rebreather, and Silencer.</overview>
	</synopsis>
	<synopsis>
		<sourcename>quake3-T</sourcename>
		<foldername>Quake3</foldername>
		<title>Quake III Arena</title>
		<developer>id Software (Ported by carcharius)</developer>
		<publisher>Homebrew</publisher>
		<features_general>Single-player, Multiplayer</features_general>
		<features_online>Multiplayer</features_online>
		<esrb>Not Rated</esrb>
		<esrb_descriptors>Not Rated</esrb_descriptors>
		<genre>Action, Shooter, First-Person</genre>
		<release_date>Mid 2000's</release_date>
		<rating>9.3</rating>
		<platform>Xbox, Windows, Linux, OS X, Dreamcast, PlayStation 2, Xbox 360, iOS</platform>
		<exclusive>No</exclusive>
		<titleid>FFF3FAAD</titleid>
		<overview>Welcome to the Arena, where high-ranking warriors are transformed into spineless mush. Abandoning every ounce of common sense and any trace of doubt, you lunge onto a stage of harrowing landscapes and veiled abysses. Your new environment rejects you with lava pits and atmospheric hazards as legions of foes surround you, testing the gut reaction that brought you here in the first place. Your new mantra: Fight or be finished.</overview>
	</synopsis>
	<synopsis>
		<sourcename>Quakev1.01-T</sourcename>
		<foldername>Quakev1.01</foldername>
		<title>Quake</title>
		<developer>id Software (Ported by FakeGLx/Marty)</developer>
		<publisher>Homebrew</publisher>
		<features_general>Single-player, Multiplayer</features_general>
		<features_online>None</features_online>
		<esrb>Not Rated</esrb>
		<esrb_descriptors>Not Rated</esrb_descriptors>
		<genre>Action, Shooter, First-Person</genre>
		<release_date>Mid 2000's</release_date>
		<rating>9.4</rating>
		<platform>Xbox, MS-DOS, AmigaOS, Mac OS, Sega Saturn, Nintendo 64, Linux, Windows</platform>
		<exclusive>No</exclusive>
		<titleid>FFFF1D1D</titleid>
		<overview>The successor to id Software's Doom series, Quake built upon the technology and gameplay of its predecessors. Unlike the Doom engine before it, the Quake engine offered full real-time 3D rendering and had early support for 3D acceleration through OpenGL. After Doom helped to popularize multiplayer deathmatches in 1993, Quake added various multiplayer options. Online multiplayer became increasingly common, with the QuakeWorld update and software such as QuakeSpy making the process of finding and playing against others on the Internet easier and more reliable.</overview>
	</synopsis>
	<synopsis>
		<sourcename>Riseofthetriadv1.2-T</sourcename>
		<foldername>Riseofthetriadv1.2</foldername>
		<title>Rise of The Triad</title>
		<developer>3D Realms</developer>
		<publisher>Homebrew</publisher>
		<features_general>Single-player, Multiplayer</features_general>
		<features_online>None</features_online>
		<esrb>Not Rated</esrb>
		<esrb_descriptors>Not Rated</esrb_descriptors>
		<genre>Action, Shooter, First-Person</genre>
		<release_date>Mid 2000's</release_date>
		<rating>8.0</rating>
		<platform>Xbox, DOS, iOS</platform>
		<exclusive>No</exclusive>
		<titleid>FFFF7269</titleid>
		<overview>A team of special operatives, known as the HUNT (High-risk United Nations Task-force) are sent to San Nicolas Island to investigate deadly cult activity taking place in an ancient monastery. Their boat, the only way back, is destroyed by patrols, and the team soon learns that the cult plans to systematically destroy nearby Los Angeles. The operatives, now unable to return whence they came, are then left to fight their way into the monastery on the island, and eventually put a stop to the cult's activities. During its early stages of development, Rise of the Triad was initially meant to serve as the sequel to Wolfenstein 3D, titled Wolfenstein 3D II: Rise of the Triad. The presence of the Walther PP pistol, the MP 40 submachine gun, the Bazooka, and the outfits worn by the enemies allude to Nazi Germany and imply the original aforementioned intent for the development of Rise of the Triad.</overview>
	</synopsis>
	<synopsis>
		<sourcename>Smw-1.8-Beta1-Bin-T</sourcename>
		<foldername>Smw-1.8-Beta1-Bin</foldername>
		<title>Super Mario War</title>
		<developer>Florian Hufsky, Two52 and contributors</developer>
		<publisher>Homebrew</publisher>
		<features_general>Single-player, Multiplayer</features_general>
		<features_online>None</features_online>
		<esrb>Not Rated</esrb>
		<esrb_descriptors>Not Rated</esrb_descriptors>
		<genre>Platform, Party</genre>
		<release_date>Mid 2000's</release_date>
		<rating>7.0</rating>
		<platform>Xbox, Windows, OS X, Linux, Wii</platform>
		<exclusive>No</exclusive>
		<titleid>HBI64004</titleid>
		<overview>Super Mario War is a game for up to four players with many different modes of play. The basic goal of the game is to be the last player standing, and to accomplish this goal you must jump on your opponents' heads to kill them. There are many Mario-themed items you can use to help you kill your opponents also. In addition, there are several variations on this basic gameplay mechanic which you can try, such as Chicken, Capture The Flag, and so on.</overview>
	</synopsis>
	<synopsis>
		<sourcename>Smw-1.8-Hwe-Xbe-T</sourcename>
		<foldername>Smw-1.8-Hwe-Xbe</foldername>
		<title>Super Mario War Halloween Edition</title>
		<developer>Florian Hufsky, Two52 and contributors</developer>
		<publisher>Homebrew</publisher>
		<features_general>Single-player, Multiplayer</features_general>
		<features_online>None</features_online>
		<esrb>Not Rated</esrb>
		<esrb_descriptors>Not Rated</esrb_descriptors>
		<genre>Platform, Party</genre>
		<release_date>Mid 2000's</release_date>
		<rating>7.5</rating>
		<platform>Xbox, Windows, OS X, Linux, Wii</platform>
		<exclusive>No</exclusive>
		<titleid>HBI64005</titleid>
		<overview>This is a mod of Super Mario War called "Ghost House War", it is also known as "Super Mario War: Halloween Edition" as that is when it was released. It contains the same fun as Super Mario War, but with a little spookier of a tone. Ghost House War is a game for up to four players with many different modes of play. The basic goal of the game is to be the last player standing, and to accomplish this goal you must jump on your opponents' heads to kill them. There's a fiendish array of items you can use to help you kill your opponents, as well. In addition, there are several variations on this basic gameplay mechanic which you can try, such as Bone Chicken, Graverobbers, and so on.</overview>
	</synopsis>
	<synopsis>
		<sourcename>Star Wars (1.3)-T</sourcename>
		<foldername>Star Wars (1.3)</foldername>
		<title>Star Wars: A New Hope For Homebrew</title>
		<developer>SHiZNO/PeteGabe</developer>
		<publisher>Homebrew</publisher>
		<features_general>Single-player</features_general>
		<features_online>None</features_online>
		<esrb>Not Rated</esrb>
		<esrb_descriptors>Not Rated</esrb_descriptors>
		<genre>Action, Shooter, Sci-Fi</genre>
		<release_date>Mid 2000's</release_date>
		<rating>7.5</rating>
		<platform>Xbox, Arcade, Atari 2600, Atari 5200, Atari XE, ColecoVision, Commodore 64</platform>
		<exclusive>No</exclusive>
		<titleid>00A9E351</titleid>
		<overview>The player assumes the role of Luke Skywalker ("Red Five"), as he pilots an X-Wing fighter from a first-person perspective. Unlike other arcade games of similar nature, the player does not have to destroy every enemy in order to advance through the game; he must simply survive as his fighter flies through the level, which most often means he must avoid or destroy the shots that enemies fire. The player's ultimate goal is to destroy the Death Star through three attack phases. Each successive Death Star run greatly increases the difficulty; TIE Fighters shoot more often, there are more Laser towers and batteries in the second round, and there are many more obstacles and laser fire during the trench run. Unlike the movie, where the units shoot laser cannons, the enemy units in this game shoot projectiles resembling fireballs, in order to give the player a chance to destroy the shots fired at him.</overview>
	</synopsis>
	<synopsis>
		<sourcename>VirtuaCop3-B</sourcename>
		<foldername>Virtua Cop 3</foldername>
		<title>virtua Cop 3</title>
		<developer>Sega AM2</developer>
		<publisher>Sega</publisher>
		<features_general>Single-player, Multiplayer, 480p</features_general>
		<esrb>T</esrb>
		<esrb_descriptors>Suggestive Themes, Violence</esrb_descriptors>
		<genre>Light gun shooter,First-person rail shooter</genre>
		<release_date>Mar 2003</release_date>
		<rating>7.1</rating>
		<platform>Sega Chihiro, Xbox</platform>
		<exclusive>Yes</exclusive>
		<titleid>HBI64013</titleid>
		<overview>Virtua Cop 3 is the third game from Sega's Virtua Cop light gun shooter franchise released exclusively for video arcades in 2003. The game is available in standard and deluxe cabinet formats and runs on Sega Chihiro arcade hardware. A port for the Xbox was planned, but cancelled...Until the creative minds at Assembler games brought it to life on the Xbox. Virtua Cop 3 allows the chapters to be played in any desired order. The game follows the three characters as they investigate three crimes performed by Virtua City's new crime syndicate, the ECM.</overview>
	</synopsis>
	<synopsis>
		<sourcename>Wolfenstien3D-T</sourcename>
		<foldername>Wolfenstien3D</foldername>
		<title>Wolfenstein 3D</title>
		<developer>id Software (Ported by th0mas)</developer>
		<publisher>Homebrew</publisher>
		<features_general>Single-player, Multiplayer</features_general>
		<features_online>None</features_online>
		<esrb>Not Rated</esrb>
		<esrb_descriptors>Not Rated</esrb_descriptors>
		<genre>Action, Shooter, First-Person</genre>
		<release_date>Mid 2000's</release_date>
		<rating>6.5</rating>
		<platform>Xbox, MS-DOS, Mac OS, Linux, SNES, 3DO, Jaguar, Apple IIGS</platform>
		<exclusive>No</exclusive>
		<titleid>02A7C771</titleid>
		<overview>Wolfenstein 3D is a first-person shooter video game developed by id Software and published by Apogee Software and FormGen. Originally released on May 5, 1992 for MS-DOS, it was inspired by the 1981 Muse Software video game Castle Wolfenstein, and is the third installment in the Wolfenstein series. In Wolfenstein 3D, the player assumes the role of Allied spy William "B.J." Blazkowicz during World War II as he escapes from the Nazi German prison Castle Wolfenstein and carries out a series of crucial missions against the Nazis. The player traverses each of the game's levels to find an elevator to the next level or kill a final boss, fighting Nazi soldiers, dogs, and other enemies with knives and a variety of guns.</overview>
	</synopsis>
	<synopsis>
		<sourcename>Xdescentv1.1-MB</sourcename>
		<foldername>Xdescentv1.1</foldername>
		<title>Descent 1 &amp; 2</title>
		<developer>Parallax Software (Ported by A600)</developer>
		<publisher>Homebrew</publisher>
		<features_general>Single-player</features_general>
		<features_online>None</features_online>
		<esrb>Not Rated</esrb>
		<esrb_descriptors>Not Rated</esrb_descriptors>
		<genre>Action, Shooter, First-Person, Sci-Fi</genre>
		<release_date>Mid 2000's</release_date>
		<rating>8.5</rating>
		<platform>Xbox, DOS, Macintosh, Playstation, Acorn Archimedes</platform>
		<exclusive>No</exclusive>
		<titleid>0a600853</titleid>
		<overview>Descent is a spacecraft-based first-person shooter and shoot 'em up video game developed by Parallax Software and released by Interplay in 1995 for DOS, and later for Macintosh, PlayStation, Acorn Archimedes and now for the Original Xbox. It is best known for popularizing a subgenre of first-person shooters taking advantage of the six degrees of freedom. It is also the first first-person shooter to feature entirely 3D graphics. The player is cast as a mercenary hired to eliminate the threat of a mysterious extraterrestrial computer virus infecting off-world mining robots. In a series of mines throughout the Solar System, the protagonist pilots a spaceship and must locate and destroy the mine's power reactor and escape being caught in the mine's self-destruction, defeating any opposing robots along the way.</overview>
	</synopsis>
	<synopsis>
		<sourcename>Xhereticv1.1-T</sourcename>
		<foldername>Xhereticv1.1</foldername>
		<title>Heretic</title>
		<developer>Raven Software (Ported by A600)</developer>
		<publisher>Homebrew</publisher>
		<features_general>Single-player, Multiplayer</features_general>
		<features_online>None</features_online>
		<esrb>Not Rated</esrb>
		<esrb_descriptors>Not Rated</esrb_descriptors>
		<genre>Action, Shooter, First-Person</genre>
		<release_date>Mid 2000's</release_date>
		<rating>6.5</rating>
		<platform>Xbox, MS-DOS, Mac OS</platform>
		<exclusive>No</exclusive>
		<titleid>0A600851</titleid>
		<overview>Heretic is a dark fantasy first-person shooter video game released in 1994. It was developed by Raven Software and published by id Software through GT Interactive. The game was released on Steam on August 3rd 2007. Using a modified version of the Doom engine, Heretic was one of the first first-person games to feature inventory manipulation and the ability to look up and down. It also introduced multiple gib objects that spawned when a character suffered a death by extreme force or heat. Previously, the character would simply crumple into a heap. The game used randomized ambient sounds and noises, such as evil laughter, chains rattling, distantly ringing bells, and water dripping in addition to the background music to further enhance the atmosphere. The music in the game was composed by Kevin Schilder. An indirect sequel, Hexen: Beyond Heretic, was released the following year. Heretic II was released in 1998, which served as a direct sequel continuing the story.</overview>
	</synopsis>
	<synopsis>
		<sourcename>xHexen2-T</sourcename>
		<foldername>xHexen2</foldername>
		<title>xHexen 2</title>
		<developer>Raven Software</developer>
		<publisher>id Software</publisher>
		<features_general>None</features_general>
		<features_online>None</features_online>
		<esrb>T</esrb>
		<esrb_descriptors>fantasy or mild violence</esrb_descriptors>
		<genre>Homebrew</genre>
		<release_date>31 Aug 1997</release_date>
		<rating>8.0</rating>
		<platform>Microsoft Windows, Mac OS X</platform>
		<exclusive>No</exclusive>
		<titleid>0A600856</titleid>
		<overview>Hexen II is a dark fantasy first-person shooter (FPS) video game developed by Raven Software from 1996 to 1997, then published by id Software and distributed by Activision. It was the third game in the Hexen/Heretic series, and the last in the Serpent Riders trilogy. It was later made available on Steam on August 3, 2007.[1] Using a modified Quake engine, it featured single-player and multiplayer game modes, as well as four character classes to choose from, each with different abilities. These included the "offensive" Paladin, the "defensive" Crusader, the spell-casting Necromancer, and the stealthy Assassin.</overview>
	</synopsis>
	<synopsis>
		<sourcename>Xhexenv1.1-T</sourcename>
		<foldername>Xhexenv1.1</foldername>
		<title>Hexen</title>
		<developer>Raven Software (Ported by A600)</developer>
		<publisher>Homebrew</publisher>
		<features_general>Single-player, Multiplayer</features_general>
		<features_online>None</features_online>
		<esrb>Not Rated</esrb>
		<esrb_descriptors>Not Rated</esrb_descriptors>
		<genre>Action, Shooter, First-Person</genre>
		<release_date>Mid 2000's</release_date>
		<rating>9.0</rating>
		<platform>Xbox, MS-DOS, Windows, Mac OS, PlayStation, Sega Saturn, Nintendo 64</platform>
		<exclusive>No</exclusive>
		<titleid>0A600852</titleid>
		<overview>Hexen: Beyond Heretic (or simply Hexen) is a first-person shooter computer game developed by Raven Software that utilises a modified Doom engine. It is the sequel to Heretic. The main goal of the game is the destruction of Korax, the second of a trio of demon brothers known as the Serpent Riders, who has taken over the world of Cronos. The first Serpent Rider, D'Sparil, was the final boss of Heretic and the third, Eidolon, would later appear in Hexen II. Each character has four weapons and uses the two types of mana as ammunitions. The three playable characters are Baratus (Fighter), Parias (Cleric) and Daedolon (Mage). The first weapon does not use mana, the second uses Blue Mana, the third uses Green Mana, and the ultimate weapon, which is built by finding three different parts, uses both types.</overview>
	</synopsis>
	<synopsis>
		<sourcename>Xrick (V3)-T</sourcename>
		<foldername>Xrick (V3)</foldername>
		<title>Rick Dangerous</title>
		<developer>Lantus</developer>
		<publisher>Homebrew</publisher>
		<features_general>Single-player</features_general>
		<features_online>None</features_online>
		<esrb>Not Rated</esrb>
		<esrb_descriptors>Not Rated</esrb_descriptors>
		<genre>Adventure, Platformer</genre>
		<release_date>Mid 2000's</release_date>
		<rating>10</rating>
		<platform>Xbox, Amiga, Amstrad CPC, Atari ST, C64, ZX Spectrum, MS-DOS</platform>
		<exclusive>No</exclusive>
		<titleid>FFFFA31C</titleid>
		<overview>The plot of Rick Dangerous is largely based on the Indiana Jones movie Raiders of the Lost Ark. Set in 1945, British agent Rick Dangerous travels to the Amazon jungle to search for the lost Goolu tribe. His plane crashes in the jungle, and Rick must escape from the enraged Goolu. When the game starts Rick finds himself in a cave running from a rolling boulder, a famous scene from the Indiana Jones movie. Armed with a pistol and dynamite, Rick must fight hostiles and evade traps in three more levels. The second level of the game is set inside a pyramid located in Egypt. In the third level, Rick must venture to the Nazi stronghold of Schwarzendumpf castle to rescue captured Allied soldiers. The rescued soldiers tell him that the Nazis are planning a missile attack on London. Therefore, in the last level, Rick must infiltrate their secret missile base.</overview>
	</synopsis>
	<synopsis>
		<sourcename>Xstreetsofrageupdate1-MB</sourcename>
		<foldername>Xstreetsofrageupdate1</foldername>
		<title>Streets of Rage Remake</title>
		<developer>BoMbErLiNk (Ported by A600)</developer>
		<publisher>Homebrew</publisher>
		<features_general>Single-player, Multiplayer</features_general>
		<features_online>None</features_online>
		<esrb>Not Rated</esrb>
		<esrb_descriptors>Not Rated</esrb_descriptors>
		<genre>Beat'em up</genre>
		<release_date>Mid 2000's</release_date>
		<rating>8.5</rating>
		<platform>Xbox, Windows</platform>
		<exclusive>No</exclusive>
		<titleid>HBI64014</titleid>
		<overview>Streets of Rage Remake is a tribute to the entire saga of the Sega Megadrive/Genesis series. It is a side-scrolling beat 'em up, centering on the efforts of several heroes trying to rid a city from the rule of a crime syndicate. The original trilogy of games were developed and published by Sega for the Sega Genesis in the 1990s, and have since been ported and re-released on various platforms and now for the first time on the Original Xbox. It started as a private project by BoMbErLiNk (creator and developer of the game) on March 17 2003. Over twenty contributors have worked on the project, both designers and musicians.</overview>
	</synopsis>
	<synopsis>
		<sourcename>Zelda - Oni Link Begins-B</sourcename>
		<foldername>Zelda - Oni Link Begins</foldername>
		<title>Zelda Oni Link Begins</title>
		<developer>Vincent Jouillat (Ported by freakdave)</developer>
		<publisher>Homebrew</publisher>
		<features_general>Single-player</features_general>
		<features_online>None</features_online>
		<esrb>Not Rated</esrb>
		<esrb_descriptors>Not Rated</esrb_descriptors>
		<genre>Adventure</genre>
		<release_date>Mid 2000's</release_date>
		<rating>8.0</rating>
		<platform>Xbox, Windows</platform>
		<exclusive>No</exclusive>
		<titleid>5E7DA002</titleid>
		<overview>Brought down by a terrible curse since his recent victory on the Dark Lord, Link is changing, day by day, into a powerful creature with a destructive nature named Oni-Link. Bannished from Hyrule, the young hylian asks the princess Zelda some help. She shows him his last hope: a portal to a secret world.</overview>
	</synopsis>
	<synopsis>
		<sourcename>Zelda - Return Of The Hylian-T</sourcename>
		<foldername>Zelda - Return Of The Hylian</foldername>
		<title>Zelda - Return of the Hylian</title>
		<developer>Vincent Jouillat (Ported by freakdave)</developer>
		<publisher>Homebrew</publisher>
		<features_general>Single-player</features_general>
		<features_online>None</features_online>
		<esrb>Not Rated</esrb>
		<esrb_descriptors>Not Rated</esrb_descriptors>
		<genre>Adventure</genre>
		<release_date>Mid 2000's</release_date>
		<rating>8.5</rating>
		<platform>Xbox, Windows</platform>
		<exclusive>No</exclusive>
		<titleid>5E7DA001</titleid>
		<overview>After Link's victory over Ganon (in "A Link to the Past"), no one knows what Links wish to the Triforce was. But this wish reunified the Light World and the Dark World and brought the 7 wise mens descendants back to life. Peace was back in Hyrule. But unfortunately, this wish also ressurected Ganon and his henchmen. He was preparing his revenge, but he couldn't do anything without the Triforce. One night, a familiar voice speaks to Link in his sleep.</overview>
	</synopsis>
	<synopsis>
		<sourcename>Zelda - Time To Triumph (V1.2) (English)-B</sourcename>
		<foldername>Zelda - Time To Triumph (V1.2) (English)</foldername>
		<title>Zelda - Time to Triumph</title>
		<developer>Vincent Jouillat (Ported by Neobomb)</developer>
		<publisher>Homebrew</publisher>
		<features_general>Single-player</features_general>
		<features_online>None</features_online>
		<esrb>Not Rated</esrb>
		<esrb_descriptors>Not Rated</esrb_descriptors>
		<genre>Adventure</genre>
		<release_date>Mid 2000's</release_date>
		<rating>7.5</rating>
		<platform>Xbox, Windows</platform>
		<exclusive>No</exclusive>
		<titleid>5A545454</titleid>
		<overview>After the events that occured in Termina and the victory of the hero on his evil alter-ego, Zelda and Link knew that, from the bottom of hell, Ganon the immortal drawed his power from his wish to the Triforce, and rounded up his army with a view to invade Hyrule. Until the day when, after months spent watching out for an attack, an event came up and put an end to this endless waiting.</overview>
	</synopsis>
</synopsis_Map>