<synopsis>
<title>Halo 2 Multiplayer Map Pack</title>
<developer>Bungie Studios</developer>
<publisher>Microsoft Game Studios</publisher>
<features_general>Single-player, Multiplayer, 480p, 16:9, Dolby 5.1 Surround</features_general>
<features_online/>
<esrb>M</esrb>
<esrb_descriptors>Blood and Gore, Violence</esrb_descriptors>
<genre>Action, Shooter, First-Person, Sci-Fi </genre>
<release_date>05 Jul 2005</release_date>
<rating>8.9</rating>
<platform>Xbox</platform>
<exclusive>Yes</exclusive>
<titleid/>
<overview>The world's greatest multiplayer game just got better. Take the fight from the streets of Old Mombasa to the islands of Delta Halo to the very edges of the galaxy The nine new maps included in this pack nearly double Halo® 2's multiplayer arena. Some battlefields feature tight-quartered, intense spaces designed for small-scale mayhem. Others are large-scale, interactive arenas with explosive vehicle combat--perfect for Split Screen, System Link or Xbox Live™.</overview>
</synopsis>
