<synopsis>
<sourcename>King Kong-T</sourcename>
<foldername>King Kong</foldername>
<title>Peter Jackson's King Kong</title>
<developer>Ubisoft Montpellier</developer>
<publisher>Ubisoft</publisher>
<features_general>Players 1, Widescreen, Dolby Digital</features_general>
<features_online/>
<esrb>T</esrb>
<esrb_descriptors>Blood, Violence</esrb_descriptors>
<genre>Action Adventure</genre>
<release_date>21 Nov 2005</release_date>
<rating>8.2</rating>
<platform>GameCube, PlayStation 2, PSP, Xbox, Xbox 360</platform>
<exclusive>No</exclusive>
<titleid>5553004C</titleid>
<overview>Play as man or beast in Peter Jackson's King Kong: The Official Game of the Movie. You can be King Kong or Jack Driscoll as you follow a story based on the movie. Peter Jackson, the director of the 2005 movie, also took an active role in developing the game, which expands upon the movie's storyline, adding new creatures and locations. The game employs a cinematic style that makes the game more immersive and less like a traditional video game.</overview>
</synopsis>
