<synopsis>
<title>007: From Russia with Love</title>
<developer>EA Games</developer>
<publisher>EA Games</publisher>
<features_general>Single-player, Multiplayer, 480p, Dolby 5.1 Surround</features_general>
<features_online/>
<esrb>T</esrb>
<esrb_descriptors>Suggestive Themes, Violence</esrb_descriptors>
<genre>Action, Shooter, Third-Person</genre>
<release_date>01 Nov 2005</release_date>
<rating>7.1</rating>
<platform>GameCube, PlayStation 2, Xbox</platform>
<exclusive>No</exclusive>
<titleid>45410079 </titleid>
<overview>Inspired by the 1963 movie of the same name, From Russia with Love lets you play as the classic James Bond as portrayed by Sean Connery. You can drive in classic cars and use upgradeable weapons and gadgetry to complete the game's nonlinear missions. From Russia with Love also lets you invest in and upgrade your character to customize his performance.</overview>
</synopsis>
