<synopsis>
<sourcename>Commodore PET-T</sourcename>
<foldername>Commodore PET</foldername>
<title>Commodore PET</title>
<developer>Commodore International</developer>
<publisher>Commodore International</publisher>
<features_general>Keyboard</features_general>
<features_online>N/A</features_online>
<esrb>Not Rated</esrb>
<esrb_descriptors>Not Rated</esrb_descriptors>
<genre>Video Games</genre>
<release_date>01 Jan 1977</release_date>
<rating>6</rating>
<platform>Personal Computer</platform>
<exclusive>N/A</exclusive>
<titleid>N/A</titleid>
<overview>The Commodore PET is a line of home/personal computers produced starting in 1977 by Commodore International. The system combined a MOS 6502 microprocessor, Commodore BASIC in read only memory (ROM), a keyboard, a computer monitor and (in early models) a cassette deck for data and program storage in a single all-in-one case. Development of the system began in 1976 and first offered for sale in January 1977 at the Consumer Electronics Show (CES). A series of problems meant that production versions did not begin to arrive until December 1977, by which time the TRS-80 and Apple II had already begun deliveries. The close release dates of the three machines led Byte to refer to them collectively as the "1977 trinity". The original PET design underwent a series of significant updates, adding more memory, a better keyboard, larger screens and other modifications. The systems were a top-seller in the Canadian and United States educational markets, as well as European business uses. The PET formed the basis for Commodore's entire 8-bit product line, including the Commodore 64. The name was suggested by Andre Souson after he saw the Pet Rock in Los Gatos, and stated they were going to make the "pet computer". It was backronymed to Personal Electronic Transactor.</overview>
</synopsis>
