<synopsis>
<sourcename>Dr Seuss Cat in the Hat-MT</sourcename>
<foldername>Dr Seuss Cat in the Hat</foldername>
<title>Dr. Seuss' The Cat in the Hat</title>
<developer>Magenta Software</developer>
<publisher>VU Games</publisher>
<features_general>Players 1, 480p, 720p</features_general>
<features_online/>
<esrb>E</esrb>
<esrb_descriptors>No Descriptors</esrb_descriptors>
<genre>Action, General</genre>
<release_date>05 Nov 2003</release_date>
<rating>5.6</rating>
<platform>Game Boy Advance, Windows PC, PlayStation 2, Xbox</platform>
<exclusive>No</exclusive>
<titleid>56550028</titleid>
<overview>Go beyond the zany fun of the movie with an unbelievable adventure starring you as The Cat in the Hat. The Cat's crate has been opened and Seussian magic has turned the house inside out. You'll encounter all the wacky characters from the movie as you race to restore order to the house before Mom comes home. The Cat has his amazing umbrella, floating moves, and other tricks up his sleeve to help you through the 16 levels of pandemonium.</overview>
</synopsis>
