<synopsis>
<title>Jaws Unleashed</title>
<developer>Appaloosa Interactive</developer>
<publisher>Majesco Games</publisher>
<features_general>Single-player, 480p</features_general>
<features_online/>
<esrb>M</esrb>
<esrb_descriptors>Blood and Gore, Intense Violence</esrb_descriptors>
<genre>Action, General</genre>
<release_date>23 May 2006</release_date>
<rating>5.1</rating>
<platform>Windows PC, PlayStation 2, Xbox</platform>
<exclusive>No</exclusive>
<titleid/>
<overview>Based on the successful 1975 film of the same name, Jaws lets you play as a great white shark who must defend his territory from underwater drillers. The game features locations from the movie and destructible underwater environments. Damage the surrounding vehicles, enemies, and structures with your underwater and surface attacks. With "shark vision," you can see your victims before they know you're coming. In addition to tearing apart your victims, you must solve puzzles, battle bosses, and overcome a variety of challenges.</overview>
</synopsis>
