<synopsis>
<foldername>XBMC-T</foldername>
<title>XBMC4Xbox 3.5.3</title>
<developer>XBMC</developer>
<publisher>XBMC</publisher>
<features_general>SD Video Playback, Music Playback, Networking</features_general>
<features_online>Weather and Media Metadata Scrapers</features_online>
<esrb>Not Rated by ESRB</esrb>
<esrb_descriptors>Not Rated by ESRB</esrb_descriptors>
<genre>Dashboard</genre>
<release_date>Unknown</release_date>
<rating>7.5</rating>
<platform>Modified Xbox</platform>
<exclusive>Yes</exclusive>
<titleid>00000000</titleid>
<overview>XBMC4Xbox 3.5.3, released in early 2016 is the last update for XBMC4Xbox. It is a great dashboard for music and standard definition video. It has a heavy features list including Python 2.7 support, scrapers for media, skins and networking.</overview>
</synopsis>
