<synopsis>
<title>Loons: The Fight for Fame</title>
<developer>Infogrames</developer>
<publisher>Infogrames</publisher>
<features_general>Single-player, Multiplayer, 480p, Dolby 5.1 Surround</features_general>
<features_online/>
<esrb>E</esrb>
<esrb_descriptors>Mild Violence, Violence</esrb_descriptors>
<genre>Action, Beat-'Em-Up </genre>
<release_date>15 Sep 2002</release_date>
<rating>4.7</rating>
<platform>Xbox</platform>
<exclusive>Yes</exclusive>
<titleid/>
<overview>Battle rivals and destroy careers in an epic fight to win the starring role in Hollywood's next big blockbuster. In Loons, there's more to being a big-shot movie star than just memorizing lines--there's backstabbing, sabotage, and showing off. See what puts the tarnish in Tinseltown as four Looney Tunes characters turn screen tests into big-budget melees. You must ruin the competition with props, gags, and gizmos throughout 15 movie sets and seven minigames.</overview>
</synopsis>
