<synopsis>
<sourcename>Ice Age 2 - The Meltdown-T</sourcename>
<foldername>Ice Age 2 - The Meltdown</foldername>
<title>Ice Age 2: The Meltdown</title>
<developer>Vivendi Games</developer>
<publisher>Vivendi Games</publisher>
<features_general>Players 1, 480p, Dolby Digital</features_general>
<features_online/>
<esrb>E</esrb>
<esrb_descriptors>Crude Humor, Mild Cartoon Violence</esrb_descriptors>
<genre>Action, Platformer, 3D</genre>
<release_date>14 Mar 2006</release_date>
<rating>6.8</rating>
<platform>GameCube, Windows PC, PlayStation 2, Wii, Xbox</platform>
<exclusive>No</exclusive>
<titleid>5655004B</titleid>
<overview>Their world is melting, and your Ice Age 2 The Meltdown pals need help escaping the biggest flash flood in prehistory. Swim, splash, and scurry through all the action and adventure from the new Ice Age 2 The Meltdown movie and unearth fun, laughter and surprises along the way. Play as Scrat, along with your favorite heroes from the film. Dive into a huge variety of exciting mini-games, like Sid's Slippery Sloth Slide Challenge. Journey through the amazing worlds of the Ice Age 2 The Meltdown movie... and new ones too.</overview>
</synopsis>
