<synopsis>
<title>MLB Slugfest 2004</title>
<developer>Midway Games</developer>
<publisher>Midway Games</publisher>
<features_general>Single-player, Multiplayer</features_general>
<features_online/>
<esrb>E</esrb>
<esrb_descriptors>Comic Mischief, Violence</esrb_descriptors>
<genre>Sports, Traditional, Baseball, Arcade</genre>
<release_date>17 Mar 2003</release_date>
<rating>7.8</rating>
<platform>GameCube, PlayStation 2, Xbox</platform>
<exclusive>No</exclusive>
<titleid/>
<overview>Features Exclusive Challenging Adrenaline-Style Gameplay: Turbo running, fielding, batting and throwing. Midway Sports kicks the level up a notch with hard-hitting, gas-throwing, plays-of-the-week caliber fielding to give the player the best possible baseball videogame experience. NEW Create-A-Team: Create your own All-Star team by combining your favorite players from both leagues into one powerhouse ball club, then work your way to a World Series championship. NEW Customizable Instant Replay: Relive your towering home runs or diving catches with instant replay. You take control of the camera and can view your highlight-quality plays from any angle you desire. NEW Home Run Derby: Pit your favorite MLB players in a home run derby and square off against the most feared long ball hitters in the league. NEW Pitching "On Fire": Pitchers in both leagues have the opportunity to get "on fire" by constantly shutting down the offensive team.</overview>
</synopsis>
