<synopsis>
<sourcename>Dance Dance Revolution Ultramix 2-M</sourcename>
<foldername>Dance Dance Revolution Ultramix 2</foldername>
<title>Dance Dance Revolution Ultramix 2</title>
<developer>Konami</developer>
<publisher>Konami</publisher>
<features_general>Players 1-4, Dance Pad, Dolby Digital</features_general>
<features_online>DLC</features_online>
<esrb>E</esrb>
<esrb_descriptors>Mild Lyrics, Suggestive Themes</esrb_descriptors>
<genre>Miscellaneous, Rhythm, Dancing</genre>
<release_date>18 Nov 2004</release_date>
<rating>7.8</rating>
<platform>Xbox</platform>
<exclusive>Yes</exclusive>
<titleid>4B4E0021</titleid>
<overview>The dance revolution continues on the Xbox with Dance Dance Revolution Ultramix 2. This sequel features new gameplay modes, exclusive songs, and enhanced Xbox Live support. Now you can compete head-to-head with other dancers nationwide, conduct online tournaments, and upload content, in addition to downloading new songs, dance steps, and characters. The game also includes new game modes, including Team Battles (in which two pairs of players face off against each other) and Synch (a cooperative two-player mode where players must match up their steps while mastering the song).</overview>
</synopsis>
