<synopsis>
<sourcename>Burnout-T</sourcename>
<foldername>Burnout</foldername>
<title>Burnout</title>
<developer>Criterion Games</developer>
<publisher>Acclaim</publisher>
<features_general>Players 1-2, 480p, Dolby Digital</features_general>
<features_online/>
<esrb>E</esrb>
<esrb_descriptors>Mild Violence</esrb_descriptors>
<genre>Driving, Racing, Arcade</genre>
<release_date>30 Apr 2002</release_date>
<rating>7.5</rating>
<platform>GameCube, PlayStation 2, Xbox</platform>
<exclusive>No</exclusive>
<titleid>41430006</titleid>
<overview>Burnout brings high-energy, arcade-style street racing to your gaming console. Drive more than 300 realistic vehicles, and then crash them in spectacular, slow-motion fashion. Burnout monitors your driver's heart rate: You're rewarded for near-misses and the more risks you take. Cruise the United States and Europe on 14 awesome, traffic-filled courses, through cities and into the countryside. Instant replays allow you to relive your handiwork from multiple angles, in all of its cringe-inducing, metal-bashing glory.</overview>
</synopsis>
