<synopsis>
<sourcename>ESPN Football 2004-M</sourcename>
<foldername>ESPN Football 2004</foldername>
<title>NFL Football 2K4</title>
<developer>Visual Concepts</developer>
<publisher>Sega</publisher>
<features_general>Players 1-4, 480p, 720p, Dolby Digital</features_general>
<features_online>DLC</features_online>
<esrb>E</esrb>
<esrb_descriptors>No Descriptors</esrb_descriptors>
<genre>Sports, Traditional, Football, Sim</genre>
<release_date>03 Sep 2003</release_date>
<rating>9.1</rating>
<platform>Xbox</platform>
<exclusive>No</exclusive>
<titleid>53450022</titleid>
<overview>Sega's latest addition to its NFL 2K series, ESPN NFL Football delivers the most complete NFL experience. Experience a new level of gaming through First Person Football, a mode that allows you to see the game through the eyes of any player on your team. Earn and unlock trophies, mini-games, and music to show off in your Crib. Listen to commentary from ESPN's own Chris Berman and watch the game as if you're watching an ESPN broadcast. Take on your friends or play online.</overview>
</synopsis>
