<synopsis>
<sourcename>Nobunaga Mahjong (JPN)-T</sourcename>
<foldername>Nobunaga Mahjong (JPN)</foldername>
<title>Shinchou (Nobunga) Mahjong</title>
<developer>e-frontier</developer>
<publisher>Mediarium</publisher>
<features_general>Players 1</features_general>
<features_online/>
<esrb>Not Rated by ESRB</esrb>
<esrb_descriptors>No Descriptors</esrb_descriptors>
<genre>Board Game</genre>
<release_date>24 Apr 2003</release_date>
<rating>No Rating</rating>
<platform>Xbox</platform>
<exclusive>Yes</exclusive>
<titleid>45460001</titleid>
<overview>Japanese Mahjong board game for your Xbox.</overview>
</synopsis>
