<synopsis>
<title>Iron Phoenix</title>
<developer>InterServ International</developer>
<publisher>Sega</publisher>
<features_general>Single-player, 480p, Dolby 5.1 Surround</features_general>
<features_online>Online</features_online>
<esrb>T</esrb>
<esrb_descriptors>Blood, Mild Language, Suggestive Themes, Violence</esrb_descriptors>
<genre>Action, Fighting, 3D</genre>
<release_date>25 Mar 2003</release_date>
<rating>5.8</rating>
<platform>Xbox</platform>
<exclusive>Yes</exclusive>
<titleid/>
<overview>Iron Phoenix combines team-oriented strategy with weapon-based combat. Warriors emerge to take part in a final battle for the legendary sword known as the Iron Phoenix. In addition to the single-player story, the game delivers 16-player battles through Xbox Live and System Link. Inspired by classic martial arts epics, Iron Phoenix creates a fighting experience that includes rooftop chases, wall-walking, and classic fighting-game combos. Execute bone-crushing moves based on ancient Chinese fighting styles that are motion-captured from real martial artists.</overview>
</synopsis>
