<synopsis>
<foldername>Emustation-T</foldername>
<title>Emustation</title>
<developer>Rocky5</developer>
<publisher>Rocky5</publisher>
<features_general>Highly Visual Xbox Frontend, Custom Themes, Built in Downloader Menu</features_general>
<features_online>Download Menu for Updates and Content</features_online>
<esrb>Not Rated by ESRB</esrb>
<esrb_descriptors>Not Rated by ESRB</esrb_descriptors>
<genre>Dashboard</genre>
<release_date>Unknown</release_date>
<rating>10.0</rating>
<platform>Modified Xbox</platform>
<exclusive>Yes</exclusive>
<titleid>00000000</titleid>
<overview>Rocky5's custom dashboard maintained in parallel to XBMC4Gamers. XBMC-Emustation is best suited to a user who likes a lot of emulators in their setup but also facilitates Xbox games, Homebrew and applications. Each system is visible on a carousel and games are scanned in upon installation so you have lists of games and artwork in your menu without needing to open individual standalone emulators to view your content. Once you have an internet connection, the built in downloader menu allows you to to update your dashboard and download content like Homebrew games, Applications, Xbox DLC and Mods and even artwork directly to your Xbox without the need for FTP.</overview>
</synopsis>
