<synopsis>
<sourcename>Kill Switch-T</sourcename>
<foldername>Kill Switch</foldername>
<title>Kill Switch</title>
<developer>Namco</developer>
<publisher>Namco</publisher>
<features_general>Players 1, 480p</features_general>
<features_online/>
<esrb>T</esrb>
<esrb_descriptors>Strong Language, Violence</esrb_descriptors>
<genre>Action, Shooter, Third-Person</genre>
<release_date>28 Oct 2003</release_date>
<rating>7.5</rating>
<platform>PlayStation 2, Xbox</platform>
<exclusive>No</exclusive>
<titleid>4E4D000B</titleid>
<overview>In kill.switch, you will take on the role of a highly skilled military operative with orders to start a war. Travel to global 'hotspots' such as the Middle East, the Caspian Sea region, and North Korea. Hide behind objects in your environment and lay down suppressing fire without even looking. Fight through 15 action-packed scenarios featuring diverse missions and objectives that span the globe. As the story unfolds, you'll begin to discover what's behind your dark agenda.</overview>
</synopsis>
