<synopsis>
<title>Curse: The Eye of Isis</title>
<developer>Asylum Entertainment</developer>
<publisher>DreamCatcher Interactive</publisher>
<features_general>Single-player, 480p, Dolby 5.1 Surround</features_general>
<features_online>Scoreboard</features_online>
<esrb>M</esrb>
<esrb_descriptors>Blood and Gore Violence</esrb_descriptors>
<genre>Action Adventure, Horror </genre>
<release_date>08 Dec 2003</release_date>
<rating>5.9</rating>
<platform>Windows PC, PlayStation 2, Xbox</platform>
<exclusive>No</exclusive>
<titleid/>
<overview>Step into the shoes of Dr. Darien Dane or his assistant Victoria Sutton as you investigate the mysterious disappearance of an ancient sacred Egyptian statue from the British Museum. Protected by an evil curse, the statue can cause madness or violent death, raise the dead, and animate diabolical objects. Now it's up to you to find and return the cursed statue to the pyramid where it was left long ago. But beware of your surroundings, for nearly anything can come alive and try to kill you, even the most insignificant of objects. </overview>
</synopsis>
