<synopsis>
<foldername>XBMC4Gamers</foldername>
<title>XBMC4Gamers</title>
<developer>Rocky5</developer>
<publisher>Rocky5</publisher>
<features_general>Highly Visual Xbox Frontend, Multiple Profiles, Built in Downloader Menu</features_general>
<features_online>Download Menu for Updates and Content</features_online>
<esrb>Not Rated by ESRB</esrb>
<esrb_descriptors>Not Rated by ESRB</esrb_descriptors>
<genre>Dashboard</genre>
<release_date>Unknown</release_date>
<rating>10.0</rating>
<platform>Modified Xbox</platform>
<exclusive>Yes</exclusive>
<titleid>00000000</titleid>
<overview>Rocky5's custom dashboard maintained in parallel to XBMC-Emustation. XBMC4Gamers evolved from XBMC4Kids, a project to create a dashboard with support for multiple user profiles and allowing edit mode to be disabled. XBMC4Gamers is suited to a user who prefers Xbox games to be the focal point of their setup, however, it does support Applications, Emulators and Homebrew. Once you have an internet connection, the built in downloader menu allows you to to update your dashboard and download content like Homebrew games, Applications, Xbox DLC and Mods and even artwork directly to your Xbox without the need for FTP.</overview>
</synopsis>
