<synopsis>
<sourcename>XBMC4Gamers-T</sourcename>
<foldername>XBMC4Gamers</foldername>
<title>XBMC4Gamers</title>
<developer>Rocky5</developer>
<publisher>Homebrew</publisher>
<features_general>Highly Visual Xbox Frontend, Multiple Profiles, Built in Downloader Menu</features_general>
<features_online>Download Menu for Updates and Content</features_online>
<esrb>Not Rated by ESRB</esrb>
<esrb_descriptors>Not Rated by ESRB</esrb_descriptors>
<genre>Dashboard</genre>
<release_date>Unknown</release_date>
<rating>10</rating>
<platform>Modified Xbox</platform>
<exclusive>Yes</exclusive>
<titleid>09999990</titleid>
<overview>Rocky5's custom dashboard maintained in parallel to XBMC-Emustation. XBMC4Gamers starting as a pet project called XBMC4Kids and a way to create multiple user profiles to filter content and to limit a users access to configuration and settings after the initial setup. It eventually evolved into XBMC4Gamers. After the arrival of XBMC-Emustation, XBMC4Gamers received numerous source edits to push the limits of XBMC RAM management without compromising speed and ease of use. XBMC4Gamers is suited to a user who prefers Xbox games to be the focal point of their setup, however, it does support Applications, Emulators and Homebrew. Once you have an internet connection, the built in downloader menu allows you to to update your dashboard and download content like Homebrew games, Applications, Xbox DLC, Mods and even artwork directly to your Xbox without the need for FTP. XBMC4Gamers is created from Open Source XBMC and is heavily source edited, bending the rules and pushing the bar for what was previously thought possible on the Original Xbox.</overview>
</synopsis>
