<synopsis>
<sourcename>Dead or Alive 2 Ultimate-M</sourcename>
<foldername>Dead or Alive 2 Ultimate</foldername>
<title>Dead or Alive Ultimate</title>
<developer>Team Ninja</developer>
<publisher>Tecmo</publisher>
<features_general>Players 1-4, 480p, Dolby Digital</features_general>
<features_online/>
<esrb>M</esrb>
<esrb_descriptors>Sexual Themes, Violence</esrb_descriptors>
<genre>Action, Fighting, 3D</genre>
<release_date>26 Oct 2004</release_date>
<rating>8.3</rating>
<platform>Xbox</platform>
<exclusive>Yes</exclusive>
<titleid>54430006</titleid>
<overview>Dead or Alive Ultimate combines the original Dead or Alive with a redesigned Dead or Alive 2 and takes the series online for the first time. Both games can be played on Xbox Live, which enables you to test your fighting skills against gamers from around the world. The new Dead or Alive 2 Ultimate features episodes from the characters' pasts that reveal new details surrounding some of the most popular characters. Enhanced graphics and new stages, costumes, and fighting moves are also included in this Ultimate edition.</overview>
</synopsis>
