<synopsis>
<title>Army Men: Sarge's War</title>
<developer>Global Star Software</developer>
<publisher>3DO</publisher>
<features_general>Single-player, Multiplayer, 480p, Dolby 5.1 Surround</features_general>
<features_online/>
<esrb>T</esrb>
<esrb_descriptors>Violence</esrb_descriptors>
<genre>Action, Shooter, Third-Person, Modern</genre>
<release_date>02 Aug 2004</release_date>
<rating>4.4</rating>
<platform>GameCube, Windows PC, PlayStation 2, Xbox</platform>
<exclusive>No</exclusive>
<titleid/>
<overview>A new enemy, Colonel Malice, threatens the very existence of the Green nation. Now, with his squad destroyed, Sarge becomes a one-man army out to stop Colonel Malice and the Tan army at all costs. Guide Sarge through 12 dangerous levels, which span both the real world and the world of toys. Sarge can wield authentic weapons such as assault rifles, shotguns, bazookas, time bombs, and more. Be careful--enemies can now duck, cover, flank your positions, and generally try to kill you as intensely as you try to kill them.</overview>
</synopsis>
