<synopsis>
<title>Championship Manager 5 [EU]</title>
<developer>Gusto Games</developer>
<publisher>Eidos Interactive</publisher>
<features_general>Single-player</features_general>
<features_online/>
<esrb>Not Rated by ESRB</esrb>
<esrb_descriptors>None</esrb_descriptors>
<genre>Sport, Soccer Management Simulator</genre>
<release_date>13 May 2005</release_date>
<rating>Not Rated</rating>
<platform>Xbox</platform>
<exclusive>No</exclusive>
<titleid/>
<overview>Championship Manager 5 is the fifth installment of the popular Championship Manager series of football management computer games. It is the first game in the series to be developed by Eidos, after the much publicised split between Eidos and Sports Interactive.</overview>
</synopsis>
