<synopsis>
<sourcename>Kingdom Under Fire Heroes-T</sourcename>
<foldername>Kingdom Under Fire Heroes</foldername>
<title>Kingdom Under Fire: Heroes</title>
<developer>Blueside, Phantagram</developer>
<publisher>Microsoft Game Studios</publisher>
<features_general>Players 1, 480p, Dolby Digital</features_general>
<features_online>DLC</features_online>
<esrb>M</esrb>
<esrb_descriptors>Blood, Violence</esrb_descriptors>
<genre>Strategy, Real-Time, Fantasy</genre>
<release_date>20 Sep 2005</release_date>
<rating>7.8</rating>
<platform>Xbox</platform>
<exclusive>Yes</exclusive>
<titleid>504C0006</titleid>
<overview>Kingdom Under Fire: Heroes is an action strategy game where you can command hundreds of soldiers. You also have spells, golems, and catapults at your disposal as you play through more than 50 campaign missions. The experience and gold that you earn during each battle can be used to train and equip your troops. You can also challenge other gamers online.</overview>
</synopsis>
