<synopsis>
<sourcename>VirtuaCop3-B</sourcename>
<foldername>Virtua Cop 3</foldername>
<title>virtua Cop 3</title>
<developer>Sega AM2</developer>
<publisher>Sega</publisher>
<features_general>Single-player, Multiplayer, 480p</features_general>
<esrb>T</esrb>
<esrb_descriptors>Suggestive Themes, Violence</esrb_descriptors>
<genre>Light gun shooter,First-person rail shooter</genre>
<release_date>Mar 2003</release_date>
<rating>7.1</rating>
<platform>Sega Chihiro, Xbox</platform>
<exclusive>Yes</exclusive>
<titleid>HBI64013</titleid>
<overview>Virtua Cop 3 is the third game from Sega's Virtua Cop light gun shooter franchise released exclusively for video arcades in 2003. The game is available in standard and deluxe cabinet formats and runs on Sega Chihiro arcade hardware. A port for the Xbox was planned, but cancelled...Until the creative minds at Assembler games brought it to life on the Xbox. Virtua Cop 3 allows the chapters to be played in any desired order. The game follows the three characters as they investigate three crimes performed by Virtua City's new crime syndicate, the ECM.</overview>
</synopsis>
