<synopsis>
<title>Evil Dead: A Fistful of Boomstick</title>
<developer>VIS Entertainment</developer>
<publisher>THQ</publisher>
<features_general>Single-player, 480p, Dolby 5.1 Surround</features_general>
<features_online/>
<esrb>M</esrb>
<esrb_descriptors>Blood and Gore, Violence</esrb_descriptors>
<genre>Action Adventure, Horror </genre>
<release_date>17 Jun 2003</release_date>
<rating>5.8</rating>
<platform>PlayStation 2, Xbox</platform>
<exclusive>No</exclusive>
<titleid/>
<overview>Fully "armed" with his chainsaw, trusty boomstick, and trademark quips, Ash must once again save Dearborn from the unspeakable horrors spawned from The Book of the Dead. After a vortex to the undead is unwittingly opened, deadites swarm through Dearborn, turning humans into zombies. Now, with Dearborn in chaos and citizens begging for help, Ash must hack and slash his way through the streets and figure out how to close the vortex. Ash soon learns that all is not what it seems--those he trusts may be plotting against him, and the history of Dearborn might be irrevocably changed.</overview>
</synopsis>
