<synopsis>
<sourcename>Cabelas Outdoor Adventures 2006-MB</sourcename>
<foldername>Cabelas Outdoor Adventures 2006</foldername>
<title>Cabela's Outdoor Adventures</title>
<developer>Sand Grain Studios</developer>
<publisher>Activision</publisher>
<features_general>Players 1, 480p, Dolby Digital</features_general>
<features_online/>
<esrb>T</esrb>
<esrb_descriptors>Blood, Violence</esrb_descriptors>
<genre>Action, Sports, Hunting Simulation</genre>
<release_date>14 Sep 2005</release_date>
<rating>8.5</rating>
<platform>GameCube, Windows PC, PlayStation 2, Xbox</platform>
<exclusive>No</exclusive>
<titleid>4156004D</titleid>
<overview>Take the Hunting and Fishing expedition of a lifetime with 22 adventures across North America and beyond. Stalk monster bucks and trophy big game or stop off and fish the local waters. Experience the sights and sounds of a true-to-life outdoor adventure where stealth, strategy and technique are of the utmost importance.</overview>
</synopsis>
