<synopsis>
<title>Manchester United Manager 2005[3][EU]</title>
<developer>Codemasters</developer>
<publisher>Codemasters</publisher>
<features_general>Single-player</features_general>
<features_online/>
<esrb>Not Rated by ESRB</esrb>
<esrb_descriptors>None</esrb_descriptors>
<genre>Sport, Soccer Management Simulator</genre>
<release_date>31 Oct 2004</release_date>
<rating>Not Rated</rating>
<platform>Xbox, PlayStation 2</platform>
<exclusive>No</exclusive>
<titleid/>
<overview>At the same time as the normal version of LMA 2005, a special themed edition was also released on PS2 and Xbox, entitled Manchester United Manager. As the name suggests, this version was tailored around Manchester United, and contained various photos and video clips of the club. However, the game itself was unchanged from LMA, allowing players to manage any club, not just Manchester United.</overview>
</synopsis>
