<synopsis>
<foldername>Coinops</foldername>
<title>Coinops</title>
<developer>BritneysPAIRS</developer>
<publisher>N/A</publisher>
<features_general>N/A</features_general>
<features_online>N/A</features_online>
<esrb>Not Rated</esrb>
<esrb_descriptors>Not Rated</esrb_descriptors>
<genre>Video Games</genre>
<release_date>2000's</release_date>
<rating>8.5</rating>
<platform>Arcade</platform>
<exclusive>N/A</exclusive>
<titleid>N/A</titleid>
<overview>Visually impressive multi emulator and Xbox frontend with an Arcade feel.</overview>
</synopsis>
