<synopsis>
<title>Frogger Beyond</title>
<developer>Konami</developer>
<publisher>Konami</publisher>
<features_general>Single-player, Dolby 5.1 Surround</features_general>
<features_online/>
<esrb>E</esrb>
<esrb_descriptors>No Descriptors</esrb_descriptors>
<genre>Action, Platformer, 3D </genre>
<release_date>11 Dec 2002</release_date>
<rating>6</rating>
<platform>GameCube, Windows PC, PlayStation 2, Xbox</platform>
<exclusive>No</exclusive>
<titleid/>
<overview>Hop into the latest addition to the Frogger franchise with Frogger Beyond, a new adventure that takes you through eight expansive worlds. As the amphibious hero, Frogger, you'll encounter a wide range of enemies, obstacles, and new challenges. This time, you can snowboard ice-covered mountains, travel through lava caverns, and navigate the depths of outer space. Frogger Beyond revives the series with 40 new enemies, new frog abilities, and hidden areas and power-ups. </overview>
</synopsis>
