<synopsis>
<title>Gladiator: Sword of Vengeance</title>
<developer>Acclaim Studios Manchester</developer>
<publisher>Acclaim Entertainment</publisher>
<features_general>Single-player, 480p, Dolby 5.1 Surround</features_general>
<features_online/>
<esrb>M</esrb>
<esrb_descriptors>Blood and Gore, Intense Violence</esrb_descriptors>
<genre>Action, Beat-'Em-Up </genre>
<release_date>05 Nov 2003</release_date>
<rating>6.5</rating>
<platform>Windows PC, PlayStation 2, Xbox</platform>
<exclusive>No</exclusive>
<titleid/>
<overview>In the year 106, the Roman Empire is in terrible decline due to badly fought wars, famine, and plague. As herald to this age of degradation, the despotic Emperor Arruntius has destroyed large portions of the city of Rome to create the battleground for the bloodiest gladiator event ever staged. You are but an enslaved combatant in this bloodsport; but with gory kills, fantastic stunts, and finishing moves, you can become a hero to the crowd. From the streets of Rome to the paradise of Elysium, become the champion of all gladiators and win your freedom.</overview>
</synopsis>
