<synopsis>
<title>Fairly OddParents: Breakin' Da Rules</title>
<developer>THQ</developer>
<publisher>THQ</publisher>
<features_general>Single-player, Dolby 5.1 Surround</features_general>
<features_online/>
<esrb>E</esrb>
<esrb_descriptors>Comic Mischief</esrb_descriptors>
<genre>Action, General</genre>
<release_date>03 Nov 2003</release_date>
<rating>8</rating>
<platform>Game Boy Advance, GameCube, Windows PC, PlayStation 2, Xbox</platform>
<exclusive>No</exclusive>
<titleid/>
<overview>"Da Rules" book--the ultimate guide to having Fairy Godparents--has disappeared in Fairly Odd Parents: Breakin' Da Rules, and Cosmo and Wanda are left without their magical powers. Throughout this platform adventure, you play as Timmy as he enters the comic book world, battles evil viruses, avoids boy-eating plants, and finally comes to the rescue of his Fairy Godparents. Set off on an amazing adventure to recover all the pages from "Da Rules" book and restore his Fairy Godparents' powers.</overview>
</synopsis>
