<synopsis>
<sourcename>Nobunaga no Yabou Ranseiki (JPN)-B</sourcename>
<foldername>Nobunaga no Yabou Ranseiki (JPN)</foldername>
<title>Nobunga No Yabo 8</title>
<developer>Koei</developer>
<publisher>Koei</publisher>
<features_general>Players 1</features_general>
<features_online/>
<esrb>Not Rated by ESRB</esrb>
<esrb_descriptors>No Descriptors</esrb_descriptors>
<genre/>
<release_date>22 Feb 2002</release_date>
<rating>No Rating</rating>
<platform>Xbox</platform>
<exclusive/>
<titleid>4B4F0001</titleid>
<overview>Nobunaga no Yabou: Ranseiki is the ninth installment in the Japanese strategy game series. Warp back to ancient Japan and try to bring unity to a scattered Japan, cut into 54 countries. The game features 135 castles based on actual locations from history and more than 1,300 individual soldiers. A real-time battle system has replaced the old turn-based system and graphics have gotten a full 3D makeover as well. The Xbox version features 10 different scenarios. Released in Japan only.</overview>
</synopsis>
