<synopsis>
<sourcename>Digimon Rumble Arena 2-T</sourcename>
<foldername>Digimon Rumble Arena 2</foldername>
<title>Digimon Rumble Arena 2</title>
<developer>Bandai</developer>
<publisher>Bandai</publisher>
<features_general>Players 1-4, 480p</features_general>
<features_online/>
<esrb>T</esrb>
<esrb_descriptors>Animated Violence Cartoon Violence Comic Mischief</esrb_descriptors>
<genre>Action, Fighting, 2D</genre>
<release_date>03 Sep 2004</release_date>
<rating>6.5</rating>
<platform>GameCube, PlayStation 2, Xbox</platform>
<exclusive>No</exclusive>
<titleid>42410001</titleid>
<overview>Digimon Rumble Arena 2 lets you play as and against your favorite Digimon characters. The game features all the popular Digimon from all four seasons of the TV show, plus secret Digimon. Each Digimon has a signature move that can earn Digipoints and, with enough Digipoints, you can Digivolve and destroy your opponents. In locations ranging from icy glaciers to fields of fire, you can conquer the Digimon in single-player mode or compete against three of your friends in multiplayer brawls.</overview>
</synopsis>
