<synopsis>
<title>Indigo Prophecy / FAHRENHEIT</title>
<developer>Quantic Dream</developer>
<publisher>Atari</publisher>
<features_general>Single-player, 480p, 16:9, Dolby 5.1 Surround</features_general>
<features_online/>
<esrb>M</esrb>
<esrb_descriptors>Blood, Partial Nudity, Sexual Themes, Strong Language, Use of Drugs and Alcohol, Violence</esrb_descriptors>
<genre/>
<release_date>20 Sep 2005</release_date>
<rating>8.4</rating>
<platform>Windows PC, PlayStation 2, Xbox, Xbox 360</platform>
<exclusive>No</exclusive>
<titleid/>
<overview>Play both hunter and hunted in this psycho thriller. Set in New York, Indigo Prophecy gives you the chance to speak, explore, interact, fight, and confront unknown dark forces. In the story, you can play as Lucas Kane, one of the many ordinary people that suddenly begin killing total strangers. Constantly burdened by strange visions, you must keep one step ahead of the police as you try to find out what's happening to you. Indigo Prophecy lets you control one of four characters and lets you make decisions that affect the storyline.</overview>
</synopsis>
