<synopsis>
<title>Mission Impossible: Operation Surma</title>
<developer>Paradigm Entertainment</developer>
<publisher>Atari</publisher>
<features_general>Single-player, 480p, Dolby 5.1 Surround</features_general>
<features_online/>
<esrb>T</esrb>
<esrb_descriptors>Blood, Violence</esrb_descriptors>
<genre>Action Adventure, Modern </genre>
<release_date>02 Dec 2003</release_date>
<rating>6.7</rating>
<platform>GameCube, PlayStation 2, Xbox</platform>
<exclusive>No</exclusive>
<titleid/>
<overview>Your mission, should you choose to accept it, is to save the free world from certain doom. Ethan Hunt is back in Mission: Impossible Operation Surma, a stealth action adventure featuring an incredible arsenal of the latest weaponry, hi-tech gadgets, and mind-blowing disguises. Ethan and his IMF team travel to exotic international locations in an effort to thwart the Surma Corporation's diabolical plans for global domination. Throughout your mission, you'll be called upon to use your brains and brawn to get the job done. </overview>
</synopsis>
