<synopsis>
<sourcename>Lemony Snicket-T</sourcename>
<foldername>Lemony Snicket</foldername>
<title>Lemony Snicket's A Series of Unfortunate Events</title>
<developer>Adrenium Games</developer>
<publisher>Activision</publisher>
<features_general>Players 1, 480p, Dolby Digital</features_general>
<features_online/>
<esrb>E</esrb>
<esrb_descriptors>Mild Violence</esrb_descriptors>
<genre>Action, Platformer, 3D</genre>
<release_date>10 Nov 2004</release_date>
<rating>7</rating>
<platform>GameCube, PlayStation 2, Xbox</platform>
<exclusive>No</exclusive>
<titleid>4156001F</titleid>
<overview>Based on the book series and the feature film, this game tells the tale of Violet, Klaus, and Sunny Baudelaire, whose parents perish in a fire. Soon after, they are sent to live with their sinister uncle, Count Olaf, in a cavernous mansion. Now you can help the Baudelaire orphans by using their special skills to journey through 15 missions, from the deep catacombs beneath Olaf's mansion to the gloomy shores of Lake Lachrymose. Collect household items and assemble them into contraptions for puzzle-solving and combat. Wield those items to battle Olaf's minions.</overview>
</synopsis>
