<synopsis>
<title>Driver: Parallel Lines</title>
<developer>Reflections Interactive</developer>
<publisher>Atari</publisher>
<features_general>Single-player, 480p, 16:9, Dolby 5.1 Surround</features_general>
<features_online/>
<esrb>M</esrb>
<esrb_descriptors>Blood, Drug Reference, Intense Violence, Partial Nudity, Sexual Themes, Strong Language</esrb_descriptors>
<genre>Driving, Mission-based</genre>
<release_date>14 Mar 2006</release_date>
<rating>6.9</rating>
<platform>PlayStation 2, Xbox</platform>
<exclusive>No</exclusive>
<titleid/>
<overview>Driver: Parallel Lines is the fourth installment in the cinematic driver-for-hire series from Atari. You can play as an 18-year-old who is the most sought after driver in New York. The twist-filled storyline leads you through 40 missions and 80 drivable vehicles. Driver: Parallel Lines features more realistic damage modeling and improved city detail than its predecessors. You can go online and play against up to seven other players in a variety of multiplayer modes.</overview>
</synopsis>
