<synopsis>
<sourcename>And1 Streetball-T</sourcename>
<foldername>And1 Streetball</foldername>
<title>AND1 Streetball</title>
<developer>Black Ops Entertainment</developer>
<publisher>Ubisoft</publisher>
<features_general>Players 1-4, Custom Soundtracks, Dolby Digital</features_general>
<features_online>System Link 2-10, DLC</features_online>
<esrb>E</esrb>
<esrb_descriptors>Mild Language, Mild Violence</esrb_descriptors>
<genre>Sports, Traditional, Basketball, Arcade</genre>
<release_date>06 Jun 2006</release_date>
<rating>4.6</rating>
<platform>PlayStation 2, Xbox</platform>
<exclusive>No</exclusive>
<titleid>55530056</titleid>
<overview>And 1 Streetball brings the flashy street-basketball style from the And 1 Mixtape tour to your home video game consoles. You can create a player from the ground up and take him through the trials of making the And 1 team. The game features a variety of moves inspired by real streetball players and includes venues from around the country--each with its own regional soundtrack. You can choose the size of your games, ranging from one-on-one showdowns to full five-on-five action.</overview>
</synopsis>
