<synopsis>
<title>Lord of the Rings: The Return of the King</title>
<developer>Hypnos Entertainment</developer>
<publisher>EA Games</publisher>
<features_general>Single-player, co-op Multiplayer, 480p, Dolby 5.1 Surround</features_general>
<features_online/>
<esrb>T</esrb>
<esrb_descriptors>Violence</esrb_descriptors>
<genre>Action Adventure, Fantasy </genre>
<release_date>05 Nov 2003</release_date>
<rating>8.4</rating>
<platform>GameCube, Windows PC, PlayStation 2, Xbox</platform>
<exclusive>No</exclusive>
<titleid>4541003E</titleid>
<overview>Return to Middle-earth in a game based on the epic final chapter of the The Lord of the Rings movie trilogy. Developed using the same digital assets as the films, The Return of the King recreates in stunning detail the final events of the War of the Ring. Become the heroes who determine the fate of Middle-earth as you traverse the haunted Paths of the Dead, defend Minas Tirith, and even play co-op multiplayer with a friend as you march against the impenetrable Black Gates of Mordor. The fate of Middle-earth is in your hands.</overview>
</synopsis>
