<synopsis>
<title>LMA Manager 2005[EU]</title>
<developer>Codemasters</developer>
<publisher>Codemasters</publisher>
<features_general>Single-player</features_general>
<features_online/>
<esrb>Not Rated by ESRB</esrb>
<esrb_descriptors>None</esrb_descriptors>
<genre>Sport, Soccer Management Simulator</genre>
<release_date>31 Oct 2004</release_date>
<rating>Not Rated</rating>
<platform>Xbox, PlayStation 2</platform>
<exclusive>No</exclusive>
<titleid/>
<overview>LMA 2005 was released on PS2 and Xbox in October 2004, and chief amongst the enhancements was the addition of the Dutch and Portuguese leagues and English Football Conference division, the first new playable leagues to be added since 2002. Another unique feature was the option to download a mid-season player roster update via Xbox Live or the PlayStation online service. PS2 owners with access to an EyeToy camera could take a photo of themselves, which would appear on various newspaper articles seen in the game (for example, a celebration photo after winning a trophy, or an unhappy image after being sacked by their club).</overview>
</synopsis>
