<synopsis>
<sourcename>Apex-T</sourcename>
<foldername>Apex</foldername>
<title>APEX</title>
<developer>Milestone</developer>
<publisher>Atari</publisher>
<features_general>Players 1-2, 480p, Custom Soundtracks, Wheel, Dolby Digital</features_general>
<features_online/>
<esrb>E</esrb>
<esrb_descriptors>No Descriptors</esrb_descriptors>
<genre>Racing</genre>
<release_date>18 Feb 2003</release_date>
<rating>7.4</rating>
<platform>Xbox</platform>
<exclusive>Yes</exclusive>
<titleid>49470015</titleid>
<overview>APEX is an arcade-style racing video game developed by Milestone S.r.l. and published by Infogrames, exclusively on Xbox in 2003. The game contains a main game mode called Dream which allows the player to manage a car dealership, to create your own cars and of course participate in races with their creations. The game is playable with two players, but is not compatible with Xbox Live.</overview>
</synopsis>
