<synopsis>
<sourcename>Galaxy Angel (JPN)-B</sourcename>
<foldername>Galaxy Angel (JPN)</foldername>
<title>Galaxy Angel</title>
<developer>Broccoli</developer>
<publisher>media quest</publisher>
<features_general>Players 1</features_general>
<features_online/>
<esrb>Not Rated by ESRB</esrb>
<esrb_descriptors>No Descriptors</esrb_descriptors>
<genre/>
<release_date>23 Aug 2002</release_date>
<rating>No Rating</rating>
<platform>Xbox</platform>
<exclusive>Yes</exclusive>
<titleid>42520001</titleid>
<overview>Galaxy Angel is based on the anime/manga with the same name. In the game you play the role of Tact (Takuto) Mayers who has been given command of the Angel-Tai and the duty to protect Prince Shiva, the last hope for Transbaal, whose royal family was killed in a coup d'etat by the exiled Prince, Eonia Transbaal.</overview>
</synopsis>
