<synopsis>
<sourcename>Dynasty Warriors 3-MB</sourcename>
<foldername>Dynasty Warriors 3</foldername>
<title>Dynasty Warriors 3</title>
<developer>Omega Force</developer>
<publisher>Koei</publisher>
<features_general>Players 1-2, Dolby Digital</features_general>
<features_online/>
<esrb>T</esrb>
<esrb_descriptors>Mild Language, Violence</esrb_descriptors>
<genre>Action, Beat-'Em-Up</genre>
<release_date>30 Sep 2002</release_date>
<rating>7</rating>
<platform>PlayStation 2, Xbox</platform>
<exclusive>No</exclusive>
<titleid>4B4F0003</titleid>
<overview>The third installment of Dynasty Warriors tests your warrior spirit through vast lands and impossible odds. Dynasty Warriors 3 features battlefield action with over 20 stages and 40 playable warriors. Storm the battlefield with more bone-crushing moves, improved Musou attacks, and squad level commands to your massive elephant troops. In addition to Endurance and Time Attack, Dynasty Warriors 3 also includes brand new two-player Versus and Cooperative modes. Can you become a warrior worth a thousand?</overview>
</synopsis>
