<synopsis>
<title>Lord of the Rings: The Two Towers</title>
<developer>Stormfront Studios</developer>
<publisher>EA Games</publisher>
<features_general>Single-player, 480p, Dolby 5.1 Surround</features_general>
<features_online/>
<esrb>T</esrb>
<esrb_descriptors>Blood, Violence</esrb_descriptors>
<genre>Action, Beat-'Em-Up</genre>
<release_date>30 Dec 2002</release_date>
<rating>7.9</rating>
<platform>GameCube, PlayStation 2, Xbox</platform>
<exclusive>No</exclusive>
<titleid/>
<overview>The second chapter in the epic story of Middle-earth pits you against Sauron and the evil forces of Mordor. In The Lord of the Rings: The Two Towers, you'll battle an army of 10,000 Uruk-Hai on the walls of Helm's Deep, hordes of Orcs on the plains of Rohan, and even the monstrous Cave Troll in Balin's Tomb. Guide Aragorn, Gimli, or Legolas through 13 interactive environments, using each character's unique moves, skills, and weaponry to complete your quest.</overview>
</synopsis>
