<synopsis>
<title>Crouching Tiger, Hidden Dragon</title>
<developer>Light Weight</developer>
<publisher>Ubisoft</publisher>
<features_general>Single-player, 480p</features_general>
<features_online/>
<esrb>T</esrb>
<esrb_descriptors>Violence</esrb_descriptors>
<genre>Action, Beat-'Em-Up </genre>
<release_date>09 Dec 2003</release_date>
<rating>5.2</rating>
<platform>PlayStation 2, Xbox</platform>
<exclusive>No</exclusive>
<titleid/>
<overview>Relive the epic story from the film in the game of Crouching Tiger, Hidden Dragon. By stepping into the roles of each of the main characters--Li Mu Bai, Yu Shu Lien, Jen, and "Dark Cloud" Lo--you can unleash a variety of fighting techniques, weapons, stunts, and moves against brutally gifted enemies. Characters improve in skill throughout the game, learn new moves, and earn bonuses and rewards as they master the art of Wudan-style fighting.</overview>
</synopsis>
