<synopsis>
<sourcename>Fight Club-T</sourcename>
<foldername>Fight Club</foldername>
<title>Fight Club</title>
<developer>Genuine Games</developer>
<publisher>VU Games</publisher>
<features_general>Players 1-2, 480p, Custom Soundtracks, Dolby Digital</features_general>
<features_online>System Link 2-2, DLC</features_online>
<esrb>M</esrb>
<esrb_descriptors>Blood, Intense Violence, Language</esrb_descriptors>
<genre>Action, Fighting, 3D</genre>
<release_date>16 Nov 2004</release_date>
<rating>3.7</rating>
<platform>PlayStation 2, Xbox</platform>
<exclusive>No</exclusive>
<titleid>5655002F</titleid>
<overview>Broken bones, blood-stained and ripped clothes, and facial deformations are common in Fight Club. Based on the movie of the same name, Fight Club lets you play as one of the many characters from the movie as they fight until someone goes limp, taps out, or is beaten to a pulp. With three different fighting styles and intuitive controls, the game creates a challenging experience for fighting fans of all levels.</overview>
</synopsis>
