<synopsis>
<sourcename>Nintendo Pokemon Mini-T</sourcename>
<foldername>Pokemon Mini</foldername>
<title>Pokemon Mini</title>
<developer>Nintendo</developer>
<publisher>Nintendo</publisher>
<features_general>Handheld</features_general>
<features_online>N/A</features_online>
<esrb>Not Rated</esrb>
<esrb_descriptors>Not Rated</esrb_descriptors>
<genre>Video Games</genre>
<release_date>16 Nov 2001</release_date>
<rating>4.5</rating>
<platform>Handheld Game Console</platform>
<exclusive>N/A</exclusive>
<titleid>N/A</titleid>
<overview>The Pokemon Mini (officially stylized as Pokemon mini) is a handheld game console that was designed and manufactured by Nintendo and themed around the Pokemon media franchise. It is the smallest game system with interchangeable cartridges ever produced by Nintendo, weighing just under two and a half ounces (71 grams). It was first released in North America on November 16, 2001, then in Japan on December 14, 2001, and in Europe on March 15, 2002. The systems were released in three colors: Wooper Blue, Chikorita Green, and Smoochum Purple. Features of the Pokemon mini include an internal real-time clock, an infrared port used to facilitate multiplayer gaming, a reed switch for detecting shakes, and a motor used to implement force feedback. Pokemon Channel features playable emulated demo versions of Pokemon mini-games, including the console exclusive "Snorlax's Lunch Time". Games such as "Togepi's Adventure" were only released in Japan. Various hackers have reverse engineered the Pokemon mini (with the aid of the aforementioned emulator in Pokemon Channel) in order to enable the creation of homebrew games, and to allow official games to be played on other platforms (such as a PC, Dreamcast and various others).</overview>
</synopsis>
