<synopsis>
<sourcename>Def Jam Fight for NY-T</sourcename>
<foldername>Def Jam Fight for NY</foldername>
<title>Def Jam: Fight for NY</title>
<developer>AKI Corporation, EA Canada</developer>
<publisher>EA Games</publisher>
<features_general>Players 1-4, Dolby Digital</features_general>
<features_online/>
<esrb>M</esrb>
<esrb_descriptors>Blood, Sexual Themes, Strong Language, Violence</esrb_descriptors>
<genre>Action, Fighting, Wrestling</genre>
<release_date>20 Sep 2004</release_date>
<rating>8.4</rating>
<platform>GameCube, PlayStation 2, Xbox</platform>
<exclusive>No</exclusive>
<titleid>45410049</titleid>
<overview>Def Jam Fight for NY takes the battle for hip-hop domination into the fighting ring. More than 35 hip-hop artists and personalities--including Busta Rhymes, Carmen Electra, Lil' Kim, Ludacris, Method Man, Redman, Sean Paul, Slick Rick, and Snoop Dogg--face off in brutal wrestling matches. In the ring and on the streets, you'll join the battle as a New York City street fighter. The game challenges you to develop your own fighting style and seize control of the hip-hop underworld.</overview>
</synopsis>
