<synopsis>
<sourcename>Crimson skies-T</sourcename>
<foldername>Crimson skies</foldername>
<title>Crimson Skies: High Road to Revenge</title>
<developer>FASA Interactive</developer>
<publisher>Microsoft Game Studios</publisher>
<features_general>Players 1-4, 480p, Dolby Digital</features_general>
<features_online>System Link 1-16, DLC</features_online>
<esrb>T</esrb>
<esrb_descriptors>Suggestive Themes Violence</esrb_descriptors>
<genre>Simulation, Flight, WWII</genre>
<release_date>21 Oct 2003</release_date>
<rating>8.8</rating>
<platform>Xbox, Xbox 360</platform>
<exclusive>Yes</exclusive>
<titleid>4D530021</titleid>
<overview>Crimson Skies: High Road to Revenge combines thrilling aerial combat with the swashbuckling style of a Hollywood action-adventure movie. Set in an alternate 1930s world of gunship diplomacy and sinister intrigue, the game lets you pilot powerful aircraft--armed with detonator cannons, tesla guns, or remote-controlled rockets--against nefarious air pirates and behemoth war zeppelins. As the daring air pirate Nathan Zachary, leader of the infamous Fortune Hunters, you take off on a high-flying adventure, filled with daring escapes and damsels in distress.</overview>
</synopsis>
