<synopsis>
<title>Ed, Edd n Eddy: The Mis-Edventures</title>
<developer>A2M</developer>
<publisher>Midway Games</publisher>
<features_general>Single-player, 480p</features_general>
<features_online/>
<esrb>E</esrb>
<esrb_descriptors>Cartoon Violence, Crude Humor</esrb_descriptors>
<genre>Action, Platformer, 3D </genre>
<release_date>03 Nov 2005</release_date>
<rating>5.6</rating>
<platform>GameCube, Windows PC, PlayStation 2, Xbox</platform>
<exclusive>No</exclusive>
<titleid/>
<overview>In Ed, Edd n Eddy: The Mis-Edventures, play as all three Eds in this tag team adventure game and swap the lead character on the fly to take advantage of each of the their wacky abilities. You'll encounter all of your favorite characters from the show as you make your way through the cul-de-sac, collecting jawbreakers and scamming the neighborhood kids Execute special all-Ed formations like the Trampol-Edd, Tower-of-Eddy and Batter-Ed. Experience the slapstick humor, frantic pace, crazy art direction and outrageous fun of the show. From selling snow cones to collecting jawbreakers, players must complete wacky scam objectives to explore and unlock new areas of the game.</overview>
</synopsis>
