<synopsis>
<sourcename>Broken Sword - The Sleeping Dragon-T</sourcename>
<foldername>Broken Sword - The Sleeping Dragon</foldername>
<title>Broken Sword: The Sleeping Dragon</title>
<developer>Revolution Software</developer>
<publisher>The Adventure Company</publisher>
<features_general>Players 1, Dolby Digital</features_general>
<features_online/>
<esrb>T</esrb>
<esrb_descriptors>Blood and Gore, Mild Language, Violence</esrb_descriptors>
<genre>Adventure, Third-Person</genre>
<release_date>04 Dec 2003</release_date>
<rating>7.7</rating>
<platform>Windows PC, PlayStation 2, Xbox</platform>
<exclusive>No</exclusive>
<titleid>5451001D</titleid>
<overview>The murder of an underground hacker in Paris is just the beginning of this extraordinary adventure for George Stobbart and Nico Collard in Broken Sword: The Sleeping Dragon. Powerful seismic events shake the world, and an ancient conspiracy, the Secrets of the Templars, and a fiendish source of pure evil are responsible. As George, and later Nico, you will solve puzzles and find clues to move closer to the truth behind the murder. From the jungles of the Congo to the deceptive calm of the English countryside and gothic castles, time is running out for Earth, and only you can save it.</overview>
</synopsis>
