<synopsis>
<sourcename>Mad Dash Racing-T</sourcename>
<foldername>Mad Dash Racing</foldername>
<title>Mad Dash Racing</title>
<developer>Crystal Dynamics</developer>
<publisher>Eidos Interactive</publisher>
<features_general>Players 1-4, Dolby Digital</features_general>
<features_online/>
<esrb>T</esrb>
<esrb_descriptors>Comic Mischief, Mild Language, Mild Lyrics</esrb_descriptors>
<genre>Driving, Racing, On-foot</genre>
<release_date>14 Nov 2001</release_date>
<rating>6.5</rating>
<platform>Xbox</platform>
<exclusive>Yes</exclusive>
<titleid>45530001</titleid>
<overview>An original title designed for the Xbox video game system, Mad Dash Racing combines high-speed combat racing and 3D adventure action with a crew of motley characters for an insane multi-player competition Compete in a race for survival against the evil Hex, his dirty minions and your unforgiving friends. Glide across rivers of hot, steaming lava, bash through mammoth boulders, and slide down icy glaciers to beat the other racers and escape Hex's wicked wrath. Do whatever it takes to cross the finish line first from shooting weapon power-ups, planning scheming attacks, or knocking your opponents off track with a sharp elbow nudge.</overview>
</synopsis>
