<synopsis>
<title>Midway Arcade Treasures 2</title>
<developer>Digital Eclipse Software</developer>
<publisher>Midway Games</publisher>
<features_general>Single-player, Multiplayer, 480p, Dolby 5.1 Surround</features_general>
<features_online>Scoreboard or DLC</features_online>
<esrb>M</esrb>
<esrb_descriptors>Blood and Gore, Drug Reference, Intense Violence</esrb_descriptors>
<genre>Miscellaneous, Compilation </genre>
<release_date>11 Oct 2004</release_date>
<rating>7.4</rating>
<platform>GameCube, PlayStation 2, Xbox</platform>
<exclusive>No</exclusive>
<titleid/>
<overview>Midway Arcade Treasures 2 brings 20 classic arcade games back to next-generation consoles. This compilation includes such favorites as Mortal Kombat 1, 2, and 3, Spy Hunter 2, Gauntlet 2, NARC, Cyber-Ball, Wizard of Wor, Primal Rage, Steel Talons, Arch Rivals, and more. Each game can provide hours of retro-gaming entertainment. Midway Arcade Treasures 2 also features a documentary on the origins of these games.</overview>
</synopsis>
