<synopsis>
<sourcename>Half-Life 2-T</sourcename>
<foldername>Half-Life 2</foldername>
<title>Half-Life 2</title>
<developer>Valve Software</developer>
<publisher>EA Games</publisher>
<features_general>Players 1, 480p, Dolby Digital</features_general>
<features_online/>
<esrb>M</esrb>
<esrb_descriptors>Blood and Gore, Intense Violence</esrb_descriptors>
<genre>Action, Shooter, First-Person, Sci-Fi</genre>
<release_date>15 Nov 2005</release_date>
<rating>9</rating>
<platform>Windows PC, PlayStation 3, Xbox, Xbox 360</platform>
<exclusive>No</exclusive>
<titleid>45410091</titleid>
<overview>The follow-up to Half-Life continues the intense action and immersive storytelling from the original and adds more realism and responsiveness. Once again, you play the role of research scientist Gordon Freeman, who finds himself on an alien-infested Earth being picked to the bone, its resources depleted, and its populace dwindling. With your trusty crowbar and a variety of other weapons at your disposal, Freeman must rescue the world from the wrong he unleashed at Black Mesa.</overview>
</synopsis>
