<synopsis>
<sourcename>Commandos Strike Force-T</sourcename>
<foldername>Commandos Strike Force</foldername>
<title>Commandos: Strike Force</title>
<developer>Pyro Studios</developer>
<publisher>Eidos Interactive</publisher>
<features_general>Players 1-8, Dolby Digital</features_general>
<features_online>System Link 2-16</features_online>
<esrb>T</esrb>
<esrb_descriptors>Blood, Language, Suggestive Themes, Violence</esrb_descriptors>
<genre>Action, Shooter, First-Person, Tactical, Historic</genre>
<release_date>04 Apr 2006</release_date>
<rating>6.2</rating>
<platform>Windows PC, PlayStation 2, Xbox</platform>
<exclusive>No</exclusive>
<titleid>534300F9</titleid>
<overview>See if you have what it takes to join an elite team of commandos. Commandos Strike Force is a new WWII shooter that puts you in control of the three members of the Strike Force unit. During the game, you play as a Green Beret (an expert in combat and the use of heavy weaponry), a sniper (an expert marksman), and a spy (an expert in stealthy attacks).</overview>
</synopsis>
