<synopsis>
<sourcename>Sega Genesis</sourcename>
<foldername>Sega Genesis</foldername>
<title>Sega Genesis</title>
<developer>Sega</developer>
<publisher>Sega</publisher>
<features_general>Joypad</features_general>
<features_online>N/A</features_online>
<esrb>Not Rated</esrb>
<esrb_descriptors>Not Rated</esrb_descriptors>
<genre>Video Games</genre>
<release_date>14 Aug 1989</release_date>
<rating>8.5</rating>
<platform>Home Video Game Console</platform>
<exclusive>N/A</exclusive>
<titleid>N/A</titleid>
<overview>The Sega Genesis, known as the Mega Drive outside North America, is a 16-bit home video game console developed and sold by Sega. The Genesis is Sega's third console and the successor to the Master System. Sega released it as the Mega Drive in Japan in 1988, and later as the Genesis in North America in 1989. In 1990, it was distributed as the Mega Drive by Virgin Mastertronic in Europe, Ozisoft in Australasia, and Tec Toy in Brazil. In South Korea, it was distributed by Samsung as the Super Gam*Boy and later the Super Aladdin Boy. Designed by an R&amp;D team supervised by Hideki Sato and Masami Ishikawa, the Genesis was adapted from Sega's System 16 arcade board, centered on a Motorola 68000 processor as the CPU, a Zilog Z80 as a sound controller, and a video system supporting hardware sprites, tiles, and scrolling. It plays a library of more than 900 games created by Sega and a wide array of third-party publishers delivered on ROM-based cartridges. Several add-ons were released, including a Power Base Converter to play Master System games. It was released in several different versions, some created by third parties. Sega created two network services to support the Genesis: Sega Meganet and Sega Channel. In Japan, the Mega Drive fared poorly against its two main competitors, Nintendo's Super Famicom and NEC's PC Engine, but it achieved considerable success in North America, Brazil, and Europe. Contributing to its success were its library of arcade game ports, the popularity of Sega's Sonic the Hedgehog series, several popular sports franchises, and aggressive youth marketing that positioned the system as the cool console for adolescents. The North American release in 1991 of the Super Famicom, rebranded as the Super Nintendo Entertainment System, resulted in a fierce battle for market share in the United States and Europe that has often been termed as a "console war" by journalists and historians. As this contest drew increasing attention to the video game industry among the general public, the Genesis and several of its highest-profile games attracted significant legal scrutiny on matters involving reverse engineering and video game violence. Controversy surrounding violent games such as Night Trap and Mortal Kombat led Sega to create the Videogame Rating Council, a predecessor to the Entertainment Software Rating Board. 30.75 million first-party Genesis units were sold worldwide. In addition, Tec Toy sold an estimated three million licensed variants in Brazil, Majesco projected it would sell 1.5 million licensed variants of the system in the United States, and much smaller numbers were sold by Samsung in South Korea. By the mid-2010s, licensed third-party Genesis rereleases were still being sold by AtGames in North America and Europe. Many games have been rereleased in compilations or on online services such as the Nintendo Virtual Console, Xbox Live Arcade, PlayStation Network, and Steam. The Genesis was succeeded in 1994 by the Sega Saturn.</overview>
</synopsis>
