<synopsis>
<sourcename>Dead to Rights-T</sourcename>
<foldername>Dead to Rights</foldername>
<title>Dead to Rights</title>
<developer>Namco</developer>
<publisher>Namco</publisher>
<features_general>Players 1, Dolby Digital</features_general>
<features_online/>
<esrb>M</esrb>
<esrb_descriptors>Blood Mature Sexual Themes Violence</esrb_descriptors>
<genre>Action, Shooter, Third-Person</genre>
<release_date>19 Aug 2002</release_date>
<rating>7.3</rating>
<platform>GameCube, PlayStation 2, Xbox</platform>
<exclusive>No</exclusive>
<titleid>4541002C</titleid>
<overview>Meet Jack Slate, a cop framed for murder and facing execution. Slate escapes from Iron Point Maximum-Security Penitentiary to bring down the criminals that framed. In Dead to Rights, you play the role of Slate, as he fights through the hard streets and corrupt enemies of Grant City. There are plenty of ways go about bringing the conspirators to justice--Jack can perform disarm moves, shoot different weapons, pick locks, fight hand-to-hand, and play minigames such as arm wrestling, bench press, and dancing. In this gritty, crime-noir inspired epic, you're always on the run.</overview>
</synopsis>
