<synopsis>
<sourcename>Ghost Recon 2 Summit Strike-T</sourcename>
<foldername>Ghost Recon 2 Summit Strike</foldername>
<title>Tom Clancy's Ghost Recon 2: Summit Strike</title>
<developer>Red Storm Entertainment</developer>
<publisher>Ubisoft</publisher>
<features_general>Players 1-4, Dolby Digital</features_general>
<features_online>System Link 2-16, DLC</features_online>
<esrb>T</esrb>
<esrb_descriptors>Blood, Mild Language, Violence</esrb_descriptors>
<genre>Action, Shooter, First-Person, Tactical</genre>
<release_date>02 Aug 2005</release_date>
<rating>8.4</rating>
<platform>Xbox</platform>
<exclusive>Yes</exclusive>
<titleid>5553004D</titleid>
<overview>This expansion pack enhances the gameplay of Tom Clancy's Ghost Recon 2 and offers you more maps, missions, and weapons. It also brings an exciting new 11-mission single-player campaign and expanded multiplayer content. Follow the Ghosts as they work in concert with a Kazakh military specialist to track down an evil Pakistani warlord and arms dealer.</overview>
</synopsis>
