<synopsis>
<sourcename>Codename Kids Next Door-T</sourcename>
<foldername>Codename Kids Next Door</foldername>
<title>Codename Kids Next Door - Operation: V.I.D.E.O.G.A.M.E.</title>
<developer>High Voltage Software</developer>
<publisher>Global Star Software</publisher>
<features_general>Players 1, 480p, 720p, Dolby Digital</features_general>
<features_online/>
<esrb>E</esrb>
<esrb_descriptors>Cartoon Violence, Crude Humor</esrb_descriptors>
<genre>Action, Platformer, 3D</genre>
<release_date>11 Oct 2005</release_date>
<rating>5.7</rating>
<platform>GameCube, PlayStation 2, Xbox</platform>
<exclusive>No</exclusive>
<titleid>5454008A</titleid>
<overview>In this action-packed game, play as your favorite Codename: Kids Next Door™ operative, each with a different style. Utilize each Kids Next Door member's unique strengths and special skills as you dive, dodge, jump, and attack to complete your mission through 14 different levels. Engage in intense battles with Stickybeard, Knightbrace, The Toiletnator, and other notorious and nasty villains from the show. When Father masterminds an Arctic Prison break to free the villains, gather "Powuh Ups," collect and build your weapons, and get ready for an epic showdown on the Moon Base.</overview>
</synopsis>
