<synopsis>
<title>Blood Wake</title>
<developer>Stormfront Studios</developer>
<publisher>Microsoft Game Studios</publisher>
<features_general>Single-player, Multiplayer, 480p, Dolby 5.1 Surround</features_general>
<features_online/>
<esrb>T</esrb>
<esrb_descriptors>Violence</esrb_descriptors>
<genre>Action, Shooter, Third-Person, Sci-Fi</genre>
<release_date>28 Dec 2001</release_date>
<rating>7.1</rating>
<platform>Xbox</platform>
<exclusive>Yes</exclusive>
<titleid/>
<overview>Ambushed and left for dead by your evil brother, your consuming passion is revenge. Commanding a series of increasingly lethal gunboats, you'll go ship-to-ship in high-speed, high-stakes combat in a desperate big to preserve freedom on the Dragon Seas.</overview>
</synopsis>
