<synopsis>
<foldername>UnleashX-T</foldername>
<title>UnleashX</title>
<developer>Unknown</developer>
<publisher>Unknown</publisher>
<features_general>Xbox Dashboard, Skinnable via Config File</features_general>
<features_online>None</features_online>
<esrb>Not Rated by ESRB</esrb>
<esrb_descriptors>Not Rated by ESRB</esrb_descriptors>
<genre>Dashboard</genre>
<release_date>Unknown</release_date>
<rating>7.5</rating>
<platform>Modified Xbox</platform>
<exclusive>Yes</exclusive>
<titleid>00000000</titleid>
<overview>Arriving late to the Xbox modification scene, UnleashX has proven itself to be one of the most flexible and user friendly dashboards available. It is known for its extensive skinning capabilities, extra options, and functionality not found in most dashboards, including a text editor, screensaver, FTP client (and FTP server, though being an FTP server is a feature common to many unofficial Xbox dashboards), and gamesave browser/downloader, skin colour scheme and format menu. It is also one of the few Xbox dashboards that support game/application preview videos and preview images. This version has been patched by Rocky5 to fixed an FTP bug.</overview>
</synopsis>
