<synopsis>
<title>Marvel Nemesis: Rise of the Imperfects</title>
<developer>Nihilistic Software</developer>
<publisher>EA Games</publisher>
<features_general>Single-player, Multiplayer, 480p, Dolby 5.1 Surround</features_general>
<features_online>Online</features_online>
<esrb>T</esrb>
<esrb_descriptors>Blood, Language, Suggestive Themes, Violence</esrb_descriptors>
<genre>Action, Fighting, 3D </genre>
<release_date>20 Sep 2005</release_date>
<rating>5.8</rating>
<platform>GameCube, PlayStation 2, Xbox</platform>
<exclusive>No</exclusive>
<titleid/>
<overview>Marvel Nemesis: Rise of the Imperfects pits fierce Marvel superheroes against each other in a 3D fighting game. You can assume control of heroes such as the Punisher, Spider-Man, and Captain America, and duel with them in interactive and destructible environments. A new team of superheroes called the Imperfects joins the mayhem. You can play in single-player story mode to unlock hundreds of collectible awards, or you can play against other gamers in offline or online play. </overview>
</synopsis>
