<synopsis>
<title>Alter Echo</title>
<developer>Outrage Entertainment</developer>
<publisher>THQ</publisher>
<features_general>Single-player, 480p</features_general>
<features_online/>
<esrb>T</esrb>
<esrb_descriptors>Fantasy Violence</esrb_descriptors>
<genre>Action, Shooter, Third-Person, Fantasy</genre>
<release_date>19 Aug 2003</release_date>
<rating>6.2</rating>
<platform>PlayStation 2, Xbox</platform>
<exclusive>No</exclusive>
<titleid/>
<overview>In Alter Echo, interstellar corporations mine a new organic skin called Plast and use it to make biomachines. Nevin, who can physically alter Plast and time itself, discovers that illegal experiments have infected Plast with human consciousness, and now he must fight for survival against a world gone mad. As you battle wave after wave of biomechanical enemies, you can morph between Melee, Gun, and Stealth modes. A Time Dilation system allows players to freeze the action and cue up an unstoppable flurry of moves and special attacks.</overview>
</synopsis>
