<synopsis>
<sourcename>Capcom Vs SNK 2 EO-MB</sourcename>
<foldername>Capcom Vs SNK 2 EO</foldername>
<title>Capcom vs. SNK 2 EO</title>
<developer>Capcom Production Studio 1</developer>
<publisher>Capcom</publisher>
<features_general>Players 1-2</features_general>
<features_online/>
<esrb>T</esrb>
<esrb_descriptors>Suggestive Themes, Violence</esrb_descriptors>
<genre>Fighting</genre>
<release_date>11 Feb 2003</release_date>
<rating>8</rating>
<platform>GameCube, PlayStation 2, Xbox</platform>
<exclusive>No</exclusive>
<titleid>43430008</titleid>
<overview>Two fighting giants clash in Capcom vs. SNK 2 EO. Now you can choose from more than 44 characters from the Capcom and SNK fighting universes and pit them against one another in one-on-one slugfests. Before each match, you can customize your character's fighting style with one of six newTwo fighting giants clash in Capcom vs. SNK 2 EO. Now you can choose from more than 44 characters from the Capcom and SNK fighting universes and pit them against one another in one-on-one slugfests. Before each match, you can customize your character's fighting style with one of six new Grooves. Then, put your uppercuts, throws, and combos to the test in six gameplay modes featuring multiple tournaments. With the new Free Ratio System, you can easily determine the level of your fighter's strength.</overview>
</synopsis>
