<synopsis>
<sourcename>ESPN College Hoops 2K4-T</sourcename>
<foldername>ESPN College Hoops 2K4</foldername>
<title>College Hoops 2K4</title>
<developer>Visual Concepts</developer>
<publisher>Sega</publisher>
<features_general>Players 1-4, 480p, Dolby Digital</features_general>
<features_online>DLC</features_online>
<esrb>E</esrb>
<esrb_descriptors>No Descriptors</esrb_descriptors>
<genre>Sports, Traditional, Basketball, Sim</genre>
<release_date>13 Nov 2003</release_date>
<rating>8</rating>
<platform>PlayStation 2, Xbox</platform>
<exclusive>No</exclusive>
<titleid>53450024</titleid>
<overview>ESPN College Hoops brings you all the tradition, pride, and competitive spirit of real college basketball with authentic college gameplay, 3-D crowds, and over 100 mascots. Compete on both sides of the court with the new IsoMotion, listen to stellar commentary from Jay Bilas and Mike Patrick, or dive into the robust Legacy mode that allows you to recruit year-round. ESPN College Hoops has real play, real emotion, and real heart.</overview>
</synopsis>
