<synopsis>
<sourcename>Group S Challenge-T</sourcename>
<foldername>Group S Challenge</foldername>
<title>Group S Challenge</title>
<developer>Capcom</developer>
<publisher>Capcom</publisher>
<features_general>Players 1-2, Dolby Digital</features_general>
<features_online/>
<esrb>Not Rated by ESRB</esrb>
<esrb_descriptors>No Descriptors</esrb_descriptors>
<genre>Driving, Racing</genre>
<release_date>11 Nov 2003</release_date>
<rating>5.7</rating>
<platform>Xbox</platform>
<exclusive>Yes</exclusive>
<titleid>43430005</titleid>
<overview>Group S Challenge is a racing game somewhere between arcade and simulation: the game focuses on delivering a realistic driving experience, e.g. with physics modeled after real life, but features simple controls. Gameplay itself features the usual playing modes: splitscreen-duels against another player, time races and an arcade mode with instant races against the AI. The most important mode however is the Circuit Mode which is basically a career: the player starts with a few credits and tries to become the most successful driver. There are five leagues which want to be won. Of course the player receives prize money after accomplishments which is reinvested into upgrade his car or buying a new one altogether. Besides the races there are two additional ways to receive rewards: Line-In races (following the shown ideal line) for money and Head-to-Head races against a single opponent for a new car.</overview>
</synopsis>
