<synopsis>
<sourcename>Land of the Dead-MB</sourcename>
<foldername>Land of the Dead</foldername>
<title>Land of the Dead: Road to Fiddler's Green</title>
<developer>Brainbox Games</developer>
<publisher>Groove Games</publisher>
<features_general>Players 1, 480p, Dolby Digital</features_general>
<features_online>System Link 2-8</features_online>
<esrb>M</esrb>
<esrb_descriptors>Blood and Gore, Intense Violence</esrb_descriptors>
<genre>Action, Shooter, First-Person</genre>
<release_date>18 Oct 2005</release_date>
<rating>3.2</rating>
<platform>Windows PC, Xbox</platform>
<exclusive>Yes</exclusive>
<titleid>47560004</titleid>
<overview>Prepare for the Horror... A horrific plague breaks out and mobs of zombies are roaming throughout the tri-state area, killing people at random. You play Jack, a simple farmer who must rise beyond fear, and battle your way through hordes of terrifying undead who are bent on spreading the zombie plague. You encounter a mysterious man named Mr. Kaufman who has established Fiddler's Green, a fortified city, which holds the last of the living. He has offered you a special job, with an exceptional reward. An offer too good to turn down, but will you live long enough to reap the rewards? Based on the George A. Romero film, "Land of the Dead."</overview>
</synopsis>
