<synopsis>
<sourcename>Battle Engine Aquila-MB</sourcename>
<foldername>Battle Engine Aquila</foldername>
<title>Battle Engine Aquila</title>
<developer>Lost Toys</developer>
<publisher>Atari</publisher>
<features_general>Players 1-2, 480p</features_general>
<features_online/>
<esrb>T</esrb>
<esrb_descriptors>Violence</esrb_descriptors>
<genre>Action, Shooter, First-Person, Sci-Fi</genre>
<release_date>20 Jan 2003</release_date>
<rating>7.6</rating>
<platform>Windows PC, Xbox</platform>
<exclusive>No</exclusive>
<titleid>49470010</titleid>
<overview>An epic battle rages between the Forseti and the Muspell as the oceans rise and land disappears. The Forseti compel you to help protect their remaining land by taking charge of the ultimate war machine - the Battle Engine. Whether in walking or in flying mode, you have access to an array of destructive weapons and you receive constant direction from base command. By commanding a device so powerful and advanced, your battlefield decisions will shape the direction of each engagement and, ultimately, the entire war.</overview>
</synopsis>
