<synopsis>
<title>Godfather: The Game, The</title>
<developer>EA Games</developer>
<publisher>EA Games</publisher>
<features_general>Single-player, 480p, Dolby 5.1 Surround</features_general>
<features_online/>
<esrb>M</esrb>
<esrb_descriptors>Blood and Gore, Intense Violence, Strong Language, Suggestive Themes</esrb_descriptors>
<genre>Action Adventure, Historic </genre>
<release_date>21 Mar 2006</release_date>
<rating>7.7</rating>
<platform>Macintosh, Windows PC, PlayStation 2, Xbox</platform>
<exclusive>No</exclusive>
<titleid/>
<overview>You can move up the ranks of the Corleone crime family in The Godfather. In the game based on the book and movie, you go from humble beginnings of petty crime and rise to be the most powerful crime lord in all of New York. The Godfather features customizable characters and a persistent gameworld, where your decisions affect how other characters interact with you. Marlon Brando, James Caan, and Robert Duvall return to the franchise to voice characters in the game as well.</overview>
</synopsis>
