<synopsis>
<title>Break Nine: World Billiards Tournament[JP]</title>
<developer>ASK</developer>
<publisher>ASK</publisher>
<features_general>Single-player, Multiplayer</features_general>
<features_online/>
<esrb>Not Rated by ESRB</esrb>
<esrb_descriptors>No Descriptors</esrb_descriptors>
<genre>Sports, Billiards</genre>
<release_date>25 Jul 2002</release_date>
<rating>Not Rated</rating>
<platform>Xbox</platform>
<exclusive>Yes</exclusive>
<titleid/>
<overview>World Billiards Tournament: Break Nine is a Sports game, developed and published by ASK, which was released in Japan in 2002.</overview>
</synopsis>
