<synopsis>
<foldername>Daphne Laserdisc</foldername>
<title>Daphne LaserDisc</title>
<developer>LaserDisc</developer>
<publisher>LaserDisc</publisher>
<features_general>Joystick</features_general>
<features_online>N/A</features_online>
<esrb>Not Rated</esrb>
<esrb_descriptors>Not Rated</esrb_descriptors>
<genre>Video Games</genre>
<release_date>11 Dec 1978</release_date>
<rating>7.5</rating>
<platform>Arcade, Home Video Game Console</platform>
<exclusive>N/A</exclusive>
<titleid>N/A</titleid>
<overview>LaserDisc (abbreviated as LD) is a home video format and the first commercial optical disc storage medium, initially licensed, sold and marketed as MCA DiscoVision in the United States in 1978. Although the format was capable of offering higher-quality video and audio than its consumer rivals, VHS and Betamax videotape, LaserDisc never managed to gain widespread use in North America, largely due to high costs for the players and video titles themselves and the inability to record TV programs, however, it eventually did gain some traction in that region and became somewhat popular in the 1990s. It was not a popular format in Europe and Australia. By contrast, the format was much more popular in Japan and in the more affluent regions of Southeast Asia, such as Hong Kong, Singapore and Malaysia, and was the prevalent rental video medium in Hong Kong during the 1990s. Its superior video and audio quality made it a popular choice among videophiles and film enthusiasts during its lifespan. The technologies and concepts behind LaserDisc were the foundation for later optical disc formats including Compact Disc (CD), DVD and Blu-ray (BD). In the 1980s, some arcade games utilized LaserDisc players to add pre-rendered video to the action. Pioneer would attempt to use the same technology in a home console with the LaserActive. The format's instant-access capability made it possible for a new breed of LaserDisc-based video arcade games and several companies saw potential in using LaserDiscs for video games in the 1980s and 1990s, beginning in 1983 with Sega's Astron Belt. American Laser Games and Cinematronics produced elaborate arcade consoles that used the random-access features to create interactive movies such as Dragon's Lair and Space Ace. Similarly, the Pioneer Laseractive and Halcyon were introduced as home video game consoles that used LaserDisc media for their software.</overview>
</synopsis>
