<synopsis>
<sourcename>Bruce Lee QOD-T</sourcename>
<foldername>Bruce Lee QOD</foldername>
<title>Bruce Lee: Quest of the Dragon</title>
<developer>Ronin Entertainment</developer>
<publisher>Vivendi</publisher>
<features_general>Players 1</features_general>
<features_online/>
<esrb>T</esrb>
<esrb_descriptors>Suggestive Themes, Violence</esrb_descriptors>
<genre>Action, Beat-'Em-Up</genre>
<release_date>02 Jul 2002</release_date>
<rating>3.2</rating>
<platform>Xbox</platform>
<exclusive>Yes</exclusive>
<titleid>56550016</titleid>
<overview>You are Bruce Lee, legendary martial arts master. Your father has been kidnapped, your monastery desecrated, and the mystical Golden Relic - keeper of the ancient martial arts secrets - has been stolen. Investigate the mysterious Black Lotus crime organization and the beautiful and deadly Dragon Lady. Use your mastery of Jeet Kune Do to punch, kick, block and combo as you fight hordes of thugs and crime bosses. In this compelling blend of epic adventure and intense fighting action you finally get the chance to be Bruce Lee.</overview>
</synopsis>
