<synopsis>
<sourcename>Wolfenstien3D-T</sourcename>
<foldername>Wolfenstien3D</foldername>
<title>Wolfenstein 3D</title>
<developer>id Software (Ported by th0mas)</developer>
<publisher>Homebrew</publisher>
<features_general>Single-player, Multiplayer</features_general>
<features_online>None</features_online>
<esrb>Not Rated</esrb>
<esrb_descriptors>Not Rated</esrb_descriptors>
<genre>Action, Shooter, First-Person</genre>
<release_date>Mid 2000's</release_date>
<rating>6.5</rating>
<platform>Xbox, MS-DOS, Mac OS, Linux, SNES, 3DO, Jaguar, Apple IIGS</platform>
<exclusive>No</exclusive>
<titleid>02A7C771</titleid>
<overview>Wolfenstein 3D is a first-person shooter video game developed by id Software and published by Apogee Software and FormGen. Originally released on May 5, 1992 for MS-DOS, it was inspired by the 1981 Muse Software video game Castle Wolfenstein, and is the third installment in the Wolfenstein series. In Wolfenstein 3D, the player assumes the role of Allied spy William "B.J." Blazkowicz during World War II as he escapes from the Nazi German prison Castle Wolfenstein and carries out a series of crucial missions against the Nazis. The player traverses each of the game's levels to find an elevator to the next level or kill a final boss, fighting Nazi soldiers, dogs, and other enemies with knives and a variety of guns.</overview>
</synopsis>
