<synopsis>
<title>MLB Slugfest: Loaded</title>
<developer>Midway Games</developer>
<publisher>Midway Games</publisher>
<features_general>Single-player, 480p, Dolby 5.1 Surround</features_general>
<features_online>Online</features_online>
<esrb>T</esrb>
<esrb_descriptors>Comic Mischief Mild Violence</esrb_descriptors>
<genre>Sports, Traditional, Baseball, Arcade</genre>
<release_date>21 Jun 2004</release_date>
<rating>7.7</rating>
<platform>PlayStation 2, Xbox</platform>
<exclusive>No</exclusive>
<titleid/>
<overview>The MLB SlugFest series reloads its latest installment with more beanballs, hard tags, and over-the-top animations. All your favorite baseball players now have powers to run at turbo speed, make impossible catches, and survive hard collisions. This time, you can review diving catches or home-run scoreboard smashes through a customizable instant-replay feature. And for the first time in the series, the PlayStation 2 and Xbox Live users can take their players and teams online--complete with headset support. </overview>
</synopsis>
