<synopsis>
<sourcename>Hunter The Reckoning Redeemer-T</sourcename>
<foldername>Hunter The Reckoning Redeemer</foldername>
<title>Hunter: The Reckoning: Redeemer</title>
<developer>High Voltage Software</developer>
<publisher>Vivendi Universal</publisher>
<features_general>Players 1-4, Dolby Digital</features_general>
<features_online>DLC</features_online>
<esrb>M</esrb>
<esrb_descriptors>Blood and Gore, Violence</esrb_descriptors>
<genre>Action, Beat-'Em-Up</genre>
<release_date>28 Oct 2003</release_date>
<rating>7.2</rating>
<platform>Xbox</platform>
<exclusive>Yes</exclusive>
<titleid>5655002D</titleid>
<overview>Kaylie Winter has trained hard every day for the last 10 years since her parents were murdered. Eager for justice, she joins the group of Hunters as the undead threaten the streets of Ashcroft once again. Now you can play as Kaylie, or any one of the original Hunters, in Hunter the Reckoning: Redeemer and battle heartless zombies, bloodthirsty vampires, and relentless bosses. Fight solo or cooperatively with three other friends and master all the weapons, magical Edges, and special moves of a Hunter.</overview>
</synopsis>
