<synopsis>
<title>Genma Onimusha</title>
<developer>Capcom</developer>
<publisher>Capcom</publisher>
<features_general>Single-player, Multiplayer, 480p, Dolby 5.1 Surround</features_general>
<features_online/>
<esrb>M</esrb>
<esrb_descriptors>Blood and Gore, Violence</esrb_descriptors>
<genre>Action Adventure, Fantasy</genre>
<release_date>28 Jan 2002</release_date>
<rating>8.3</rating>
<platform>Xbox</platform>
<exclusive>No</exclusive>
<titleid/>
<overview>In a hillside castle surrounded by the chaos of war, strange disappearances are occurring and the noble Princess Yuki fears for her life. One lone swordsman, Samanosuke heeds the princess's call for help and rushes to her side, only to find she has mysteriously vanished. Outside the fortress walls, enemy troops attack the attack the castle and now Samanosuke must stand by his vow to avenge the princess and defeat a legion of demon warriors.</overview>
</synopsis>
