<synopsis>
<title>Blade II</title>
<developer>Mucky Foot Productions</developer>
<publisher>Activision</publisher>
<features_general>Single-player, 480p, Dolby 5.1 Surround</features_general>
<features_online/>
<esrb>M</esrb>
<esrb_descriptors>Blood and Gore, Strong Language, Violence</esrb_descriptors>
<genre>Action, Beat-'Em-Up</genre>
<release_date>03 Sep 2002</release_date>
<rating>5.3</rating>
<platform>PlayStation 2, Xbox</platform>
<exclusive>No</exclusive>
<titleid/>
<overview>For countless generations there was very little to stand between vampires and their human prey--until now. In Blade II, you are a vampire hunter who possesses all the strengths of a vampire, and none of its weaknesses. Skilled in martial arts, guns, and swordplay, you must protect humans from the hungering darkness. Keep the evil forces at bay with your 360-degree combat system and unstoppable rage powers. High-tech weaponry, destructive rage abilities, and over-the-top finishing moves turn every enemy encounter into an action-packed bloodbath.</overview>
</synopsis>
