<?xml version="1.0" encoding="UTF-8" standalone="yes"?>
<synopsis_Map>
	<synopsis>
		<foldername>Avalaunch</foldername>
		<title>Avalaunch</title>
		<developer>Unknown</developer>
		<publisher>Unknown</publisher>
		<features_general>Custom Skins</features_general>
		<features_online>Klink-Kai</features_online>
		<esrb>Not Rated by ESRB</esrb>
		<esrb_descriptors>Not Rated by ESRB</esrb_descriptors>
		<genre>Dashboard</genre>
		<release_date>Unknown</release_date>
		<rating>5.0</rating>
		<platform>Modified Xbox</platform>
		<exclusive>Yes</exclusive>
		<titleid>00000000</titleid>
		<overview>Avalaunch is a dashboard replacement for a modified Xbox. It provides new functionality to the Xbox such as a skinnable interface that lets you control how your Xbox looks. Avalaunch has the ability to download new skins from online websites, the ability to download saved games and to access the X-Link Kai (free) gaming network through an integrated interface.</overview>
	</synopsis>
	<synopsis>
		<foldername>Bioschecker-T</foldername>
		<title>Bioschecker</title>
		<developer>Unknown</developer>
		<publisher>Unknown</publisher>
		<features_general>Check Current BIOS</features_general>
		<features_online>None</features_online>
		<esrb>Not Rated by ESRB</esrb>
		<esrb_descriptors>Not Rated by ESRB</esrb_descriptors>
		<genre>Application</genre>
		<release_date>Unknown</release_date>
		<rating>5.0</rating>
		<platform>Modified Xbox</platform>
		<exclusive>Yes</exclusive>
		<titleid>00000000</titleid>
		<overview>Used to check the current bios that is flashed to the Xbox or connected modchip.</overview>
	</synopsis>
	<synopsis>
		<foldername>Chimp-T</foldername>
		<title>Chimp 261812</title>
		<developer>Unknown</developer>
		<publisher>Unknown</publisher>
		<features_general>Clone Softmod HDDs</features_general>
		<features_online>None</features_online>
		<esrb>Not Rated by ESRB</esrb>
		<esrb_descriptors>Not Rated by ESRB</esrb_descriptors>
		<genre>Application</genre>
		<release_date>Unknown</release_date>
		<rating>9.0</rating>
		<platform>Modified Xbox</platform>
		<exclusive>Yes</exclusive>
		<titleid>00000000</titleid>
		<overview>This is Rocky5's modified version of Chimp 261811, it has a cleaner UI and improvements to the cloning process and all round usage. This Xbox Application is used to clone Xbox hard drives via the Xbox itself.</overview>
	</synopsis>
	<synopsis>
		<foldername>ConfigMagic-T</foldername>
		<title>ConfigMagic v1.6.1</title>
		<developer>Unknown</developer>
		<publisher>Unknown</publisher>
		<features_general>HDD Utility</features_general>
		<features_online>None</features_online>
		<esrb>Not Rated by ESRB</esrb>
		<esrb_descriptors>Not Rated by ESRB</esrb_descriptors>
		<genre>Application</genre>
		<release_date>Unknown</release_date>
		<rating>7.0</rating>
		<platform>Modified Xbox</platform>
		<exclusive>Yes</exclusive>
		<titleid>00000000</titleid>
		<overview>This is Rocky5's updated ConfigMagic that fixes a few of the niggles v1.6 final had and also added a new skin and features.</overview>
	</synopsis>
	<synopsis>
		<foldername>Controller Test</foldername>
		<title>Controller Test</title>
		<developer>Unknown</developer>
		<publisher>Unknown</publisher>
		<features_general>Test Controller</features_general>
		<features_online>None</features_online>
		<esrb>Not Rated by ESRB</esrb>
		<esrb_descriptors>Not Rated by ESRB</esrb_descriptors>
		<genre>Application</genre>
		<release_date>Unknown</release_date>
		<rating>6.0</rating>
		<platform>Modified Xbox</platform>
		<exclusive>Yes</exclusive>
		<titleid>00000000</titleid>
		<overview>Application used to test your gamepad buttons and other stuff.</overview>
	</synopsis>
	<synopsis>
		<foldername>Dashloader Customizer</foldername>
		<title>Dashloader Customizer</title>
		<developer>Unknown</developer>
		<publisher>Unknown</publisher>
		<features_general>Custom Xbox Boot Locations</features_general>
		<features_online>None</features_online>
		<esrb>Not Rated by ESRB</esrb>
		<esrb_descriptors>Not Rated by ESRB</esrb_descriptors>
		<genre>Application</genre>
		<release_date>Unknown</release_date>
		<rating>9.0</rating>
		<platform>Modified Xbox</platform>
		<exclusive>Yes</exclusive>
		<titleid>00000000</titleid>
		<overview>This is an application that will let you configure the face buttons for launching custom paths with the face buttons of the pad on boot of the xbox.</overview>
	</synopsis>
	<synopsis>
		<foldername>dvd2xbox-T</foldername>
		<title>dvd2xbox</title>
		<developer>Unknown</developer>
		<publisher>Unknown</publisher>
		<features_general>Rip Xbox Games to HDD</features_general>
		<features_online>None</features_online>
		<esrb>Not Rated by ESRB</esrb>
		<esrb_descriptors>Not Rated by ESRB</esrb_descriptors>
		<genre>Application</genre>
		<release_date>Unknown</release_date>
		<rating>9.0</rating>
		<platform>Modified Xbox</platform>
		<exclusive>Yes</exclusive>
		<titleid>00000000</titleid>
		<overview>DVD2Xbox is an application for backing up Xbox game discs to a modded Xbox HDD. Includes ACL patches.</overview>
	</synopsis>
	<synopsis>
		<foldername>DVDX V2</foldername>
		<title>DVDX V2</title>
		<developer>Unknown</developer>
		<publisher>Unknown</publisher>
		<features_general>DVD Playback without Dongle</features_general>
		<features_online>None</features_online>
		<esrb>Not Rated by ESRB</esrb>
		<esrb_descriptors>Not Rated by ESRB</esrb_descriptors>
		<genre>Application</genre>
		<release_date>Unknown</release_date>
		<rating>7.5</rating>
		<platform>Modified Xbox</platform>
		<exclusive>Yes</exclusive>
		<titleid>00000000</titleid>
		<overview>DVD playback without the need for the official DVD dongle.</overview>
	</synopsis>
	<synopsis>
		<foldername>Eeprom Backuperer</foldername>
		<title>Eeprom Backuperer</title>
		<developer>Rocky5</developer>
		<publisher>Rocky5</publisher>
		<features_general>Back Up EEPROM</features_general>
		<features_online>None</features_online>
		<esrb>Not Rated by ESRB</esrb>
		<esrb_descriptors>Not Rated by ESRB</esrb_descriptors>
		<genre>Application</genre>
		<release_date>Unknown</release_date>
		<rating>8.0</rating>
		<platform>Modified Xbox</platform>
		<exclusive>Yes</exclusive>
		<titleid>00000000</titleid>
		<overview>Backs up your Xbox EEPROM. Rocky5 has integrated this into his softmod now. This is old but it does the job.</overview>
	</synopsis>
	<synopsis>
		<foldername>Emustation-T</foldername>
		<title>Emustation</title>
		<developer>Rocky5</developer>
		<publisher>Rocky5</publisher>
		<features_general>Highly Visual Xbox Frontend, Custom Themes, Built in Downloader Menu</features_general>
		<features_online>Download Menu for Updates and Content</features_online>
		<esrb>Not Rated by ESRB</esrb>
		<esrb_descriptors>Not Rated by ESRB</esrb_descriptors>
		<genre>Dashboard</genre>
		<release_date>Unknown</release_date>
		<rating>10.0</rating>
		<platform>Modified Xbox</platform>
		<exclusive>Yes</exclusive>
		<titleid>00000000</titleid>
		<overview>Rocky5's custom dashboard maintained in parallel to XBMC4Gamers. XBMC-Emustation is best suited to a user who likes a lot of emulators in their setup but also facilitates Xbox games, Homebrew and applications. Each system is visible on a carousel and games are scanned in upon installation so you have lists of games and artwork in your menu without needing to open individual standalone emulators to view your content. XBMC-Emustation allows direct launching of roms using extensive python scripts and a simple but elegant UI that also supports custom themes. Once you have an internet connection, the built in downloader menu allows you to update your dashboard and download content like Homebrew games, Applications, Xbox DLC and Mods and even artwork directly to your Xbox without the need for FTP. XBMC-Emustation is created from Open Source XBMC and is heavily source edited, bending the rules and pushing the bar for what was previously thought possible on the Original Xbox.</overview>
	</synopsis>
	<synopsis>
		<foldername>Evox-T</foldername>
		<title>Evolution-X</title>
		<developer>Unknown</developer>
		<publisher>Unknown</publisher>
		<features_general>Xbox Dashboard</features_general>
		<features_online>None</features_online>
		<esrb>Not Rated by ESRB</esrb>
		<esrb_descriptors>Not Rated by ESRB</esrb_descriptors>
		<genre>Dashboard</genre>
		<release_date>Unknown</release_date>
		<rating>6.5</rating>
		<platform>Modified Xbox</platform>
		<exclusive>Yes</exclusive>
		<titleid>00000000</titleid>
		<overview>Evolution-X was one of the first Xbox dashboards to incorporate in-game reset, activated by pushing down four buttons simultaneously on the joypad (Back, Start or Black, Left trigger, and Right trigger), which is now a feature available in every dashboard today. It is also highly customizable, allowing the user to set their own menu structure by modifying the Evox.ini configuration file and use custom skins which change the visual style of the dashboard and choose what system information it should display.</overview>
	</synopsis>
	<synopsis>
		<foldername>Mimesis Revived V3.22</foldername>
		<title>Mimesis Revived V3.22</title>
		<developer>Unknown</developer>
		<publisher>Unknown</publisher>
		<features_general>Download Custom Maps for Xbox Games</features_general>
		<features_online>None</features_online>
		<esrb>Not Rated by ESRB</esrb>
		<esrb_descriptors>Not Rated by ESRB</esrb_descriptors>
		<genre>Application</genre>
		<release_date>Unknown</release_date>
		<rating>5.0</rating>
		<platform>Modified Xbox</platform>
		<exclusive>Yes</exclusive>
		<titleid>00000000</titleid>
		<overview>Maintained by CrunchBite, Memises is a free content distribution application wich allows you to download modded maps directly to your Xbox. With Memisis you can also download these modded maps without a modded xbox. In all there are 15 games that you can use this with.</overview>
	</synopsis>
	<synopsis>
		<foldername>MSDashboard Modded</foldername>
		<title>MSDashboard Modded</title>
		<developer>Rocky5</developer>
		<publisher>Rocky5</publisher>
		<features_general>Change Xbox Resolution</features_general>
		<features_online>None</features_online>
		<esrb>Not Rated by ESRB</esrb>
		<esrb_descriptors>Not Rated by ESRB</esrb_descriptors>
		<genre>Dashboard</genre>
		<release_date>Unknown</release_date>
		<rating>7.5</rating>
		<platform>Modified Xbox</platform>
		<exclusive>Yes</exclusive>
		<titleid>00000000</titleid>
		<overview>Modded 4920 MSDash that mimics the 5960 MSDash. It has a clean folder structure ( one folder ) that keeps your C partition clean and clutter free. Use this to enable and disable resolutions on your Xbox. For XBMC4Gamers and XBMC-Emustation be sure to disable 1080i.</overview>
	</synopsis>
	<synopsis>
		<foldername>MSDashboard-T</foldername>
		<title>MSDashboard</title>
		<developer>Microsoft</developer>
		<publisher>Microsoft</publisher>
		<features_general>Change Xbox Resolution</features_general>
		<features_online>None</features_online>
		<esrb>Not Rated by ESRB</esrb>
		<esrb_descriptors>Not Rated by ESRB</esrb_descriptors>
		<genre>Dashboard</genre>
		<release_date>Unknown</release_date>
		<rating>5.0</rating>
		<platform>Modified Xbox</platform>
		<exclusive>Yes</exclusive>
		<titleid>00000000</titleid>
		<overview>This is the last Xbox dashboard that Microsoft released to the public. Use this to enable and disable resolutions on your Xbox. For XBMC4Gamers and XBMC-Emustation be sure to disable 1080i. Preferably use Rocky5's Modded 4920 MS Dash. </overview>
	</synopsis>
	<synopsis>
		<foldername>nkpatcher-T</foldername>
		<title>nkpatcher</title>
		<developer>Unknown</developer>
		<publisher>Unknown</publisher>
		<features_general>Null EEPROM and HDD Keys</features_general>
		<features_online>None</features_online>
		<esrb>Not Rated by ESRB</esrb>
		<esrb_descriptors>Not Rated by ESRB</esrb_descriptors>
		<genre>Application</genre>
		<release_date>Unknown</release_date>
		<rating>5.0</rating>
		<platform>Modified Xbox</platform>
		<exclusive>Yes</exclusive>
		<titleid>00000000</titleid>
		<overview>To be used in conjunction with Rocky5s softmod. This application allows you to null the eeprom and HDD keys for your Xbox.</overview>
	</synopsis>
	<synopsis>
		<foldername>NTSC-T</foldername>
		<title>Enigmah-X</title>
		<developer>Unknown</developer>
		<publisher>Unknown</publisher>
		<features_general>Switch Xbox Region</features_general>
		<features_online>None</features_online>
		<esrb>Not Rated by ESRB</esrb>
		<esrb_descriptors>Not Rated by ESRB</esrb_descriptors>
		<genre>Application</genre>
		<release_date>Unknown</release_date>
		<rating>8.0</rating>
		<platform>Modified Xbox</platform>
		<exclusive>Yes</exclusive>
		<titleid>00000000</titleid>
		<overview>An application used to switch the video region of your Xbox, from PAL to NTSC or NTSC to PAL.</overview>
	</synopsis>
	<synopsis>
		<foldername>UnleashX-T</foldername>
		<title>UnleashX</title>
		<developer>Unknown</developer>
		<publisher>Unknown</publisher>
		<features_general>Xbox Dashboard, Skinnable via Config File</features_general>
		<features_online>None</features_online>
		<esrb>Not Rated by ESRB</esrb>
		<esrb_descriptors>Not Rated by ESRB</esrb_descriptors>
		<genre>Dashboard</genre>
		<release_date>Unknown</release_date>
		<rating>7.5</rating>
		<platform>Modified Xbox</platform>
		<exclusive>Yes</exclusive>
		<titleid>00000000</titleid>
		<overview>Arriving late to the Xbox modification scene, UnleashX has proven itself to be one of the most flexible and user friendly dashboards available. It is known for its extensive skinning capabilities, extra options, and functionality not found in most dashboards, including a text editor, screensaver, FTP client (and FTP server, though being an FTP server is a feature common to many unofficial Xbox dashboards), and gamesave browser/downloader, skin colour scheme and format menu. It is also one of the few Xbox dashboards that support game/application preview videos and preview images. This version has been patched by Rocky5 to fixed an FTP bug.</overview>
	</synopsis>
	<synopsis>
		<foldername>User Interface-X</foldername>
		<title>User Interface-X</title>
		<developer>Unknown</developer>
		<publisher>Unknown</publisher>
		<features_general>Xbox Dashboard</features_general>
		<features_online>None</features_online>
		<esrb>Not Rated by ESRB</esrb>
		<esrb_descriptors>Not Rated by ESRB</esrb_descriptors>
		<genre>Dashboard</genre>
		<release_date>Unknown</release_date>
		<rating>5.0</rating>
		<platform>Modified Xbox</platform>
		<exclusive>Yes</exclusive>
		<titleid>00000000</titleid>
		<overview>User Interface X, usually abbreviated UIX is a replacement Dashboard for the Xbox.</overview>
	</synopsis>
	<synopsis>
		<foldername>XBMC4Gamers</foldername>
		<title>XBMC4Gamers</title>
		<developer>Rocky5</developer>
		<publisher>Rocky5</publisher>
		<features_general>Highly Visual Xbox Frontend, Multiple Profiles, Built in Downloader Menu</features_general>
		<features_online>Download Menu for Updates and Content</features_online>
		<esrb>Not Rated by ESRB</esrb>
		<esrb_descriptors>Not Rated by ESRB</esrb_descriptors>
		<genre>Dashboard</genre>
		<release_date>Unknown</release_date>
		<rating>10.0</rating>
		<platform>Modified Xbox</platform>
		<exclusive>Yes</exclusive>
		<titleid>00000000</titleid>
		<overview>Rocky5's custom dashboard maintained in parallel to XBMC-Emustation. XBMC4Gamers starting as a pet project called XBMC4Kids and a way to create multiple user profiles to filter content and to limit a users access to configuration and settings after the initial setup. It eventually evolved into XBMC4Gamers. After the arrival of XBMC-Emustation, XBMC4Gamers received numerous source edits to push the limits of XBMC RAM management without compromising speed and ease of use. XBMC4Gamers is suited to a user who prefers Xbox games to be the focal point of their setup, however, it does support Applications, Emulators and Homebrew. Once you have an internet connection, the built in downloader menu allows you to to update your dashboard and download content like Homebrew games, Applications, Xbox DLC, Mods and even artwork directly to your Xbox without the need for FTP. XBMC4Gamers is created from Open Source XBMC and is heavily source edited, bending the rules and pushing the bar for what was previously thought possible on the Original Xbox.</overview>
	</synopsis>
	<synopsis>
		<foldername>XBMC-T</foldername>
		<title>XBMC4Xbox 3.5.3</title>
		<developer>XBMC</developer>
		<publisher>XBMC</publisher>
		<features_general>SD Video Playback, Music Playback, Networking</features_general>
		<features_online>Weather and Media Metadata Scrapers</features_online>
		<esrb>Not Rated by ESRB</esrb>
		<esrb_descriptors>Not Rated by ESRB</esrb_descriptors>
		<genre>Dashboard</genre>
		<release_date>Unknown</release_date>
		<rating>7.5</rating>
		<platform>Modified Xbox</platform>
		<exclusive>Yes</exclusive>
		<titleid>00000000</titleid>
		<overview>XBMC4Xbox 3.5.3, released in early 2016 is the last update for XBMC4Xbox. It is a great dashboard for music and standard definition video. It has a heavy features list including Python 2.7 support, scrapers for media, skins and networking.</overview>
	</synopsis>
	<synopsis>
		<foldername>Xbox Artwork Installer</foldername>
		<title>Xbox Artwork Installer</title>
		<developer>Rocky5</developer>
		<publisher>Rocky5</publisher>
		<features_general>High Quality Complete Xbox Artwork with Automated Installation</features_general>
		<features_online>None</features_online>
		<esrb>Not Rated by ESRB</esrb>
		<esrb_descriptors>Not Rated by ESRB</esrb_descriptors>
		<genre>Application</genre>
		<release_date>Unknown</release_date>
		<rating>10.0</rating>
		<platform>Modified Xbox</platform>
		<exclusive>Yes</exclusive>
		<titleid>00000000</titleid>
		<overview>An application used to install XBMC4Gamers and XBMC-Emustation compatible artwork to your Xbox game folders. Have your Xbox games in F:\Games and/or G:\Games and launch this application. Follow the instructions in the application to install your artwork. The installer works by looking at the TitleID inside the default.xbe of each Xbox game to identify the correct artwork to be copied to the respective XBox game folder. Note, if two games have the same TitleID they will both get the same artwork. If this happens launch the application again and perform a manual artwork installation for the incorrectly populated XBox game.</overview>
	</synopsis>
	<synopsis>
		<foldername>XBP Table Writer</foldername>
		<title>XBP Table Writer</title>
		<developer>Unknown</developer>
		<publisher>Unknown</publisher>
		<features_general>Write XBP Table after formatting with UX or Evo-X</features_general>
		<features_online>None</features_online>
		<esrb>Not Rated by ESRB</esrb>
		<esrb_descriptors>Not Rated by ESRB</esrb_descriptors>
		<genre>Application</genre>
		<release_date>Unknown</release_date>
		<rating>7.0</rating>
		<platform>Modified Xbox</platform>
		<exclusive>Yes</exclusive>
		<titleid>00000000</titleid>
		<overview>This is to be used in conjunction with Chimp 261812 if your drive was formatted with UnleashX or EvolutionX dashboards.</overview>
	</synopsis>
	<synopsis>
		<foldername>XBPartitioner-T</foldername>
		<title>XBPartitioner v1.3</title>
		<developer>Unknown</developer>
		<publisher>Unknown</publisher>
		<features_general>Format Large HDDs</features_general>
		<features_online>None</features_online>
		<esrb>Not Rated by ESRB</esrb>
		<esrb_descriptors>Not Rated by ESRB</esrb_descriptors>
		<genre>Application</genre>
		<release_date>Unknown</release_date>
		<rating>9.0</rating>
		<platform>Modified Xbox</platform>
		<exclusive>Yes</exclusive>
		<titleid>00000000</titleid>
		<overview>Used to format your hard drive with the proper cluster sizes and partitioning layouts. If your drive is over 250GB use this app to format the extra partitions. Correct cluster size are as follows: 16k up to 250GB, 32k for 250GB to 500GB and 64k from 500GB to 3TB. Note, a 3TB drive will show you a maximum of 2.2TB due to file system limitations of FATX and LBA48. There is a glitch that the user also needs to be aware of. When formatting a large drive, format to a size smaller than the max allowed size. Exit the application and open it again. Then format to the correct size. This will save you losing data at a later stage and needing to reformat your F and G partitions.</overview>
	</synopsis>
	<synopsis>
		<foldername>XORED Mini</foldername>
		<title>XORED Mini</title>
		<developer>Unknown</developer>
		<publisher>Unknown</publisher>
		<features_general>Xbox Game Cheats Application</features_general>
		<features_online>None</features_online>
		<esrb>Not Rated by ESRB</esrb>
		<esrb_descriptors>Not Rated by ESRB</esrb_descriptors>
		<genre>Application</genre>
		<release_date>Unknown</release_date>
		<rating>5.0</rating>
		<platform>Modified Xbox</platform>
		<exclusive>Yes</exclusive>
		<titleid>00000000</titleid>
		<overview>An application for Xbox game trainers (cheats).</overview>
	</synopsis>
</synopsis_Map>