<synopsis>
<title>Mega Man Anniversary Collection</title>
<developer>Atomic Planet, Capcom Production Studio 2</developer>
<publisher>Capcom</publisher>
<features_general>Single-player, 480p</features_general>
<features_online/>
<esrb>E</esrb>
<esrb_descriptors>Cartoon Violence</esrb_descriptors>
<genre>Action, Platformer, 2D</genre>
<release_date>15 Mar 2005</release_date>
<rating>8</rating>
<platform>GameCube, PlayStation 2, Xbox</platform>
<exclusive>No</exclusive>
<titleid/>
<overview>For 15 years, Mega Man games have appeared on consoles, and now you can play ten of them on one disc. Mega Man Anniversary Collection includes the first eight Mega Man games plus two that were never-before-released in the U.S. See how Mega Man has crossed into other media by watching unlockable bonus features, including footage from the original Mega Man TV Series, over 30 original artwork selections, and remixed music tracks inspired by the series.</overview>
</synopsis>
