<synopsis>
<foldername>CHIP-8</foldername>
<title>CHIP-8</title>
<developer>Joseph Weisbecker</developer>
<publisher>COSMAC VIP, Telmac 1800</publisher>
<features_general>Keyboard</features_general>
<features_online>N/A</features_online>
<esrb>Not Rated</esrb>
<esrb_descriptors>Not Rated</esrb_descriptors>
<genre>Video Games</genre>
<release_date>1977</release_date>
<rating>6.0</rating>
<platform>Home Computer</platform>
<exclusive>N/A</exclusive>
<titleid>N/A</titleid>
<overview>CHIP-8 is an interpreted programming language, developed by Joseph Weisbecker. It was initially used on the COSMAC VIP and Telmac 1800 8-bit microcomputers in the mid-1970s. CHIP-8 programs are run on a CHIP-8 virtual machine. It was made to allow video games to be more easily programmed for these computers. Roughly twenty years after CHIP-8 was introduced, derived interpreters appeared for some models of graphing calculators (from the late 1980s onward, these handheld devices in many ways have more computing power than most mid-1970s microcomputers for hobbyists). An active community of users and developers existed in the late 1970s, beginning with ARESCO's "VIPer" newsletter whose first three issues revealed the machine code behind the CHIP-8 interpreter.</overview>
</synopsis>
