<synopsis>
<title>Grand Theft Auto III</title>
<developer>Rockstar Vienna</developer>
<publisher>Rockstar Games</publisher>
<features_general>Single-player, 480p, Dolby 5.1 Surround</features_general>
<features_online/>
<esrb>M</esrb>
<esrb_descriptors>Blood, Strong Language, Violence</esrb_descriptors>
<genre>Action Adventure</genre>
<release_date>31 Oct 2003</release_date>
<rating>9.7</rating>
<platform>Macintosh, Windows PC, PlayStation 2, Xbox</platform>
<exclusive>No</exclusive>
<titleid>5454000E</titleid>
<overview>Players are put at the heart of their very own gangster movie, and let loose in a fully-realised 3 dimensional city with a cast of hundreds, 50 plus vehicles, ranging from sports cars to ice cream trucks and from boats to buses, 3 hours of music, including opera, reggae, house, drum and bass, pop and disco, and a huge array of street ready weapons. </overview>
</synopsis>
