<synopsis>
<title>Medal of Honor: Rising Sun</title>
<developer>EA Los Angeles</developer>
<publisher>EA Games</publisher>
<features_general>Single-player, Multiplayer, 480p, Dolby 5.1 Surround</features_general>
<features_online/>
<esrb>T</esrb>
<esrb_descriptors>Violence</esrb_descriptors>
<genre>Action, Shooter, First-Person, Historic </genre>
<release_date>11 Nov 2003</release_date>
<rating>6.5</rating>
<platform>GameCube, Online, PlayStation 2, Xbox</platform>
<exclusive>No</exclusive>
<titleid>4541003F</titleid>
<overview>The epic saga of World War II continues with Medal of Honor Rising Sun. Play as Marine Corporal Joseph Griffin in a far-reaching tale of two brothers trying to prevent Japanese forces from dominating the Pacific. Rising Sun features real-life historical battles like Pearl Harbor and Guadalcanal, over 20 authentic WWII weapons, highly intelligent enemies, and a heroic cast of characters that fight on your side from level to level. Battle other soldiers in ten multiplayer levels and an all-new two-player co-op mode. </overview>
</synopsis>
