<synopsis>
<sourcename>Ford Bold Moves Street Racing-MT</sourcename>
<foldername>Ford Bold Moves Street Racing</foldername>
<title>Ford Bold Moves Street Racing</title>
<developer>Razorworks</developer>
<publisher>Eidos Interactive</publisher>
<features_general>Players 1-2, 480p, 720p, Custom Soundtracks, Dolby Digital</features_general>
<features_online>System Link 2-10</features_online>
<esrb>E</esrb>
<esrb_descriptors>No Descriptors</esrb_descriptors>
<genre>Driving, Racing, GT / Street</genre>
<release_date>25 Sep 2006</release_date>
<rating>4.4</rating>
<platform>Windows PC, PlayStation 2, PSP, Xbox</platform>
<exclusive>No</exclusive>
<titleid>454D001F</titleid>
<overview>Ford Street Racing takes you to the sun-bleached streets of LA for a unique fast-and-furious team racing experience. Ford Street Racing has a unique team feature, putting you in control of your own racing team. Whilst racing through the dangerous streets of LA, switch between your three cars racing and issuing commands to your team-mates to gain both a tactical and positional advantage. Block, draft and challenge your opponents as you get behind the wheel of any of the 18 officially licensed high performance Ford vehicles - from the classic 1970 Mk 1 Capri RS2600 to the recently announced 2007 Shelby Cobra GT500.</overview>
</synopsis>
