<synopsis>
<sourcename>FIFA Street 2-T</sourcename>
<foldername>FIFA Street 2</foldername>
<title>FIFA Street 2</title>
<developer>EA Canada</developer>
<publisher>EA Games</publisher>
<features_general>Players 1-4, 480p, 720p, Dolby Digital</features_general>
<features_online/>
<esrb>E</esrb>
<esrb_descriptors>No Descriptors</esrb_descriptors>
<genre>Sports, Soccer</genre>
<release_date>28 Feb 2006</release_date>
<rating>6.3</rating>
<platform>GameCube, PlayStation 2, Xbox</platform>
<exclusive>No</exclusive>
<titleid>45410085</titleid>
<overview>FIFA Street 2 is second installment in EA's four-on-four soccer game. FIFA Street 2 will feature improved controls, many more tricks, and a new juggle mechanic. Take part in game modes, such as friendly, rule the street, and skills challenge. Choose from 20 national teams and 300-plus real-life soccer stars. There are 10 playable venues ranging from London's Westway Leisure Center to the sandy beaches of Brazil.</overview>
</synopsis>
