<synopsis>
<title>IHRA Professional Drag Racing 2005</title>
<developer>Bethesda Softworks</developer>
<publisher>Bethesda Softworks</publisher>
<features_general>Single-player, Multiplayer</features_general>
<features_online/>
<esrb>E</esrb>
<esrb_descriptors>No Descriptors</esrb_descriptors>
<genre>Driving, Racing, Drag</genre>
<release_date>08 Nov 2004</release_date>
<rating>3.6</rating>
<platform>Windows PC, PlayStation 2, Xbox</platform>
<exclusive>No</exclusive>
<titleid/>
<overview>IHRA Professional Drag Racing 2005 takes the series to the next level with realistic physics and intense racing action. If you're looking for instant action, you can try the Arcade mode, where you can choose from single event, elimination, or two-player split-screen racing. For more in-depth play, Simulation mode lets you experience all the challenges of leading a top racing team through a professional competitive season, while you earn money and improve your car. Customize your car's look in the new paint shop, where you have access to multiple pain layers and sponsor and manufacturer decals.</overview>
</synopsis>
