<synopsis>
<sourcename>Modded Microsoft Dashboard v5960-T</sourcename>
<foldername>MSDash</foldername>
<title>MSDashboard Modded</title>
<developer>Rocky5</developer>
<publisher>Homebrew</publisher>
<features_general>Change Xbox Resolution</features_general>
<features_online>None</features_online>
<esrb>Not Rated by ESRB</esrb>
<esrb_descriptors>Not Rated by ESRB</esrb_descriptors>
<genre>Dashboard</genre>
<release_date>Unknown</release_date>
<rating>7.5</rating>
<platform>Modified Xbox</platform>
<exclusive>Yes</exclusive>
<titleid>FFFE0000</titleid>
<overview>Modded 4920 MSDash that mimics the 5960 MSDash. It has a clean folder structure ( one folder ) that keeps your C partition clean and clutter free. Use this to enable and disable resolutions on your Xbox. For XBMC4Gamers and XBMC-Emustation be sure to disable 1080i.</overview>
</synopsis>
