<synopsis>
<sourcename>BMX XXX-M</sourcename>
<foldername>BMX XXX</foldername>
<title>BMX XXX</title>
<developer>Z-Axis</developer>
<publisher>Acclaim Entertainment</publisher>
<features_general>Players 1-2, Custom Soundtracks, Dolby Digital</features_general>
<features_online/>
<esrb>M</esrb>
<esrb_descriptors>Comic Mischief, Nudity, Strong Language, Strong Sexual Content</esrb_descriptors>
<genre>Sports, Alternative, Biking</genre>
<release_date>10 Nov 2002</release_date>
<rating>5.8</rating>
<platform>GameCube, Xbox</platform>
<exclusive>No</exclusive>
<titleid>4143000E</titleid>
<overview>BMX XXX combines outrageous Hollywood humor and characters, beautiful women from New York's famous Scores club, incredible arcade action, and a dynamic soundtrack from current recording artists into one interactive entertainment experience. Laced with mature content, the game features Create-a-Rider mode, over 2,000 different tricks, eight massive levels, and a split-screen multiplayer mode for up to four players. The version for the PlayStation 2 has been edited to eliminate the topless nudity, while versions for the Xbox and the Nintendo GameCube do contain nudity.</overview>
</synopsis>
