<synopsis>
<title>Forgotten Realms: Demon Stone</title>
<developer>Stormfront Studios, Zono Incorporated</developer>
<publisher>Atari</publisher>
<features_general>Single-player, 480p</features_general>
<features_online/>
<esrb>T</esrb>
<esrb_descriptors>Blood, Violence</esrb_descriptors>
<genre>Action, Beat-'Em-Up </genre>
<release_date>17 Nov 2004</release_date>
<rating>7.2</rating>
<platform>Windows PC, PlayStation 2, Xbox</platform>
<exclusive>No</exclusive>
<titleid>49470074</titleid>
<overview>A lone fighter, a brash sorcerer, a hot-tempered rogue... Three warriors, brought together by an unexplainable force, must now embark on a dangerous journey. You can take control of all three characters, switching between them to battle an onslaught of enemies. Use melee moves, projectile power, and stealth attacks to defeat creatures from the world of Dungeons and Dragons. Set within the Forgotten Realms, Demon Stone's locations include Gemspark Mines, Jungles of Chult, Underdark, and more.</overview>
</synopsis>
