<synopsis>
<title>Chronicles of Narnia: The Lion, the Witch and the Wardrobe</title>
<developer>Traveller's Tales</developer>
<publisher>Buena Vista Games</publisher>
<features_general>Single-player, Multiplayer, 480p, Dolby 5.1 Surround</features_general>
<features_online/>
<esrb>T</esrb>
<esrb_descriptors>Fantasy Violence</esrb_descriptors>
<genre>Action-adventure</genre>
<release_date>14 Nov 2005</release_date>
<rating>7.2</rating>
<platform>GameCube, Windows PC, PlayStation 2, Xbox</platform>
<exclusive>No</exclusive>
<titleid/>
<overview>The malevolent White Witch has cast a 100-year winter on the land of Narnia, and you can help Aslan free his people in The Chronicles of Narnia: The Lion, the Witch and the Wardrobe. As the four children from the movie, you can battle fantastical creatures such as Minotaurs, Cyclops, Werewolves, and Wraiths. The game includes puzzle elements and is closely tied to the plot of the movie. Multiplayer cooperative play is also available. </overview>
</synopsis>
