<synopsis>
<sourcename>Baseball 2002 Battle Park Shingen (JPN)-T</sourcename>
<foldername>Baseball 2002 Battle Park Shingen</foldername>
<title>Baseball 2002, Battle Park Shingen</title>
<developer>Konami</developer>
<publisher>Konami</publisher>
<features_general>Players 1-2</features_general>
<features_online/>
<esrb>Not Rated by ESRB</esrb>
<esrb_descriptors>No Descriptors</esrb_descriptors>
<genre>Sports Simulation, Baseball</genre>
<release_date>28 Mar 2002</release_date>
<rating>No Rating</rating>
<platform>Xbox</platform>
<exclusive/>
<titleid>4B410002</titleid>
<overview>Japanese Baseball game developed by Konami.</overview>
</synopsis>
