<synopsis>
<title>Guilty Gear X2: Reload#</title>
<developer>Sammy</developer>
<publisher>Sammy</publisher>
<features_general>Single-player, Multiplayer, 480p</features_general>
<features_online>Online</features_online>
<esrb>T</esrb>
<esrb_descriptors>Blood, Sexual Themes, Violence</esrb_descriptors>
<genre>Action, Fighting, 2D </genre>
<release_date>2004</release_date>
<rating>8.6</rating>
<platform>Xbox, Xbox 360</platform>
<exclusive>Yes</exclusive>
<titleid/>
<overview>Now you can play Guilty Gear on Xbox Live in head-to-head competitions that feature real-time global rankings, voice support, and friend lists. Guilty Gear X2 #Reload lets you battle your favorite Guilty Gear characters in a variety of modes, including Arcade, Medal of Millionaire, Versus, Survival, Story, Mission, and Training. You can master all the moves, combos, and signature kills of 20 characters plus hidden and EX characters. Fine-tune your skills so that you can defeat the Gears--intelligent creatures that threaten human control of the planet.</overview>
</synopsis>
