<synopsis>
<sourcename>ESPN NFL Primetime 2002-B</sourcename>
<foldername>ESPN NFL Primetime 2002</foldername>
<title>NFL PrimeTime 2002</title>
<developer>Farsight Technologies</developer>
<publisher>Konami</publisher>
<features_general>Players 1-4</features_general>
<features_online/>
<esrb>E</esrb>
<esrb_descriptors>No Descriptors</esrb_descriptors>
<genre>Sports, Traditional, Football, Sim</genre>
<release_date>22 Jan 2002</release_date>
<rating>5.7</rating>
<platform>Windows PC, PlayStation 2, Xbox</platform>
<exclusive>No</exclusive>
<titleid>4B4E0003</titleid>
<overview>ESPN NFL PrimeTime 2002 lets you control all the action of the NFL, from the field to the front office. You play the game while Berman and Jackson provide unparalelled commentary and play-by-play. It's the NFL with the personality you'd expect from the Worldwide Leader in Sports - ESPN.</overview>
</synopsis>
