<synopsis>
<sourcename>Bios Checker v5.0-T</sourcename>
<foldername>Bios Checker v5.0</foldername>
<title>Bios Checker v5.0</title>
<developer>Unknown</developer>
<publisher>Homebrew</publisher>
<features_general>Check Current BIOS</features_general>
<features_online>None</features_online>
<esrb>Not Rated by ESRB</esrb>
<esrb_descriptors>Not Rated by ESRB</esrb_descriptors>
<genre>Application</genre>
<release_date>Unknown</release_date>
<rating>5</rating>
<platform>Modified Xbox</platform>
<exclusive>Yes</exclusive>
<titleid>FFFF05AE</titleid>
<overview>Used to check the current bios that is flashed to the Xbox or connected modchip.</overview>
</synopsis>
