<synopsis>
<title>Crime Life: Gang Wars</title>
<developer>Hothouse Creations</developer>
<publisher>Konami</publisher>
<features_general>Single-player, Dolby 5.1 Surround</features_general>
<features_online/>
<esrb>M</esrb>
<esrb_descriptors>Blood, Intense Violence, Strong Language, Use of Alcohol</esrb_descriptors>
<genre> Action Adventure</genre>
<release_date>22 Nov 2005</release_date>
<rating>3</rating>
<platform>Windows PC, Xbox</platform>
<exclusive>No</exclusive>
<titleid/>
<overview>Crime Life: Gang Wars is a free roaming crime-based beat em up. Mixing action and strategy elements within a gritty, detailed storyline to explore modern-day urban gang culture, the player is cast as a small-time homie who must work their way through the ranks to become a gang leader. Urban culture and the Hip Hop lifestyle is the focus of Crime Life: Gang Wars. The game boasts a strong narrative that shows the dangers and strains associated with gang membership, and promotes a strong sense of morality via game elements inspired by classic gang movies, such as "New Jack City," "Boyz 'n the Hood" and "Menace to Society." </overview>
</synopsis>
