<synopsis>
<title>FILA  World Tour Tennis</title>
<developer>Hokus Pokus Games</developer>
<publisher>THQ</publisher>
<features_general>Single-player, Multiplayer</features_general>
<features_online/>
<esrb>Not Rated by ESRB</esrb>
<esrb_descriptors>None</esrb_descriptors>
<genre>Sport, Tennis</genre>
<release_date>2002</release_date>
<rating>Not Rated</rating>
<platform>Windows PC, Xbox</platform>
<exclusive/>
<titleid/>
<overview>Fila World Tour Tennis is a tennis simulation with a focus on fast-pace matches. The heart of the game is the career mode where the player creates his character and starts on place 100 of the world ranking. To become number one he has to win matches and tournaments - but he is on a very limited budget. Every participation costs money and if the first match is no success the career is practically over. The player character also has stats which have an influence on the performance. These can be improved by buying better equipment or absolving costly training sessions which are mini games like hitting balls through rings. Other playing options are instant matches or single tournaments. The game features 50 pre-created player characters and 24 courts which have to be unlocked in the career mode. The license is restricted to the sportswear.</overview>
</synopsis>
