<synopsis>
<title>Mat Hoffman's Pro BMX 2</title>
<developer>Rainbow Studios</developer>
<publisher>Activision</publisher>
<features_general>Single-player, Multiplayer, 480p, Dolby 5.1 Surround</features_general>
<features_online/>
<esrb>T</esrb>
<esrb_descriptors>Blood, Mild Lyrics, Violence</esrb_descriptors>
<genre>Sports, Alternative, Biking</genre>
<release_date>12 Aug 2002</release_date>
<rating>7.5</rating>
<platform>GameCube, PlayStation 2, Xbox</platform>
<exclusive>No</exclusive>
<titleid/>
<overview>Matt Hoffman's Pro BMX 2 takes you for a ride through free-roaming cities, where you can perform a variety of stunts on your bike. Choose from an array of professional riders--including Matt Hoffman, Ruben Alcantara, Cory Nastazio, Mike Escamilla, Nathan Wessel, and Joe Kowalski--and begin a skating career. You'll travel to eight expansive cities that come to life with helicopters, boats, cars, and pedestrians. Then, challenge your friend in Push mode, where every time you score big, your side of the screen gets bigger while your friend's shrinks. </overview>
</synopsis>
