<synopsis>
<sourcename>Atari 800-T</sourcename>
<foldername>Atari 800</foldername>
<title>Atari 800</title>
<developer>Atari</developer>
<publisher>Atari</publisher>
<features_general>Keyboard</features_general>
<features_online>N/A</features_online>
<esrb>Not Rated</esrb>
<esrb_descriptors>Not Rated</esrb_descriptors>
<genre>Video Games</genre>
<release_date>01 Nov 1979</release_date>
<rating>7</rating>
<platform>Home Computer</platform>
<exclusive>N/A</exclusive>
<titleid>N/A</titleid>
<overview>The Atari 8-bit family is a series of 8-bit home computers introduced by Atari, Inc. in 1979 and manufactured until 1992. All of the machines in the family are technically similar and differ primarily in packaging. They are based on the MOS Technology 6502 CPU running at 1.79 MHz, and were the first home computers designed with custom co-processor chips. This architecture enabled graphics and sound capabilities more advanced than most contemporary machines, and gaming on the platform was a major draw. The first-person space combat simulator Star Raiders is considered the platform's killer app. The systems launched with a series of plug and play peripherals that used the Atari SIO serial bus system, an early analog of USB. To meet stringent FCC requirements, much of the circuitry of the original machines is enclosed in a cast aluminum block, which made them physically robust but expensive to produce. Over the following decade, the 400 and 800 were replaced by the XL series, then the XE. The XL and XE are much lighter in construction and less expensive to build, while also having Atari BASIC built-in and reducing the number of joystick ports from 4 to 2. The 130XE, released in 1985, increased the memory to 128K of bank-switched RAM. The Atari 8-bit computer line sold two million units during its major production run between late 1979 and mid-1985. They were not only sold through dedicated computer retailers, but department stores such as Sears, using an in-store demo to attract customers. The primary competition in the worldwide market came several years later when the Commodore 64, the first computer to offer similar graphics performance, was introduced in 1982. Atari also found a strong market in Eastern Europe and had something of a renaissance in the early 1990s as these countries joined a uniting Europe. In 1992, Atari Corporation officially dropped all remaining support of the 8-bit line. Atari, Inc., used the term "Atari 800 [or 400] home computer system," often combining the system names into "Atari 400/800," or simply "Atari home computers." The "Atari 8-bit family" label was not contemporaneous.</overview>
</synopsis>
