<synopsis>
<title>Crash Tag Team Racing</title>
<developer>Radical Entertainment</developer>
<publisher>Sierra Entertainment</publisher>
<features_general>Single-player, 480p, Dolby 5.1 Surround</features_general>
<features_online>Max Player on System Link: 8</features_online>
<esrb>E</esrb>
<esrb_descriptors>Cartoon Violence, Crude Humor</esrb_descriptors>
<genre>Racing</genre>
<release_date>20 Oct 2005</release_date>
<rating>6.9</rating>
<platform>GameCube, Online, PlayStation 2, PSP, Xbox</platform>
<exclusive>No</exclusive>
<titleid/>
<overview>For the first time ever in a racing game, players will be able to fuse two cars together on the fly to form a super vehicle with the all-new "clashing" technology. In Crash Tag Team Racing, players can combine their car with an opponent's mid-race to make a super-car equipped with a powerful turret gun. When clashed, players can either get behind the wheel and drive or fire an onboard weapon. Each character has his or her own uniquely deadly 360˚ rotating turret. Players can continue the action out of the car where they can explore the entire world on foot and collect upgrades for their cars and unlock bonus tracks.</overview>
</synopsis>
