<synopsis>
<sourcename>Dark Summit-T</sourcename>
<foldername>Dark Summit</foldername>
<title>Dark Summit</title>
<developer>Radical Entertainment</developer>
<publisher>THQ</publisher>
<features_general>Players 1-2</features_general>
<features_online/>
<esrb>T</esrb>
<esrb_descriptors>Comic Mischief, Mild Language</esrb_descriptors>
<genre>Sports, Alternative, Snowboarding</genre>
<release_date>12 Nov 2001</release_date>
<rating>7.7</rating>
<platform>GameCube, PlayStation 2, Xbox</platform>
<exclusive>No</exclusive>
<titleid>54510004</titleid>
<overview>Uncover the mystery atop Mount Garrick The military has mysteriously closed the summit of Mount Garrick, and the evil Chief O'Leary is trying desperately to drive boarders off the mountain. Do you have what it takes to explore this vast terrain and expose the conspiracy shrouded at the summit? With unique, groundbreaking game design, Dark Summit is the only action-adventure snowboarding game with mission-based objectives and a compelling storyline.</overview>
</synopsis>
