<synopsis>
<sourcename>Battlestar Galactica-T</sourcename>
<foldername>Battlestar Galactica</foldername>
<title>Battlestar Galactica</title>
<developer>Warthog Games</developer>
<publisher>Vivendi Universal</publisher>
<features_general>Players 1, Custom Soundtracks, Dolby Digital</features_general>
<features_online/>
<esrb>T</esrb>
<esrb_descriptors>Mild Violence</esrb_descriptors>
<genre>Simulation, Sci-Fi, Small Spaceship</genre>
<release_date>18 Nov 2003</release_date>
<rating>6.3</rating>
<platform>PlayStation 2, Xbox</platform>
<exclusive>No</exclusive>
<titleid>5655000F</titleid>
<overview>The war between man and machine rages on as the mechanical Cylons return to wipe out the human race. Begin your heroic journey through the Battlestar Galactica universe as the fearless, young Adama, and help lead the fleet of Colonials to survival. Choose from a wide array of ships, fromThe war between man and machine rages on as the mechanical Cylons return to wipe out the human race. Begin your heroic journey through the Battlestar Galactica universe as the fearless, young Adama, and help lead the fleet of Colonials to survival. Choose from a wide array of ships, from sleek Vipers to heavy Bombers, and engage various classes of Cylon vessels, including Raiders and Marauders. As you attack, escort, or defend, your team of three wingmen will increase in experience and skill.</overview>
</synopsis>
