<synopsis>
<sourcename>Microsoft Dashboard v5960-T</sourcename>
<foldername>MSDash</foldername>
<title>MSDashboard</title>
<developer>Microsoft</developer>
<publisher>Microsoft</publisher>
<features_general>Change Xbox Resolution</features_general>
<features_online>None</features_online>
<esrb>Not Rated by ESRB</esrb>
<esrb_descriptors>Not Rated by ESRB</esrb_descriptors>
<genre>Dashboard</genre>
<release_date>Unknown</release_date>
<rating>5</rating>
<platform>Modified Xbox</platform>
<exclusive>Yes</exclusive>
<titleid>FFFE0000</titleid>
<overview>This is the last Xbox dashboard that Microsoft released to the public. Use this to enable and disable resolutions on your Xbox. For XBMC4Gamers and XBMC-Emustation be sure to disable 1080i. Preferably use Rocky5's Modded 4920 MS Dash.</overview>
</synopsis>
