<synopsis>
<foldername>XORED Mini</foldername>
<title>XORED Mini</title>
<developer>Unknown</developer>
<publisher>Unknown</publisher>
<features_general>Xbox Game Cheats Application</features_general>
<features_online>None</features_online>
<esrb>Not Rated by ESRB</esrb>
<esrb_descriptors>Not Rated by ESRB</esrb_descriptors>
<genre>Application</genre>
<release_date>Unknown</release_date>
<rating>5.0</rating>
<platform>Modified Xbox</platform>
<exclusive>Yes</exclusive>
<titleid>00000000</titleid>
<overview>An application for Xbox game trainers (cheats).</overview>
</synopsis>
