<synopsis>
<foldername>Atari 5200</foldername>
<title>Atari 5200</title>
<developer>Atari</developer>
<publisher>Atari</publisher>
<features_general>Joystick, Keypad</features_general>
<features_online>N/A</features_online>
<esrb>Not Rated</esrb>
<esrb_descriptors>Not Rated</esrb_descriptors>
<genre>Video Games</genre>
<release_date>01 Nov 1982</release_date>
<rating>6.4</rating>
<platform>Home Video Game Console</platform>
<exclusive>N/A</exclusive>
<titleid>N/A</titleid>
<overview>The Atari 5200 SuperSystem, commonly known as the Atari 5200, is a home video game console that was introduced in 1982 by Atari Inc. as a higher-end complementary console for the popular Atari 2600.The 5200 was created to compete with the Intellivision, but wound up more directly competing with the ColecoVision shortly after its release.The 5200's internal hardware is almost identical to that of Atari's 8-bit computers, although software is not directly compatible between the two systems. The 5200's controllers have an analog joystick and a numeric keypad along with start, pause, and reset buttons. The 360-degree non-centering joystick was touted as offering more control than the eight-way joystick controller offered with the Atari 2600. On May 21, 1984, during a press conference at which the Atari 7800 was introduced, company executives revealed that the 5200 had been discontinued after just two years on the market.Total sales of the 5200 were reportedly in excess of 1 million units, far short of its predecessor's sales of over 30 million.</overview>
</synopsis>
