<synopsis>
<sourcename>Abombniballx (V3)-T</sourcename>
<foldername>Abombniballx (V3)</foldername>
<title>Abombniball</title>
<developer>Akawaka/freakdave</developer>
<publisher>Homebrew</publisher>
<features_general>Single-player</features_general>
<features_online>None</features_online>
<esrb>Not Rated</esrb>
<esrb_descriptors>Not Rated</esrb_descriptors>
<genre>Puzzle</genre>
<release_date>Mid 2000's</release_date>
<rating>5.0</rating>
<platform>Xbox</platform>
<exclusive>Yes</exclusive>
<titleid>00001341</titleid>
<overview>Abombniballx is a XBOX port, which makes use of lantus' SDLx library. The original game was made by Martin Donlon (Akawaka). The objective of Abombniball is to defuse all the explosives on each level. As a ball, this would normally be a simple task, however each level is filled with traps and devious puzzles placed there by...oh...lets say "Dr. Y-Front", your arch-nemesis (he's very evil). These traps take the form of special tiles which disappear or do other nasty things.</overview>
</synopsis>
