<synopsis>
<sourcename>Aliens Versus Predator Extinction-T</sourcename>
<foldername>Aliens Versus Predator Extinction</foldername>
<title>Aliens vs Predator: Extinction</title>
<developer>Zono Incorporated</developer>
<publisher>EA Games</publisher>
<features_general>Players 1, Dolby Digital</features_general>
<features_online/>
<esrb>T</esrb>
<esrb_descriptors>Blood and Gore, Violence</esrb_descriptors>
<genre>Strategy, Real-Time, Sci-Fi</genre>
<release_date>30 Jul 2003</release_date>
<rating>6.4</rating>
<platform>PlayStation 2, Xbox</platform>
<exclusive>No</exclusive>
<titleid>56550022</titleid>
<overview>On a cold distant planet, the war against extinction begins, and your command skills will determine its outcome. Lead an Alien hive, a Predator clan, or an elite squad of Colonial Marines to victory in 21 single-player missions. Each race has its own characteristics, abilities, weapons, and vehicles to suit your style of play. The survival of your species depends on your ability to use powerful resources and strategies, including pulse rifles, exosuits, and air strikes.</overview>
</synopsis>
