<synopsis>
<title>Incredibles: Rise of the Underminer</title>
<developer>Heavy Iron Studios</developer>
<publisher>THQ</publisher>
<features_general>Single-player, 480p, 16:9, Dolby 5.1 Surround</features_general>
<features_online/>
<esrb>E</esrb>
<esrb_descriptors>Cartoon Violence</esrb_descriptors>
<genre>Action, Platformer, 3D</genre>
<release_date>01 Nov 2005</release_date>
<rating>6.3</rating>
<platform>GameCube, Macintosh, Windows PC, PlayStation 2, Xbox</platform>
<exclusive>No</exclusive>
<titleid/>
<overview>When the evil Underminer rises to the surface with a sinister plan to rule the world, it's up to Mr. Incredible and his super cool pal Frozone to save the day. While Mrs. Incredible, Violet, Dash, and Jack-Jack take care of things topside, Mr. Incredible and Frozone race underground to put a stop to the Underminer's dastardly plans and bury the diabolitical baddie once and for all All-new action/adventure game. Play as Mr. Incredible or Frozone at anytime. Cooperative game-play with the ability to switch characters at any point in the game. Update your character's moves and abilities as you progress through the game.</overview>
</synopsis>
