<synopsis>
<foldername>AbbayeX</foldername>
<title>AbbayeX</title>
<developer>HCF/Locomalito</developer>
<publisher>Homebrew</publisher>
<features_general>Single-player</features_general>
<features_online>None</features_online>
<esrb>Not Rated</esrb>
<esrb_descriptors>Not Rated</esrb_descriptors>
<genre>Adventure</genre>
<release_date>Mid 2000's</release_date>
<rating>5.0</rating>
<platform>Xbox, Linux, Amiga, ZX Spectrum</platform>
<exclusive>No</exclusive>
<titleid>0</titleid>
<overview>AbbayeX is a port of the game "L'Abbaye des Morts". It is a retro 2D game created by the Spanish coder Locomalito. L'Abbaye des Morts was later ported to other plattforms like Linux, Amiga, ZX Spectrum. It is an amazing retro style game, with pure 2D graphics, chiptune music, and a gameplay very similar to the classical videogames of the 80s (hard gameplay, no saving, and the full game can be beat in one session).</overview>
</synopsis>
