<synopsis>
<title>Black Stone: Magic and Steel / Ex-Chaser [JP]</title>
<developer>XPEC Entertainment</developer>
<publisher>Xicat Interactive</publisher>
<features_general>Single-player</features_general>
<features_online/>
<esrb>T</esrb>
<esrb_descriptors>Blood, Violence</esrb_descriptors>
<genre>Role-Playing, Console-style RPG</genre>
<release_date>19 Mar 2003</release_date>
<rating>4.4</rating>
<platform>Xbox</platform>
<exclusive>Yes</exclusive>
<titleid/>
<overview>The protectors of good are ready to destroy all that is evil Magic and Steel is the must-have action andThe protectors of good are ready to destroy all that is evil Magic and Steel is the must-have action and roleplaying game on Xbox.</overview>
</synopsis>
