<synopsis>
<title>Galleon</title>
<developer>Confounding Factor</developer>
<publisher>SCi</publisher>
<features_general>Single-player, 480p, Dolby 5.1 Surround</features_general>
<features_online/>
<esrb>T</esrb>
<esrb_descriptors>Alcohol Reference, Suggestive Themes, Violence</esrb_descriptors>
<genre>Action Adventure, Fantasy </genre>
<release_date>03 Aug 2004</release_date>
<rating>6.7</rating>
<platform>Xbox</platform>
<exclusive>Yes</exclusive>
<titleid/>
<overview>Galleon takes you from the bustling port of Akbah to islands populated with giant monsters, evil slave lords, and damsels in distress. You'll follow Captain Rhama Sabrier as he investigates the origins of a mysterious ship that could hold the key to incredible powers and untold wealth. Rhama's journey takes you to six island locations filled with action, exploration, and challenges. While the landscape can be harsh, you'll have Rhama's backflip and climbing skills and the abilities of your crew members to aid you on your journey.</overview>
</synopsis>
