<synopsis>
<sourcename>Cabelas Deer Hunter 2004-B</sourcename>
<foldername>Cabelas Deer Hunter 2004</foldername>
<title>Cabela's Deer Hunt: 2004 Season</title>
<developer>Sand Grain Studios</developer>
<publisher>Activision</publisher>
<features_general>Players 1, Dolby Digital</features_general>
<features_online/>
<esrb>T</esrb>
<esrb_descriptors>Blood, Violence</esrb_descriptors>
<genre>Action, Sports, Hunting Simulation</genre>
<release_date>26 Aug 2003</release_date>
<rating>6.5</rating>
<platform>PlayStation 2, Xbox</platform>
<exclusive>No</exclusive>
<titleid>41560030</titleid>
<overview>Keep your eyes peeled and your trigger finger ready as you never know when a "Monster Trophy Buck" will cross your path. In Cabela's Deer Hunt: 2004 Season, you will hunt in nine different deer species using over authentic firearms, gear, and more than 90 unique rackKeep your eyes peeled and your trigger finger ready as you never know when a "Monster Trophy Buck" will cross your path. In Cabela's Deer Hunt: 2004 Season, you will hunt in nine different deer species using over authentic firearms, gear, and more than 90 unique rack configurations. Get ready to travel to exotic locations via ATV, boat, snowmobile, and truck. With advanced animal AI and true-to-life habits, these deer will have your heart pounding and your palms sweating with intense hunting action.</overview>
</synopsis>
