<synopsis>
<title>Darkwatch</title>
<developer>High Moon Studios</developer>
<publisher>Capcom</publisher>
<features_general>Single-player, Multiplayer, Dolby 5.1 Surround</features_general>
<features_online>Online</features_online>
<esrb>M</esrb>
<esrb_descriptors>Blood and Gore, Intense Violence, Language, Sexual Themes</esrb_descriptors>
<genre>Action, Shooter, First-Person, Fantasy </genre>
<release_date>16 Aug 2005</release_date>
<rating>7.5</rating>
<platform>PlayStation 2, Xbox</platform>
<exclusive>No</exclusive>
<titleid>43430016</titleid>
<overview>Darkwatch: Curse of the West blends vampire horror with western genres. Darkwatch is a secret strike-force that has a protected man from evil since the dawn of civilization. You play its newest and deadliest agent, Jericho Cross, an outlaw gunslinger hunting the vampire that bit him. Blast your way through an American frontier overrun by the undead using your arsenal of powerful assault vehicles, enhanced versions of Western weapons, supernatural vampire abilities, and your trusty undead horse. In this frightening version of the Wild West, you're never safe.</overview>
</synopsis>
