<synopsis>
<title>Monster Garage</title>
<developer>Impulse Games</developer>
<publisher>Activision</publisher>
<features_general>Single-player, Multiplayer, 480p, Dolby 5.1 Surround</features_general>
<features_online>Scoreboard or DLC</features_online>
<esrb>T</esrb>
<esrb_descriptors>Drug and Alcohol Reference, Language, Mild Violence, Partial Nudity</esrb_descriptors>
<genre>Driving, General </genre>
<release_date>03 Nov 2004</release_date>
<rating>3.8</rating>
<platform>Xbox</platform>
<exclusive>Yes</exclusive>
<titleid/>
<overview>Mold a standard vehicle into the monster car of your dreams. With only $3,000 and seven days, you'll be working overtime in the Monster Garage to get the job done in time and on budget. Based on the TV series on the Discovery Channel, you'll need to plan your monster machine carefully, order parts or create the parts needed and start wrenching away, just like Jesse James and his monster team of experts. Turn a limo into a fire truck or an SUV into a rock crawler. When you have completed your mission--test it against its real-world equivalent. Do you have the skills to take a run-of-the-mill street ride and turn it into an awesome miracle of modern engineering and ingenuity? </overview>
</synopsis>
