<synopsis>
<title>Innocent Tears [J]</title>
<developer>Kobi</developer>
<publisher>Global A</publisher>
<features_general/>
<features_online/>
<esrb>Not Rated by ESRB</esrb>
<esrb_descriptors>None</esrb_descriptors>
<genre>Third-person, RPG</genre>
<release_date>Unreleased</release_date>
<rating>Not Rated</rating>
<platform>Xbox</platform>
<exclusive/>
<titleid/>
<overview>The events of "Innocent Tears" take place in the 22nd century. In this post-apocalyptic world, Earth has turned into an battle arena on which two powerful races, the Angels and the Fallen Angels, fight each other, deciding the destiny of humans and the world. You take control of the leader of Fallen Angels, and fight to protect the human race from the manipulations of the Angels. The game is an animé-style strategy RPG. It consist mainly of large strategic battles, during which you navigate your characters on a battle field and perform various attacks. You can command a large party and customize each character in a RPG fashion. The game features hand-drawn animé cut-scenes and fully 3D battles.</overview>
</synopsis>
