<synopsis>
<title>King of Fighters 2002/2003</title>
<developer>Eolith</developer>
<publisher>Eolith</publisher>
<features_general>Single-player, Multiplayer, 480p, Dolby 5.1 Surround</features_general>
<features_online>Online</features_online>
<esrb>Not Rated by ESRB</esrb>
<esrb_descriptors>None</esrb_descriptors>
<genre>Action, Fighting, 2D</genre>
<release_date>2002</release_date>
<rating>7.6</rating>
<platform>PlayStation 2, Xbox</platform>
<exclusive>No</exclusive>
<titleid/>
<overview>The eighth and ninth installments in the King of Fighters franchise make their ways to the PlayStation 2 in this double-pack collection of 2D fighting. This collection includes all of the great fighting teams, such as the Fatal Fury team and the Women Fighters team, comprising 39 characters from the King of Fighters series. Unleash special moves, superspecial moves, and combos in a variety of levels, and unlock more levels and bonus characters as you progress.</overview>
</synopsis>
