<synopsis>
<sourcename>FIFA 2004-MB</sourcename>
<foldername>FIFA 2004</foldername>
<title>FIFA Soccer 2004</title>
<developer>EA Canada</developer>
<publisher>EA Games</publisher>
<features_general>Players 1-4, 480p, Dolby Digital</features_general>
<features_online/>
<esrb>E</esrb>
<esrb_descriptors>No Descriptors</esrb_descriptors>
<genre>Sports, Soccer</genre>
<release_date>04 Nov 2003</release_date>
<rating>8.2</rating>
<platform>GameCube, Online, Windows PC, PlayStation 2, PlayStation, Xbox</platform>
<exclusive>No</exclusive>
<titleid>4541003B</titleid>
<overview>FIFA Soccer kicks its game up a few notches with new installment, FIFA Soccer 2004. This year's action features more advanced levels of player detail and responsiveness. Play as one of the best players from 16 leagues and 350 teams, from Europe's super leagues to the Americas. Plus, a new Career Mode gives you the chance to take a team from the lower divisions, battle through ranks, sign new players, and turn them into champions. With immersive atmospheres, total realism with the world's premier clubs, and improved gameplay, FIFA Soccer 2004 looks to reach the goals of soccer fans.</overview>
</synopsis>
