<synopsis>
<title>Malice</title>
<developer>Argonaut Games</developer>
<publisher>Mud Duck Games</publisher>
<features_general>Single-player, 480p, Dolby 5.1 Surround</features_general>
<features_online/>
<esrb>T</esrb>
<esrb_descriptors>Comic Mischief, Suggestive Themes, Violence</esrb_descriptors>
<genre>Action, Platformer, 3D</genre>
<release_date>02 Jun 2004</release_date>
<rating>4.8</rating>
<platform>PlayStation 2, Xbox</platform>
<exclusive>No</exclusive>
<titleid/>
<overview>Fallen demigoddess Malice has to regain her skills and powers and save the universe, all while exacting her revenge on the head-eating Dog God. It won't be easy--the Dog God's Crow Armies constantly try to beat you back to see Death. Plus, you'll have to get past the Dog God's seven lieutenants before you get to confront the terrible monster himself. Your journey takes you through 29 levels filled with dangerous opponents, bizarre challenges, and powerful weapons and magic.</overview>
</synopsis>
