<synopsis>
<sourcename>Madden 2002-B</sourcename>
<foldername>Madden 2002</foldername>
<title>Madden NFL 2002</title>
<developer>EA Tiburon</developer>
<publisher>EA Sports</publisher>
<features_general>Players 1-4, Dolby Digital</features_general>
<features_online/>
<esrb>E</esrb>
<esrb_descriptors>No Descriptors</esrb_descriptors>
<genre>Sports, Traditional, Football, Sim</genre>
<release_date>29 Oct 2001</release_date>
<rating>9</rating>
<platform>GBA, GameCube, Windows PC, PlayStation 2, PlayStation/PS one, Xbox</platform>
<exclusive>No</exclusive>
<titleid>45410001</titleid>
<overview>Madden NFL™ 2002 delivers unparalleled heart-felt emotion and hard-hitting NFL action. Taking you beyond broadcast, and on to the field, Madden NFL 2002 puts the NFL at your fingertips in Exhibition, Season, Playoff, Two-Minute Drill, Tournament or Franchise mode. Completely remodeled player models and facial textures put life in the helmets. From the pre-game introductions with players getting hype in front of the cameras, to one of the 31 Officially licensed members of the NFL Coaches Club displaying disgust after an unexecuted play, Madden NFL 2002 is an emotional roller coaster of dramatic gameplay filled with the passionate imagery of the NFL.</overview>
</synopsis>
