<synopsis>
<title>Mike Tyson Heavyweight Boxing</title>
<developer>Atomic Planet</developer>
<publisher>Codemasters</publisher>
<features_general>Single-player, Multiplayer</features_general>
<features_online/>
<esrb>T</esrb>
<esrb_descriptors>Blood, Suggestive Themes, Violence</esrb_descriptors>
<genre>Sport, Boxing</genre>
<release_date>16 Jul 2002</release_date>
<rating>3.7</rating>
<platform>PlayStation 2, Xbox</platform>
<exclusive>No</exclusive>
<titleid/>
<overview>Mike Tyson Boxing proves that one of history's oldest sports is also one of its bloodiest. The game allows boxers to deliver intense pain to their opponents with 600 brutal power punches, illegal moves, signature blows, and combos. As one of the game's professional pugilists, or your own customized fighter, you'll work your way through the bronze and silver ranks for a one-on-one meeting with Mike Tyson. Bring the big fight home in such venues as Carnival City, Ceasars Palace, and Wembley Arena.</overview>
</synopsis>
