<synopsis>
<title>Fight Night 2004</title>
<developer>EA Sports</developer>
<publisher>EA Sports</publisher>
<features_general>Single-player, Multiplayer, 480p, Dolby 5.1 Surround</features_general>
<features_online/>
<esrb>T</esrb>
<esrb_descriptors>Blood, Mild Lyrics, Violence</esrb_descriptors>
<genre>Sports, Traditional, Boxing</genre>
<release_date>05 Apr 2004</release_date>
<rating>8.5</rating>
<platform>PlayStation 2, Xbox</platform>
<exclusive>No</exclusive>
<titleid/>
<overview>EA Sports returns to the boxing ring with Fight Night 2004. Built to deliver all the drama and pageantry of a heavyweight title bout, Fight Night 2004 features real fighters with authentic moves. With Total Punch Control, the analog sticks become intuitive extensions of your fists, giving you more control over punches, blocks, and dodges. Create your own fighter in Career mode, customize your ring entrance, and then work your way from amateur to undisputed champion.</overview>
</synopsis>
