<synopsis>
<title>007: NightFire</title>
<developer>Eurocom</developer>
<publisher>EA Games</publisher>
<features_general>Single-player, Multiplayer, 480p, 16:9, Dolby 5.1 Surround</features_general>
<features_online/>
<esrb>T</esrb>
<esrb_descriptors>Suggestive Themes, Violence</esrb_descriptors>
<genre>Action, Shooter, First-Person</genre>
<release_date>18 Nov 2002</release_date>
<rating>7.8</rating>
<platform>GameCube, PlayStation 2, Xbox</platform>
<exclusive>No</exclusive>
<titleid/>
<overview>The ultimate secret agent is back in his most dangerous adventure yet in James Bond 007: NightFire. Explore new heights and depths like never before--infiltrate towering skyscrapers, take on treacherous underwater missions, and maneuver your sleek Aston Martin V12 Vanquish through the streets of Tokyo. New state-of-the-art upgradeable gadgets and weapons and original missions--including zero-gravity assignments--will leave you shaken and stirred.</overview>
</synopsis>
