<synopsis>
<sourcename>Fireblade-T</sourcename>
<foldername>Fireblade</foldername>
<title>FireBlade</title>
<developer>Kuju Entertainment</developer>
<publisher>Midway Games</publisher>
<features_general>Players 1</features_general>
<features_online/>
<esrb>T</esrb>
<esrb_descriptors>Blood and Gore, Violence</esrb_descriptors>
<genre>Action, Shooter, Third-Person, Sci-Fi</genre>
<release_date>17 Nov 2002</release_date>
<rating>7.1</rating>
<platform>GameCube, PlayStation 2, Xbox</platform>
<exclusive>No</exclusive>
<titleid>4D570012</titleid>
<overview>Your goal in Fireblade is to annihilate terrorists around the globe. At the helm of the Carrier chopper or the Vendetta attack copter, you'll battle through 18 missions in four campaigns. Transport and rescue missions take you to a variety of lush environments, including the Swiss Alps, Arizona Desert, Amazon Jungle, and the Arctic Circle. Unleash an array of deadly weapons--including swarm missiles, sniper cannons, and laser-guided homing missiles--or disable alarms to remain undetected.</overview>
</synopsis>
