<synopsis>
<foldername>Asteroids</foldername>
<title>Asteroids</title>
<developer>Unknown</developer>
<publisher>Homebrew</publisher>
<features_general>Single-player</features_general>
<features_online>None</features_online>
<esrb>Not Rated</esrb>
<esrb_descriptors>Not Rated</esrb_descriptors>
<genre>Shooter</genre>
<release_date>Mid 2000's</release_date>
<rating>5.0</rating>
<platform>Xbox, Arcade, Atari 2600, Atari 7800, Atari 8-bit</platform>
<exclusive>No</exclusive>
<titleid>0</titleid>
<overview>Remember the good old days of arcade games? This great remake of the classic Asteroids arcade game will take you back there instantly. You are a ship represented by the letter "A" (how old school is that?) and you must destroy as many asteroids as you can while avoiding enemy ships and of course the asteroids themselves. One good shot and you're toast so watch your back. Your ship has some really cool physics that take into account thrust, direction and speed. Pressing the forward arrow speeds your ship up and pressing left or right will turn you counter-clockwise or clockwise in a 360 degree rotation. This allows for some quick manuevering when trying to avoid asteroids or dodge enemy ship fire.</overview>
</synopsis>
